Date,Adj Close,Close,High,Low,Open,Volume
1986-08-13,0.2,0.21,0.22,0.21,0.21,18899200
1986-08-14,0.21,0.22,0.23,0.22,0.22,4160000
1986-08-15,0.21,0.22,0.22,0.22,0.22,4332800
1986-08-18,0.2,0.21,0.22,0.21,0.22,2828800
1986-08-19,0.2,0.21,0.22,0.21,0.21,2060800
1986-08-20,0.2,0.21,0.23,0.21,0.21,684800
1986-08-21,0.21,0.22,0.23,0.22,0.22,883200
1986-08-22,0.21,0.22,0.23,0.22,0.22,1734400
1986-08-25,0.2,0.21,0.22,0.21,0.22,627200
1986-08-26,0.2,0.21,0.22,0.21,0.21,793600
1986-08-27,0.2,0.21,0.22,0.21,0.21,2540800
1986-08-28,0.19,0.21,0.22,0.21,0.21,1555200
1986-08-29,0.19,0.21,0.22,0.21,0.21,1548800
1986-09-02,0.21,0.22,0.23,0.22,0.22,1068800
1986-09-03,0.21,0.22,0.23,0.22,0.22,403200
1986-09-04,0.23,0.25,0.26,0.25,0.25,1804800
1986-09-05,0.23,0.25,0.26,0.25,0.25,2137600
1986-09-08,0.23,0.24,0.25,0.24,0.25,492800
1986-09-09,0.23,0.25,0.26,0.25,0.25,499200
1986-09-10,0.25,0.26,0.27,0.26,0.26,934400
1986-09-11,0.22,0.23,0.24,0.23,0.24,1798400
1986-09-12,0.22,0.23,0.24,0.23,0.23,1286400
1986-09-15,0.24,0.26,0.27,0.26,0.26,998400
1986-09-16,0.25,0.27,0.28,0.27,0.27,1254400
1986-09-17,0.27,0.29,0.3,0.29,0.29,1356800
1986-09-18,0.27,0.29,0.3,0.29,0.29,352000
1986-09-19,0.27,0.29,0.3,0.29,0.29,1024000
1986-09-22,0.26,0.28,0.29,0.28,0.29,780800
1986-09-23,0.25,0.27,0.28,0.27,0.28,1798400
1986-09-24,0.26,0.27,0.29,0.27,0.27,1312000
1986-09-25,0.25,0.27,0.28,0.27,0.27,1657600
1986-09-26,0.25,0.27,0.28,0.27,0.27,768000
1986-09-29,0.25,0.27,0.28,0.27,0.27,473600
1986-09-30,0.25,0.27,0.29,0.27,0.27,192000
1986-10-01,0.25,0.27,0.29,0.27,0.27,371200
1986-10-02,0.25,0.27,0.29,0.27,0.27,224000
1986-10-03,0.25,0.27,0.28,0.27,0.27,44800
1986-10-06,0.26,0.27,0.29,0.27,0.27,128000
1986-10-07,0.26,0.27,0.29,0.27,0.27,198400
1986-10-08,0.26,0.27,0.29,0.27,0.27,204800
1986-10-09,0.26,0.27,0.29,0.27,0.27,793600
1986-10-10,0.26,0.27,0.29,0.27,0.27,224000
1986-10-13,0.26,0.28,0.29,0.28,0.28,454400
1986-10-14,0.26,0.28,0.29,0.28,0.28,480000
1986-10-15,0.26,0.28,0.29,0.28,0.28,352000
1986-10-16,0.26,0.28,0.29,0.28,0.28,352000
1986-10-17,0.26,0.28,0.29,0.28,0.28,83200
1986-10-20,0.26,0.28,0.29,0.28,0.28,44800
1986-10-21,0.27,0.29,0.29,0.29,0.29,326400
1986-10-22,0.27,0.29,0.3,0.29,0.29,1100800
1986-10-23,0.28,0.29,0.3,0.29,0.29,742400
1986-10-24,0.3,0.32,0.32,0.32,0.32,1651200
1986-10-27,0.3,0.32,0.33,0.32,0.32,729600
1986-10-28,0.3,0.32,0.33,0.32,0.32,1804800
1986-10-29,0.33,0.35,0.36,0.35,0.35,11667200
1986-10-30,0.35,0.37,0.38,0.37,0.37,2150400
1986-10-31,0.34,0.37,0.37,0.37,0.37,1990400
1986-11-03,0.33,0.35,0.36,0.35,0.36,1388800
1986-11-04,0.32,0.34,0.35,0.34,0.35,2003200
1986-11-05,0.32,0.34,0.35,0.34,0.34,1094400
1986-11-06,0.33,0.35,0.36,0.35,0.35,2329600
1986-11-07,0.33,0.35,0.36,0.35,0.35,1094400
1986-11-10,0.34,0.36,0.37,0.36,0.36,2528000
1986-11-11,0.34,0.36,0.36,0.36,0.36,876800
1986-11-12,0.34,0.36,0.37,0.36,0.36,441600
1986-11-13,0.33,0.36,0.36,0.36,0.36,550400
1986-11-14,0.34,0.36,0.37,0.36,0.36,448000
1986-11-17,0.33,0.36,0.36,0.36,0.36,684800
1986-11-18,0.33,0.35,0.36,0.35,0.36,1062400
1986-11-19,0.33,0.35,0.36,0.35,0.35,364800
1986-11-20,0.33,0.35,0.36,0.35,0.35,454400
1986-11-21,0.33,0.35,0.36,0.35,0.35,89600
1986-11-24,0.33,0.35,0.36,0.35,0.35,256000
1986-11-25,0.33,0.35,0.36,0.35,0.35,518400
1986-11-26,0.35,0.37,0.38,0.37,0.37,1664000
1986-11-28,0.36,0.38,0.39,0.38,0.38,518400
1986-12-01,0.36,0.38,0.39,0.38,0.38,684800
1986-12-02,0.36,0.39,0.39,0.39,0.39,908800
1986-12-03,0.36,0.38,0.39,0.38,0.39,422400
1986-12-04,0.36,0.39,0.39,0.39,0.39,1484800
1986-12-05,0.37,0.39,0.4,0.39,0.39,1632000
1986-12-08,0.39,0.41,0.42,0.41,0.41,2720000
1986-12-09,0.37,0.4,0.41,0.4,0.41,4563200
1986-12-10,0.37,0.4,0.41,0.4,0.4,3193600
1986-12-11,0.35,0.37,0.38,0.37,0.38,7334400
1986-12-12,0.35,0.38,0.39,0.38,0.38,492800
1986-12-15,0.35,0.37,0.38,0.37,0.38,281600
1986-12-16,0.34,0.37,0.37,0.37,0.37,4204800
1986-12-17,0.34,0.36,0.37,0.36,0.37,3116800
1986-12-18,0.34,0.37,0.37,0.37,0.37,966400
1986-12-19,0.34,0.37,0.38,0.37,0.37,620800
1986-12-22,0.34,0.37,0.38,0.37,0.37,1798400
1986-12-23,0.36,0.38,0.39,0.38,0.38,3718400
1986-12-24,0.37,0.39,0.4,0.39,0.39,1536000
1986-12-26,0.37,0.4,0.41,0.4,0.4,64000
1986-12-29,0.36,0.39,0.39,0.39,0.39,2348800
1986-12-30,0.37,0.39,0.4,0.39,0.39,544000
1986-12-31,0.37,0.4,0.41,0.4,0.4,3520000
1987-01-02,0.38,0.41,0.41,0.41,0.41,665600
1987-01-05,0.39,0.42,0.43,0.42,0.42,742400
1987-01-06,0.4,0.42,0.43,0.42,0.42,3104000
1987-01-07,0.4,0.43,0.43,0.43,0.43,2368000
1987-01-08,0.41,0.44,0.45,0.44,0.44,2035200
1987-01-09,0.41,0.44,0.45,0.44,0.44,1913600
1987-01-12,0.43,0.46,0.47,0.46,0.46,3257600
1987-01-13,0.44,0.47,0.48,0.47,0.47,2272000
1987-01-14,0.45,0.48,0.48,0.48,0.48,2547200
1987-01-15,0.45,0.48,0.49,0.48,0.48,4601600
1987-01-16,0.46,0.49,0.5,0.49,0.49,5056000
1987-01-19,0.48,0.51,0.52,0.51,0.51,7520000
1987-01-20,0.51,0.54,0.55,0.54,0.54,7116800
1987-01-21,0.51,0.54,0.55,0.54,0.54,2003200
1987-01-22,0.5,0.53,0.55,0.53,0.54,2419200
1987-01-23,0.54,0.57,0.58,0.57,0.57,5996800
1987-01-26,0.52,0.55,0.57,0.55,0.57,3968000
1987-01-27,0.53,0.56,0.57,0.56,0.56,1504000
1987-01-28,0.53,0.56,0.57,0.56,0.56,537600
1987-01-29,0.51,0.54,0.55,0.54,0.55,1036800
1987-01-30,0.5,0.53,0.54,0.53,0.54,1440000
1987-02-02,0.51,0.54,0.54,0.54,0.54,1280000
1987-02-03,0.52,0.55,0.56,0.54,0.54,8358400
1987-02-04,0.53,0.56,0.56,0.55,0.55,4492800
1987-02-05,0.54,0.58,0.58,0.56,0.56,4064000
1987-02-06,0.54,0.58,0.58,0.57,0.58,2355200
1987-02-09,0.54,0.58,0.59,0.58,0.58,2316800
1987-02-10,0.55,0.59,0.59,0.58,0.58,2560000
1987-02-11,0.59,0.63,0.63,0.58,0.59,4825600
1987-02-12,0.63,0.67,0.67,0.64,0.64,3750400
1987-02-13,0.66,0.7,0.7,0.66,0.67,2406400
1987-02-17,0.67,0.71,0.71,0.7,0.7,2086400
1987-02-18,0.67,0.72,0.73,0.7,0.71,2284800
1987-02-19,0.65,0.69,0.73,0.67,0.72,3436800
1987-02-20,0.59,0.63,0.69,0.62,0.69,9414400
1987-02-23,0.61,0.65,0.66,0.62,0.63,7590400
1987-02-24,0.65,0.69,0.7,0.66,0.66,4128000
1987-02-25,0.65,0.7,0.71,0.69,0.69,3987200
1987-02-26,0.65,0.7,0.71,0.7,0.7,1881600
1987-02-27,0.67,0.71,0.71,0.7,0.7,352000
1987-03-02,0.67,0.71,0.71,0.7,0.71,3379200
1987-03-03,0.75,0.8,0.8,0.71,0.71,19110400
1987-03-04,0.81,0.86,0.88,0.83,0.83,10380800
1987-03-05,0.81,0.87,0.91,0.85,0.86,9196800
1987-03-06,0.81,0.86,0.88,0.86,0.87,915200
1987-03-09,0.83,0.88,0.88,0.86,0.86,2707200
1987-03-10,0.84,0.89,0.89,0.86,0.88,2009600
1987-03-11,0.87,0.93,0.93,0.88,0.89,18003200
1987-03-12,0.9,0.96,0.98,0.92,0.92,13001600
1987-03-13,0.98,1.05,1.05,0.88,0.96,12985600
1987-03-16,1.03,1.09,1.1,1.04,1.05,10867200
1987-03-17,0.98,1.05,1.11,0.98,1.09,12432000
1987-03-18,0.94,1.0,1.06,1.0,1.05,15830400
1987-03-19,0.95,1.02,1.03,1.01,1.01,9203200
1987-03-20,0.92,0.98,1.03,0.97,1.02,3155200
1987-03-23,0.84,0.89,1.02,0.88,0.98,4195200
1987-03-24,0.87,0.92,0.94,0.89,0.89,6064000
1987-03-25,0.88,0.94,0.97,0.91,0.92,3779200
1987-03-26,0.94,1.0,1.02,0.96,0.96,4828800
1987-03-27,0.97,1.03,1.05,0.99,1.0,3683200
1987-03-30,0.92,0.98,1.03,0.95,1.03,4614400
1987-03-31,1.01,1.08,1.1,1.0,1.0,6038400
1987-04-01,1.06,1.12,1.18,1.0,1.08,7161600
1987-04-02,1.17,1.25,1.28,1.17,1.17,12108800
1987-04-03,1.16,1.23,1.29,1.23,1.25,14505600
1987-04-06,1.23,1.3,1.33,1.25,1.25,9660800
1987-04-07,1.24,1.32,1.37,1.31,1.31,6822400
1987-04-08,1.24,1.32,1.34,1.3,1.32,2486400
1987-04-09,1.18,1.26,1.34,1.23,1.32,3577600
1987-04-10,1.16,1.23,1.27,1.23,1.26,3724800
1987-04-13,1.14,1.22,1.25,1.19,1.23,1363200
1987-04-14,1.06,1.12,1.19,1.11,1.19,5552000
1987-04-15,1.09,1.16,1.16,1.09,1.12,4128000
1987-04-16,1.19,1.27,1.34,1.16,1.16,7075200
1987-04-20,1.13,1.2,1.28,1.2,1.27,1107200
1987-04-21,1.19,1.27,1.27,1.2,1.2,1648000
1987-04-22,1.23,1.31,1.31,1.27,1.27,2880000
1987-04-23,1.22,1.3,1.31,1.3,1.31,1024000
1987-04-24,1.22,1.3,1.31,1.27,1.3,748800
1987-04-27,1.22,1.3,1.31,1.27,1.3,3913600
1987-04-28,1.34,1.43,1.45,1.3,1.3,13129600
1987-04-29,1.42,1.52,1.55,1.45,1.45,4294400
1987-04-30,1.42,1.52,1.56,1.51,1.52,7305600
1987-05-01,1.43,1.52,1.53,1.5,1.52,5907200
1987-05-04,1.42,1.51,1.53,1.5,1.52,1094400
1987-05-05,1.58,1.69,1.69,1.5,1.51,5740800
1987-05-06,1.56,1.66,1.75,1.66,1.69,3500800
1987-05-07,1.58,1.69,1.7,1.66,1.66,2294400
1987-05-08,1.58,1.69,1.72,1.67,1.69,1081600
1987-05-11,1.55,1.65,1.72,1.64,1.69,2195200
1987-05-12,1.51,1.61,1.67,1.6,1.65,2736000
1987-05-13,1.54,1.64,1.68,1.62,1.62,2979200
1987-05-14,1.56,1.66,1.67,1.65,1.65,1376000
1987-05-15,1.5,1.59,1.67,1.59,1.66,1699200
1987-05-18,1.5,1.59,1.61,1.45,1.59,7731200
1987-05-19,1.38,1.47,1.59,1.47,1.59,2598400
1987-05-20,1.39,1.48,1.5,1.42,1.47,2400000
1987-05-21,1.42,1.52,1.53,1.48,1.48,4025600
1987-05-22,1.42,1.52,1.55,1.48,1.52,1795200
1987-05-26,1.42,1.51,1.53,1.51,1.52,678400
1987-05-27,1.42,1.51,1.53,1.5,1.51,2249600
1987-05-28,1.42,1.51,1.53,1.47,1.51,2275200
1987-05-29,1.41,1.5,1.52,1.49,1.51,4432000
1987-06-01,1.39,1.48,1.52,1.48,1.5,931200
1987-06-02,1.39,1.48,1.54,1.48,1.48,1142400
1987-06-03,1.31,1.39,1.5,1.39,1.48,3289600
1987-06-04,1.25,1.33,1.42,1.25,1.39,5968000
1987-06-05,1.17,1.25,1.34,1.21,1.33,11216000
1987-06-08,1.01,1.08,1.19,1.03,1.19,13366400
1987-06-09,1.12,1.2,1.21,1.12,1.12,17593600
1987-06-10,1.07,1.14,1.23,1.09,1.2,9334400
1987-06-11,0.97,1.03,1.16,1.03,1.14,15100800
1987-06-12,0.99,1.05,1.11,0.98,1.03,21081600
1987-06-15,0.92,0.98,1.06,0.88,1.05,15987200
1987-06-16,1.07,1.14,1.14,0.99,0.99,17817600
1987-06-17,1.11,1.19,1.22,1.14,1.14,12185600
1987-06-18,1.1,1.17,1.19,1.12,1.19,4102400
1987-06-19,1.09,1.16,1.19,1.14,1.17,2713600
1987-06-22,1.09,1.16,1.19,1.16,1.16,905600
1987-06-23,1.09,1.16,1.19,1.16,1.16,2617600
1987-06-24,1.07,1.14,1.17,1.14,1.16,2732800
1987-06-25,0.99,1.06,1.17,1.05,1.14,2937600
1987-06-26,1.06,1.12,1.12,1.01,1.06,3638400
1987-06-29,1.03,1.09,1.12,1.09,1.12,1744000
1987-06-30,1.02,1.09,1.12,1.09,1.09,3459200
1987-07-01,1.03,1.09,1.11,1.07,1.09,1020800
1987-07-02,1.04,1.11,1.11,1.06,1.09,1120000
1987-07-06,0.98,1.05,1.11,1.05,1.11,2192000
1987-07-07,0.89,0.95,1.06,0.94,1.05,6492800
1987-07-08,0.98,1.05,1.07,0.94,0.95,5427200
1987-07-09,1.01,1.08,1.09,1.02,1.05,4000000
1987-07-10,0.98,1.04,1.11,1.04,1.08,3449600
1987-07-13,0.95,1.02,1.05,0.98,1.04,5945600
1987-07-14,1.06,1.12,1.16,1.03,1.03,6492800
1987-07-15,1.01,1.08,1.11,1.06,1.11,7180800
1987-07-16,0.98,1.05,1.07,1.03,1.07,4828800
1987-07-17,0.98,1.05,1.08,1.05,1.05,1328000
1987-07-20,0.97,1.03,1.06,1.02,1.05,822400
1987-07-21,0.98,1.04,1.05,1.02,1.03,3161600
1987-07-22,0.95,1.02,1.04,1.02,1.04,1680000
1987-07-23,0.93,0.99,1.03,0.96,1.02,4620800
1987-07-24,0.95,1.01,1.02,0.98,0.99,1312000
1987-07-27,1.02,1.09,1.09,1.01,1.01,2185600
1987-07-28,0.98,1.04,1.09,1.03,1.09,1267200
1987-07-29,0.94,1.0,1.06,0.97,1.04,4390400
1987-07-30,0.96,1.02,1.02,0.97,1.0,3257600
1987-07-31,0.97,1.03,1.05,1.0,1.02,6019200
1987-08-03,0.94,1.0,1.05,1.0,1.03,1561600
1987-08-04,0.93,0.99,1.0,0.94,1.0,3472000
1987-08-05,0.95,1.02,1.02,0.97,0.99,6953600
1987-08-06,1.0,1.06,1.09,0.99,1.02,9267200
1987-08-07,1.07,1.14,1.14,1.09,1.09,13011200
1987-08-10,1.09,1.16,1.19,1.12,1.14,2016000
1987-08-11,1.14,1.21,1.23,1.16,1.16,5430400
1987-08-12,1.09,1.16,1.22,1.16,1.21,3040000
1987-08-13,1.09,1.16,1.19,1.16,1.16,3945600
1987-08-14,1.06,1.13,1.18,1.12,1.16,1945600
1987-08-17,1.09,1.16,1.16,1.12,1.13,48000
1987-08-18,1.03,1.09,1.16,1.06,1.16,2425600
1987-08-19,1.03,1.1,1.11,1.06,1.09,4595200
1987-08-20,1.09,1.16,1.16,1.11,1.11,2064000
1987-08-21,1.05,1.12,1.16,1.12,1.16,454400
1987-08-24,1.03,1.1,1.14,1.09,1.12,1932800
1987-08-25,1.09,1.16,1.17,1.09,1.1,4352000
1987-08-26,1.04,1.11,1.17,1.11,1.16,1897600
1987-08-27,1.04,1.11,1.12,1.09,1.11,3030400
1987-08-28,0.99,1.05,1.1,1.04,1.1,3494400
1987-08-31,0.95,1.01,1.05,0.99,1.05,5763200
1987-09-01,0.98,1.05,1.09,0.99,1.01,4880000
1987-09-02,0.98,1.04,1.06,1.02,1.05,2054400
1987-09-03,0.98,1.05,1.06,1.05,1.05,2089600
1987-09-04,0.99,1.05,1.08,1.05,1.05,2588800
1987-09-08,0.95,1.02,1.06,1.0,1.05,3609600
1987-09-09,0.98,1.05,1.08,1.02,1.02,1328000
1987-09-10,1.07,1.14,1.14,1.05,1.05,4070400
1987-09-11,1.06,1.12,1.17,1.12,1.14,3440000
1987-09-14,1.03,1.1,1.15,1.1,1.12,2768000
1987-09-15,1.0,1.07,1.11,1.05,1.1,2006400
1987-09-16,1.02,1.09,1.11,1.06,1.07,3628800
1987-09-17,1.1,1.17,1.2,1.08,1.09,8064000
1987-09-18,1.11,1.19,1.22,1.17,1.17,6044800
1987-09-21,1.07,1.14,1.16,1.1,1.16,4339200
1987-09-22,1.09,1.16,1.17,1.11,1.14,1411200
1987-09-23,1.09,1.16,1.18,1.14,1.16,1123200
1987-09-24,1.09,1.16,1.16,1.14,1.16,342400
1987-09-25,1.11,1.19,1.19,1.14,1.16,1168000
1987-09-28,1.15,1.23,1.23,1.17,1.19,6729600
1987-09-29,1.17,1.24,1.24,1.22,1.23,4099200
1987-09-30,1.13,1.2,1.24,1.19,1.24,2524800
1987-10-01,1.19,1.27,1.28,1.19,1.2,4857600
1987-10-02,1.31,1.39,1.41,1.25,1.27,9689600
1987-10-05,1.32,1.41,1.42,1.37,1.39,3977600
1987-10-06,1.25,1.34,1.42,1.33,1.41,5289600
1987-10-07,1.2,1.28,1.36,1.27,1.34,3347200
1987-10-08,1.14,1.22,1.28,1.22,1.28,3385600
1987-10-09,1.14,1.22,1.27,1.22,1.22,2185600
1987-10-12,1.12,1.2,1.27,1.14,1.22,3462400
1987-10-13,1.12,1.2,1.24,1.19,1.2,2374400
1987-10-14,1.14,1.22,1.23,1.2,1.2,1062400
1987-10-15,1.16,1.23,1.28,1.19,1.22,3385600
1987-10-16,1.11,1.19,1.25,1.12,1.23,7404800
1987-10-19,0.88,0.94,1.16,0.94,1.16,7331200
1987-10-20,0.78,0.83,0.94,0.7,0.94,8611200
1987-10-21,0.83,0.88,0.94,0.88,0.88,10083200
1987-10-22,0.73,0.78,0.86,0.76,0.86,5942400
1987-10-23,0.63,0.67,0.77,0.64,0.77,4265600
1987-10-26,0.48,0.52,0.64,0.5,0.64,3868800
1987-10-27,0.43,0.46,0.59,0.44,0.52,7616000
1987-10-28,0.43,0.46,0.53,0.41,0.46,6966400
1987-10-29,0.57,0.61,0.64,0.45,0.46,9286400
1987-10-30,0.66,0.7,0.79,0.7,0.7,13737600
1987-11-02,0.73,0.78,0.78,0.69,0.7,5712000
1987-11-03,0.69,0.73,0.78,0.7,0.78,7952000
1987-11-04,0.69,0.73,0.78,0.7,0.73,5254400
1987-11-05,0.7,0.75,0.78,0.74,0.74,3091200
1987-11-06,0.65,0.7,0.76,0.69,0.75,3484800
1987-11-09,0.67,0.72,0.72,0.64,0.7,3139200
1987-11-10,0.66,0.7,0.7,0.67,0.7,2105600
1987-11-11,0.67,0.72,0.75,0.72,0.72,1843200
1987-11-12,0.73,0.78,0.81,0.74,0.74,2377600
1987-11-13,0.69,0.73,0.78,0.72,0.78,1996800
1987-11-16,0.69,0.73,0.78,0.73,0.73,1408000
1987-11-17,0.67,0.72,0.74,0.69,0.73,1974400
1987-11-18,0.69,0.73,0.73,0.69,0.72,2844800
1987-11-19,0.65,0.7,0.73,0.7,0.73,3043200
1987-11-20,0.65,0.69,0.7,0.66,0.7,4105600
1987-11-23,0.68,0.73,0.75,0.67,0.69,988800
1987-11-24,0.72,0.77,0.8,0.75,0.75,2512000
1987-11-25,0.78,0.83,0.86,0.78,0.78,6156800
1987-11-27,0.76,0.81,0.84,0.8,0.83,1721600
1987-11-30,0.71,0.76,0.8,0.73,0.8,4956800
1987-12-01,0.71,0.76,0.78,0.75,0.76,5785600
1987-12-02,0.73,0.78,0.78,0.75,0.76,1209600
1987-12-03,0.71,0.76,0.8,0.76,0.78,2896000
1987-12-04,0.7,0.75,0.76,0.72,0.76,2896000
1987-12-07,0.69,0.73,0.75,0.73,0.75,2544000
1987-12-08,0.72,0.77,0.78,0.73,0.73,992000
1987-12-09,0.78,0.83,0.83,0.77,0.77,752000
1987-12-10,0.8,0.85,0.88,0.77,0.83,3932800
1987-12-11,0.81,0.86,0.9,0.84,0.85,4665600
1987-12-14,0.87,0.92,0.94,0.85,0.86,3100800
1987-12-15,0.87,0.92,0.93,0.91,0.92,2377600
1987-12-16,0.87,0.92,0.94,0.88,0.92,2080000
1987-12-17,0.83,0.88,0.95,0.88,0.92,2457600
1987-12-18,0.84,0.89,0.91,0.88,0.88,1724800
1987-12-21,0.84,0.9,0.92,0.88,0.89,4441600
1987-12-22,0.82,0.88,0.89,0.84,0.89,5136000
1987-12-23,0.8,0.85,0.88,0.84,0.88,873600
1987-12-24,0.79,0.84,0.87,0.84,0.85,1926400
1987-12-28,0.79,0.84,0.86,0.83,0.84,1616000
1987-12-29,0.81,0.87,0.9,0.84,0.84,4073600
1987-12-30,0.85,0.91,0.92,0.88,0.88,2131200
1987-12-31,0.87,0.92,0.92,0.89,0.91,1430400
1988-01-04,0.87,0.93,0.95,0.91,0.92,1833600
1988-01-05,0.91,0.96,0.98,0.94,0.94,5766400
1988-01-06,0.85,0.91,0.96,0.89,0.96,8137600
1988-01-07,0.85,0.91,0.91,0.84,0.91,4720000
1988-01-08,0.78,0.84,0.91,0.79,0.91,4825600
1988-01-11,0.76,0.81,0.84,0.77,0.84,6640000
1988-01-12,0.84,0.9,0.91,0.77,0.81,11932800
1988-01-13,0.84,0.9,0.91,0.84,0.9,4620800
1988-01-14,0.83,0.88,0.93,0.85,0.9,2630400
1988-01-15,0.87,0.92,0.92,0.88,0.88,9046400
1988-01-18,0.84,0.89,0.91,0.89,0.91,3481600
1988-01-19,0.83,0.88,0.91,0.88,0.89,4950400
1988-01-20,0.73,0.78,0.88,0.75,0.88,8576000
1988-01-21,0.73,0.78,0.8,0.74,0.78,7145600
1988-01-22,0.75,0.8,0.8,0.77,0.78,4380800
1988-01-25,0.78,0.83,0.83,0.78,0.8,1254400
1988-01-26,0.76,0.8,0.82,0.8,0.82,1603200
1988-01-27,0.76,0.8,0.84,0.8,0.8,2723200
1988-01-28,0.77,0.82,0.82,0.8,0.8,256000
1988-01-29,0.78,0.83,0.84,0.81,0.82,2684800
1988-02-01,0.77,0.82,0.84,0.81,0.83,5568000
1988-02-02,0.76,0.81,0.81,0.8,0.81,3139200
1988-02-03,0.72,0.77,0.8,0.75,0.8,6550400
1988-02-04,0.7,0.75,0.77,0.74,0.77,2576000
1988-02-05,0.72,0.76,0.77,0.74,0.75,1993600
1988-02-08,0.7,0.75,0.77,0.73,0.76,4406400
1988-02-09,0.76,0.8,0.8,0.73,0.75,7705600
1988-02-10,0.78,0.83,0.83,0.8,0.8,3580800
1988-02-11,0.75,0.8,0.83,0.78,0.83,2406400
1988-02-12,0.76,0.81,0.81,0.8,0.8,1510400
1988-02-16,0.76,0.81,0.83,0.8,0.81,1734400
1988-02-17,0.76,0.8,0.83,0.8,0.81,2012800
1988-02-18,0.79,0.84,0.86,0.8,0.8,7484800
1988-02-19,0.84,0.89,0.9,0.85,0.85,2499200
1988-02-22,0.86,0.91,0.93,0.87,0.89,2652800
1988-02-23,0.87,0.93,0.94,0.91,0.91,4892800
1988-02-24,0.88,0.94,0.96,0.91,0.93,4835200
1988-02-25,0.89,0.95,0.96,0.94,0.94,5779200
1988-02-26,0.84,0.9,0.95,0.88,0.95,7846400
1988-02-29,0.85,0.91,0.93,0.88,0.9,2236800
1988-03-01,0.88,0.94,0.95,0.92,0.92,3811200
1988-03-02,0.91,0.97,0.99,0.92,0.92,3280000
1988-03-03,0.95,1.01,1.02,0.97,0.98,6262400
1988-03-04,0.94,1.0,1.02,0.97,0.99,2304000
1988-03-07,0.94,1.0,1.01,0.99,1.0,4032000
1988-03-08,0.96,1.02,1.02,0.99,0.99,3785600
1988-03-09,0.97,1.03,1.04,1.01,1.01,2268800
1988-03-10,0.91,0.97,1.04,0.97,1.02,4115200
1988-03-11,0.9,0.96,0.99,0.94,0.97,2396800
1988-03-14,0.94,1.0,1.01,0.96,0.97,1574400
1988-03-15,0.94,1.0,1.0,0.97,1.0,1836800
1988-03-16,0.91,0.97,1.02,0.97,1.0,3513600
1988-03-17,0.87,0.93,1.0,0.91,0.98,5500800
1988-03-18,0.88,0.94,0.95,0.93,0.94,4214400
1988-03-21,0.95,1.02,1.02,0.93,0.95,9932800
1988-03-22,0.98,1.04,1.06,1.02,1.05,6684800
1988-03-23,0.95,1.02,1.02,1.0,1.01,7286400
1988-03-24,0.96,1.02,1.02,0.99,1.01,5923200
1988-03-25,0.92,0.98,1.02,0.98,1.02,4505600
1988-03-28,0.92,0.98,1.0,0.94,0.94,2281600
1988-03-29,0.94,1.0,1.03,0.99,1.03,1500800
1988-03-30,0.92,0.98,0.99,0.95,0.98,1881600
1988-03-31,0.91,0.97,0.97,0.94,0.95,1363200
1988-04-04,0.87,0.93,0.95,0.92,0.93,2521600
1988-04-05,0.88,0.94,0.95,0.93,0.94,2246400
1988-04-06,0.93,0.99,1.02,0.93,0.93,3379200
1988-04-07,0.93,0.99,1.03,0.98,1.03,4393600
1988-04-08,0.98,1.05,1.05,0.99,1.01,3123200
1988-04-11,1.0,1.07,1.09,1.05,1.05,2294400
1988-04-12,1.0,1.07,1.08,1.05,1.06,787200
1988-04-13,0.98,1.04,1.07,1.03,1.06,963200
1988-04-14,0.93,0.99,1.02,0.98,1.01,2291200
1988-04-15,0.97,1.03,1.03,0.95,0.98,4902400
1988-04-18,0.99,1.05,1.05,1.02,1.02,1964800
1988-04-19,0.99,1.06,1.07,1.05,1.05,4579200
1988-04-20,0.98,1.05,1.06,1.04,1.05,1241600
1988-04-21,0.98,1.05,1.07,1.05,1.06,1251200
1988-04-22,1.0,1.06,1.06,1.05,1.06,537600
1988-04-25,1.0,1.07,1.07,1.05,1.05,6214400
1988-04-26,1.03,1.09,1.14,1.06,1.08,5875200
1988-04-27,1.04,1.11,1.12,1.09,1.1,2448000
1988-04-28,1.05,1.12,1.14,1.09,1.12,3827200
1988-04-29,1.03,1.09,1.12,1.09,1.11,3232000
1988-05-02,1.06,1.13,1.13,1.09,1.11,2403200
1988-05-03,1.07,1.14,1.16,1.12,1.13,7027200
1988-05-04,1.08,1.15,1.15,1.13,1.14,3494400
1988-05-05,1.06,1.13,1.16,1.13,1.14,5356800
1988-05-06,1.06,1.13,1.15,1.13,1.13,2499200
1988-05-09,1.03,1.09,1.14,1.09,1.14,1779200
1988-05-10,1.03,1.1,1.12,1.09,1.11,2224000
1988-05-11,1.03,1.09,1.09,1.07,1.09,1926400
1988-05-12,1.01,1.08,1.1,1.07,1.09,1033600
1988-05-13,0.99,1.05,1.09,1.04,1.08,1507200
1988-05-16,1.02,1.09,1.09,1.05,1.05,1436800
1988-05-17,1.0,1.07,1.12,1.07,1.12,822400
1988-05-18,0.98,1.05,1.08,1.04,1.06,4288000
1988-05-19,0.95,1.02,1.03,0.97,1.03,8150400
1988-05-20,0.95,1.01,1.02,1.0,1.02,2105600
1988-05-23,0.94,1.0,1.02,0.98,1.02,4681600
1988-05-24,0.98,1.04,1.05,1.01,1.01,1027200
1988-05-25,0.96,1.02,1.04,1.02,1.02,4409600
1988-05-26,1.0,1.06,1.06,1.02,1.02,3904000
1988-05-27,0.99,1.05,1.06,1.05,1.05,2393600
1988-05-31,1.03,1.1,1.1,1.05,1.05,3148800
1988-06-01,1.07,1.14,1.15,1.1,1.12,3996800
1988-06-02,1.07,1.14,1.14,1.12,1.14,1923200
1988-06-03,1.11,1.19,1.21,1.15,1.15,5401600
1988-06-06,1.12,1.19,1.23,1.18,1.22,2489600
1988-06-07,1.12,1.2,1.22,1.19,1.19,3468800
1988-06-08,1.17,1.24,1.26,1.2,1.2,10598400
1988-06-09,1.14,1.22,1.24,1.2,1.23,3616000
1988-06-10,1.15,1.23,1.23,1.2,1.22,2819200
1988-06-13,1.15,1.23,1.23,1.22,1.23,2777600
1988-06-14,1.14,1.22,1.25,1.21,1.23,1443200
1988-06-15,1.11,1.18,1.2,1.18,1.19,2982400
1988-06-16,1.11,1.19,1.2,1.18,1.18,1443200
1988-06-17,1.11,1.18,1.2,1.18,1.18,1907200
1988-06-20,1.14,1.22,1.23,1.17,1.2,4326400
1988-06-21,1.15,1.23,1.24,1.22,1.23,2780800
1988-06-22,1.16,1.23,1.26,1.23,1.23,2860800
1988-06-23,1.17,1.24,1.26,1.23,1.25,883200
1988-06-24,1.17,1.24,1.26,1.24,1.26,438400
1988-06-27,1.14,1.22,1.25,1.22,1.24,681600
1988-06-28,1.16,1.23,1.24,1.22,1.22,2211200
1988-06-29,1.17,1.24,1.25,1.23,1.24,2419200
1988-06-30,1.18,1.26,1.26,1.24,1.24,1763200
1988-07-01,1.2,1.27,1.27,1.24,1.25,4096000
1988-07-05,1.18,1.26,1.27,1.25,1.27,1286400
1988-07-06,1.2,1.27,1.29,1.27,1.28,1564800
1988-07-07,1.28,1.36,1.37,1.27,1.27,4435200
1988-07-08,1.27,1.35,1.42,1.35,1.37,5164800
1988-07-11,1.27,1.36,1.38,1.35,1.37,1916800
1988-07-12,1.23,1.3,1.37,1.3,1.35,1884800
1988-07-13,1.25,1.33,1.33,1.3,1.33,2899200
1988-07-14,1.28,1.37,1.38,1.32,1.33,2713600
1988-07-15,1.28,1.37,1.38,1.37,1.37,873600
1988-07-18,1.28,1.36,1.38,1.34,1.38,860800
1988-07-19,1.26,1.34,1.34,1.31,1.34,2169600
1988-07-20,1.21,1.29,1.34,1.27,1.33,3561600
1988-07-21,1.2,1.27,1.3,1.25,1.28,880000
1988-07-22,1.21,1.29,1.3,1.25,1.26,3040000
1988-07-25,1.26,1.34,1.34,1.28,1.3,2483200
1988-07-26,1.26,1.34,1.36,1.31,1.33,2598400
1988-07-27,1.22,1.3,1.36,1.3,1.35,1049600
1988-07-28,1.22,1.3,1.32,1.28,1.3,3280000
1988-07-29,1.22,1.3,1.31,1.29,1.31,649600
1988-08-01,1.23,1.3,1.32,1.3,1.3,2012800
1988-08-02,1.22,1.3,1.32,1.29,1.31,1267200
1988-08-03,1.23,1.31,1.32,1.3,1.3,1024000
1988-08-04,1.21,1.29,1.33,1.29,1.3,3036800
1988-08-05,1.19,1.27,1.3,1.23,1.3,2832000
1988-08-08,1.2,1.27,1.28,1.25,1.25,2646400
1988-08-09,1.16,1.23,1.28,1.23,1.28,3148800
1988-08-10,1.11,1.19,1.24,1.17,1.23,3996800
1988-08-11,1.12,1.2,1.2,1.17,1.19,7468800
1988-08-12,1.11,1.19,1.2,1.18,1.2,2524800
1988-08-15,1.09,1.16,1.2,1.16,1.2,3145600
1988-08-16,1.11,1.19,1.2,1.12,1.15,10611200
1988-08-17,1.1,1.17,1.2,1.16,1.2,1484800
1988-08-18,1.06,1.12,1.16,1.11,1.16,4646400
1988-08-19,1.03,1.09,1.12,1.09,1.12,2889600
1988-08-22,1.03,1.1,1.11,1.09,1.09,6870400
1988-08-23,1.04,1.11,1.12,1.1,1.1,3020800
1988-08-24,1.06,1.13,1.16,1.11,1.12,2406400
1988-08-25,1.09,1.16,1.16,1.11,1.12,2454400
1988-08-26,1.1,1.17,1.18,1.14,1.16,652800
1988-08-29,1.14,1.22,1.22,1.17,1.17,1571200
1988-08-30,1.16,1.23,1.24,1.2,1.21,3526400
1988-08-31,1.14,1.22,1.24,1.2,1.23,2672000
1988-09-01,1.1,1.18,1.2,1.16,1.19,1516800
1988-09-02,1.12,1.2,1.21,1.18,1.19,2617600
1988-09-06,1.14,1.21,1.22,1.2,1.2,1459200
1988-09-07,1.09,1.16,1.22,1.16,1.2,2230400
1988-09-08,1.11,1.18,1.2,1.15,1.18,5206400
1988-09-09,1.16,1.24,1.24,1.17,1.18,5756800
1988-09-12,1.17,1.24,1.25,1.23,1.23,3948800
1988-09-13,1.15,1.23,1.24,1.22,1.23,2115200
1988-09-14,1.19,1.27,1.27,1.24,1.24,1100800
1988-09-15,1.18,1.26,1.28,1.24,1.24,2121600
1988-09-16,1.19,1.27,1.27,1.23,1.25,1676800
1988-09-19,1.18,1.26,1.27,1.23,1.25,1123200
1988-09-20,1.25,1.33,1.34,1.25,1.27,5484800
1988-09-21,1.28,1.37,1.38,1.33,1.34,6361600
1988-09-22,1.28,1.36,1.38,1.34,1.36,8476800
1988-09-23,1.25,1.34,1.35,1.34,1.35,2572800
1988-09-26,1.23,1.31,1.35,1.31,1.35,1123200
1988-09-27,1.23,1.31,1.33,1.3,1.31,2121600
1988-09-28,1.22,1.3,1.32,1.3,1.3,441600
1988-09-29,1.27,1.35,1.36,1.3,1.31,3798400
1988-09-30,1.28,1.36,1.4,1.35,1.35,1731200
1988-10-03,1.28,1.37,1.37,1.34,1.34,1846400
1988-10-04,1.32,1.41,1.45,1.36,1.37,7209600
1988-10-05,1.31,1.4,1.43,1.4,1.4,5411200
1988-10-06,1.34,1.42,1.44,1.4,1.4,5686400
1988-10-07,1.3,1.38,1.43,1.36,1.43,6409600
1988-10-10,1.29,1.38,1.39,1.36,1.38,7628800
1988-10-11,1.31,1.39,1.39,1.38,1.38,3673600
1988-10-12,1.29,1.38,1.39,1.34,1.39,3900800
1988-10-13,1.29,1.38,1.38,1.35,1.35,5747200
1988-10-14,1.34,1.43,1.45,1.38,1.4,13926400
1988-10-17,1.34,1.43,1.44,1.41,1.44,3497600
1988-10-18,1.35,1.44,1.44,1.42,1.42,6387200
1988-10-19,1.39,1.48,1.48,1.45,1.45,7216000
1988-10-20,1.45,1.54,1.55,1.48,1.48,7910400
1988-10-21,1.44,1.53,1.54,1.51,1.53,4768000
1988-10-24,1.43,1.52,1.54,1.51,1.53,4278400
1988-10-25,1.37,1.46,1.51,1.45,1.5,5452800
1988-10-26,1.34,1.43,1.47,1.43,1.47,4192000
1988-10-27,1.29,1.38,1.45,1.33,1.43,13388800
1988-10-28,1.28,1.36,1.38,1.36,1.36,6851200
1988-10-31,1.26,1.34,1.38,1.34,1.38,1404800
1988-11-01,1.31,1.4,1.4,1.36,1.36,2528000
1988-11-02,1.27,1.35,1.41,1.35,1.38,3222400
1988-11-03,1.28,1.36,1.38,1.35,1.35,2745600
1988-11-04,1.28,1.37,1.39,1.35,1.36,2972800
1988-11-07,1.26,1.34,1.38,1.34,1.34,2451200
1988-11-08,1.3,1.38,1.4,1.36,1.38,1545600
1988-11-09,1.3,1.38,1.4,1.37,1.37,2390400
1988-11-10,1.33,1.41,1.42,1.39,1.41,1737600
1988-11-11,1.29,1.38,1.41,1.35,1.41,1488000
1988-11-14,1.26,1.34,1.39,1.34,1.38,3171200
1988-11-15,1.28,1.36,1.36,1.34,1.36,1174400
1988-11-16,1.24,1.32,1.35,1.31,1.35,2707200
1988-11-17,1.25,1.33,1.34,1.32,1.32,4268800
1988-11-18,1.27,1.35,1.37,1.33,1.33,3036800
1988-11-21,1.26,1.34,1.37,1.34,1.35,5273600
1988-11-22,1.28,1.36,1.36,1.34,1.34,2044800
1988-11-23,1.31,1.39,1.42,1.33,1.36,2188800
1988-11-25,1.31,1.39,1.42,1.38,1.39,457600
1988-11-28,1.26,1.34,1.42,1.34,1.42,2433600
1988-11-29,1.26,1.34,1.36,1.3,1.34,3267200
1988-11-30,1.31,1.39,1.42,1.34,1.36,10164800
1988-12-01,1.34,1.42,1.46,1.41,1.44,3718400
1988-12-02,1.39,1.48,1.52,1.4,1.4,4886400
1988-12-05,1.42,1.52,1.56,1.48,1.52,3664000
1988-12-06,1.41,1.5,1.55,1.5,1.55,1371200
1988-12-07,1.41,1.5,1.53,1.5,1.53,1859200
1988-12-08,1.32,1.41,1.52,1.38,1.52,3745600
1988-12-09,1.28,1.36,1.41,1.34,1.39,5617600
1988-12-12,1.25,1.33,1.39,1.33,1.36,1876800
1988-12-13,1.25,1.33,1.34,1.31,1.33,2926400
1988-12-14,1.28,1.36,1.39,1.33,1.34,2598400
1988-12-15,1.29,1.38,1.42,1.38,1.39,1593600
1988-12-16,1.29,1.38,1.39,1.38,1.39,513600
1988-12-19,1.39,1.48,1.48,1.38,1.38,3246400
1988-12-20,1.42,1.52,1.56,1.48,1.5,6488000
1988-12-21,1.39,1.48,1.53,1.48,1.5,2681600
1988-12-22,1.36,1.45,1.48,1.41,1.48,7636800
1988-12-23,1.39,1.48,1.5,1.45,1.47,952000
1988-12-27,1.45,1.54,1.55,1.5,1.51,2035200
1988-12-28,1.5,1.59,1.59,1.53,1.55,3659200
1988-12-29,1.45,1.55,1.59,1.55,1.59,1808000
1988-12-30,1.44,1.53,1.56,1.53,1.56,2304000
1989-01-03,1.44,1.53,1.56,1.53,1.56,2438400
1989-01-04,1.5,1.59,1.62,1.55,1.55,1969600
1989-01-05,1.47,1.56,1.61,1.55,1.61,1324800
1989-01-06,1.44,1.53,1.58,1.53,1.58,796800
1989-01-09,1.44,1.53,1.56,1.52,1.56,3827200
1989-01-10,1.42,1.51,1.53,1.48,1.53,4464000
1989-01-11,1.42,1.52,1.55,1.51,1.53,588800
1989-01-12,1.39,1.48,1.55,1.48,1.55,3241600
1989-01-13,1.37,1.46,1.5,1.45,1.49,1916800
1989-01-16,1.39,1.48,1.48,1.47,1.48,956800
1989-01-17,1.31,1.39,1.48,1.39,1.48,5160000
1989-01-18,1.32,1.41,1.43,1.38,1.42,6088000
1989-01-19,1.32,1.41,1.44,1.39,1.44,3017600
1989-01-20,1.29,1.38,1.41,1.36,1.41,5430400
1989-01-23,1.29,1.38,1.42,1.38,1.39,5550400
1989-01-24,1.34,1.42,1.42,1.38,1.41,6924800
1989-01-25,1.47,1.56,1.57,1.42,1.44,9936000
1989-01-26,1.48,1.58,1.59,1.52,1.53,8862400
1989-01-27,1.39,1.48,1.59,1.48,1.55,10470400
1989-01-30,1.36,1.45,1.52,1.44,1.5,4638400
1989-01-31,1.36,1.45,1.47,1.42,1.45,4128000
1989-02-01,1.35,1.44,1.45,1.41,1.45,4788800
1989-02-02,1.41,1.5,1.52,1.41,1.44,11820800
1989-02-03,1.44,1.53,1.55,1.48,1.5,4744000
1989-02-06,1.44,1.53,1.55,1.52,1.54,3750400
1989-02-07,1.39,1.48,1.58,1.47,1.52,9116800
1989-02-08,1.29,1.38,1.5,1.36,1.5,15059200
1989-02-09,1.34,1.42,1.45,1.36,1.38,25422400
1989-02-10,1.31,1.39,1.42,1.38,1.41,3779200
1989-02-13,1.34,1.42,1.44,1.38,1.4,6505600
1989-02-14,1.26,1.34,1.42,1.34,1.42,14089600
1989-02-15,1.3,1.38,1.44,1.34,1.34,11505600
1989-02-16,1.34,1.43,1.48,1.38,1.39,12766400
1989-02-17,1.28,1.36,1.42,1.36,1.42,5844800
1989-02-21,1.22,1.3,1.38,1.23,1.38,20729600
1989-02-22,1.17,1.25,1.3,1.22,1.3,16776000
1989-02-23,1.22,1.3,1.3,1.23,1.23,13152000
1989-02-24,1.18,1.26,1.3,1.23,1.3,5641600
1989-02-27,1.17,1.25,1.27,1.23,1.25,4384000
1989-02-28,1.19,1.27,1.3,1.25,1.27,9006400
1989-03-01,1.2,1.28,1.3,1.25,1.27,3180800
1989-03-02,1.2,1.28,1.3,1.27,1.28,4379200
1989-03-03,1.19,1.27,1.28,1.23,1.27,9132800
1989-03-06,1.26,1.34,1.34,1.25,1.27,7587200
1989-03-07,1.2,1.28,1.34,1.28,1.34,5116800
1989-03-08,1.15,1.23,1.28,1.2,1.28,11241600
1989-03-09,1.11,1.19,1.23,1.16,1.22,12281600
1989-03-10,1.16,1.23,1.23,1.19,1.2,9843200
1989-03-13,1.14,1.22,1.23,1.22,1.23,2569600
1989-03-14,1.23,1.31,1.34,1.23,1.27,15872000
1989-03-15,1.26,1.34,1.36,1.31,1.33,6673600
1989-03-16,1.28,1.36,1.39,1.34,1.36,6928000
1989-03-17,1.25,1.33,1.38,1.31,1.33,4545600
1989-03-20,1.23,1.31,1.34,1.28,1.31,4465600
1989-03-21,1.26,1.34,1.38,1.31,1.33,9827200
1989-03-22,1.22,1.3,1.34,1.3,1.34,4368000
1989-03-23,1.23,1.31,1.31,1.28,1.31,4286400
1989-03-27,1.23,1.31,1.33,1.3,1.3,5425600
1989-03-28,1.25,1.34,1.34,1.31,1.33,3057600
1989-03-29,1.26,1.34,1.39,1.33,1.33,1315200
1989-03-30,1.28,1.36,1.36,1.31,1.33,2112000
1989-03-31,1.26,1.34,1.38,1.34,1.36,862400
1989-04-03,1.31,1.39,1.41,1.36,1.36,5612800
1989-04-04,1.29,1.38,1.41,1.36,1.38,2814400
1989-04-05,1.28,1.37,1.38,1.36,1.36,2032000
1989-04-06,1.26,1.34,1.38,1.34,1.36,2449600
1989-04-07,1.32,1.41,1.42,1.34,1.36,5147200
1989-04-10,1.31,1.39,1.45,1.39,1.41,2624000
1989-04-11,1.38,1.47,1.47,1.39,1.42,5772800
1989-04-12,1.39,1.48,1.5,1.47,1.47,6100800
1989-04-13,1.36,1.45,1.47,1.42,1.45,1969600
1989-04-14,1.4,1.49,1.5,1.45,1.45,2336000
1989-04-17,1.38,1.47,1.5,1.47,1.48,3884800
1989-04-18,1.39,1.48,1.52,1.48,1.5,3416000
1989-04-19,1.38,1.47,1.5,1.47,1.48,862400
1989-04-20,1.38,1.47,1.5,1.44,1.48,2622400
1989-04-21,1.38,1.47,1.48,1.45,1.47,352000
1989-04-24,1.36,1.45,1.47,1.44,1.45,1577600
1989-04-25,1.38,1.47,1.5,1.45,1.45,1393600
1989-04-26,1.39,1.48,1.5,1.48,1.48,4344000
1989-04-27,1.45,1.54,1.55,1.48,1.48,9513600
1989-04-28,1.57,1.67,1.69,1.53,1.55,15704000
1989-05-01,1.53,1.62,1.66,1.59,1.66,7022400
1989-05-02,1.47,1.56,1.62,1.56,1.62,4417600
1989-05-03,1.5,1.59,1.64,1.59,1.61,11881600
1989-05-04,1.51,1.61,1.62,1.59,1.61,2627200
1989-05-05,1.47,1.56,1.67,1.56,1.64,7070400
1989-05-08,1.47,1.57,1.59,1.55,1.59,6720000
1989-05-09,1.53,1.62,1.64,1.56,1.56,7302400
1989-05-10,1.51,1.61,1.66,1.59,1.64,3030400
1989-05-11,1.52,1.62,1.62,1.59,1.61,1873600
1989-05-12,1.57,1.67,1.69,1.64,1.64,9732800
1989-05-15,1.6,1.7,1.73,1.64,1.67,3942400
1989-05-16,1.58,1.69,1.72,1.67,1.72,5299200
1989-05-17,1.61,1.72,1.72,1.69,1.7,3632000
1989-05-18,1.63,1.73,1.73,1.7,1.7,5164800
1989-05-19,1.69,1.8,1.81,1.72,1.72,10502400
1989-05-22,1.7,1.81,1.88,1.8,1.81,6259200
1989-05-23,1.68,1.79,1.83,1.78,1.83,2851200
1989-05-24,1.67,1.78,1.8,1.73,1.8,2264000
1989-05-25,1.7,1.81,1.84,1.77,1.78,3945600
1989-05-26,1.69,1.8,1.81,1.78,1.8,2716800
1989-05-30,1.66,1.77,1.83,1.77,1.81,923200
1989-05-31,1.66,1.77,1.79,1.77,1.77,3256000
1989-06-01,1.67,1.78,1.8,1.77,1.77,2062400
1989-06-02,1.72,1.83,1.84,1.77,1.77,4756800
1989-06-05,1.63,1.73,1.83,1.72,1.8,8513600
1989-06-06,1.6,1.7,1.75,1.66,1.72,6960000
1989-06-07,1.61,1.72,1.73,1.66,1.7,3257600
1989-06-08,1.64,1.75,1.77,1.73,1.73,5251200
1989-06-09,1.64,1.75,1.77,1.72,1.73,2880000
1989-06-12,1.73,1.84,1.84,1.75,1.77,1960000
1989-06-13,1.72,1.83,1.84,1.78,1.8,5812800
1989-06-14,1.72,1.83,1.85,1.8,1.81,6100800
1989-06-15,1.65,1.76,1.86,1.75,1.81,9305600
1989-06-16,1.6,1.7,1.75,1.7,1.75,3449600
1989-06-19,1.57,1.67,1.73,1.64,1.72,4376000
1989-06-20,1.57,1.67,1.69,1.66,1.66,1569600
1989-06-21,1.56,1.66,1.67,1.62,1.67,3196800
1989-06-22,1.57,1.67,1.69,1.64,1.64,1952000
1989-06-23,1.64,1.75,1.75,1.66,1.66,1705600
1989-06-26,1.63,1.73,1.78,1.72,1.75,1345600
1989-06-27,1.63,1.73,1.77,1.73,1.73,811200
1989-06-28,1.61,1.72,1.77,1.7,1.75,3366400
1989-06-29,1.56,1.66,1.73,1.62,1.72,5001600
1989-06-30,1.56,1.66,1.67,1.59,1.66,3307200
1989-07-03,1.56,1.66,1.69,1.64,1.66,201600
1989-07-05,1.56,1.66,1.67,1.64,1.66,473600
1989-07-06,1.44,1.53,1.53,1.38,1.38,19089600
1989-07-07,1.44,1.53,1.53,1.5,1.52,5228800
1989-07-10,1.47,1.56,1.56,1.52,1.53,1492800
1989-07-11,1.45,1.55,1.58,1.55,1.55,4155200
1989-07-12,1.41,1.5,1.55,1.47,1.55,5310400
1989-07-13,1.42,1.52,1.53,1.47,1.48,6707200
1989-07-14,1.45,1.55,1.55,1.52,1.52,22305600
1989-07-17,1.45,1.55,1.55,1.48,1.5,23249600
1989-07-18,1.39,1.48,1.55,1.48,1.53,10064000
1989-07-19,1.42,1.52,1.54,1.48,1.5,4696000
1989-07-20,1.44,1.53,1.53,1.52,1.52,3681600
1989-07-21,1.42,1.52,1.53,1.5,1.52,4438400
1989-07-24,1.44,1.53,1.56,1.5,1.52,3268800
1989-07-25,1.4,1.49,1.55,1.48,1.55,9230400
1989-07-26,1.38,1.47,1.5,1.44,1.5,6798400
1989-07-27,1.39,1.48,1.51,1.47,1.48,9422400
1989-07-28,1.38,1.47,1.5,1.44,1.48,4224000
1989-07-31,1.34,1.42,1.45,1.38,1.44,6198400
1989-08-01,1.35,1.44,1.45,1.41,1.42,11627200
1989-08-02,1.34,1.42,1.45,1.39,1.44,11377600
1989-08-03,1.32,1.41,1.44,1.39,1.41,4664000
1989-08-04,1.44,1.53,1.58,1.38,1.41,8841600
1989-08-07,1.53,1.62,1.62,1.53,1.55,8296000
1989-08-08,1.51,1.61,1.66,1.61,1.62,6600000
1989-08-09,1.48,1.58,1.62,1.56,1.61,4216000
1989-08-10,1.47,1.56,1.59,1.55,1.56,4046400
1989-08-11,1.39,1.48,1.61,1.48,1.58,5132800
1989-08-14,1.39,1.48,1.49,1.47,1.48,2470400
1989-08-15,1.37,1.46,1.48,1.45,1.47,2508800
1989-08-16,1.36,1.45,1.48,1.44,1.48,5065600
1989-08-17,1.34,1.42,1.45,1.38,1.45,6449600
1989-08-18,1.35,1.44,1.45,1.39,1.42,1809600
1989-08-21,1.32,1.41,1.45,1.4,1.45,2993600
1989-08-22,1.38,1.47,1.48,1.39,1.39,3014400
1989-08-23,1.44,1.53,1.58,1.47,1.48,3025600
1989-08-24,1.5,1.59,1.59,1.53,1.55,5048000
1989-08-25,1.53,1.62,1.62,1.59,1.61,5800000
1989-08-28,1.51,1.61,1.62,1.59,1.61,1142400
1989-08-29,1.48,1.58,1.62,1.55,1.61,4470400
1989-08-30,1.5,1.59,1.6,1.56,1.59,2857600
1989-08-31,1.48,1.58,1.59,1.58,1.59,1436800
1989-09-01,1.47,1.56,1.59,1.56,1.58,2329600
1989-09-05,1.45,1.55,1.58,1.55,1.56,2590400
1989-09-06,1.44,1.53,1.56,1.52,1.55,1787200
1989-09-07,1.39,1.48,1.58,1.47,1.53,2102400
1989-09-08,1.36,1.45,1.5,1.42,1.48,6912000
1989-09-11,1.35,1.44,1.45,1.42,1.45,6937600
1989-09-12,1.31,1.39,1.45,1.36,1.45,11150400
1989-09-13,1.29,1.38,1.45,1.36,1.39,10566400
1989-09-14,1.22,1.3,1.39,1.28,1.39,22121600
1989-09-15,1.2,1.28,1.33,1.28,1.3,7356800
1989-09-18,1.2,1.28,1.31,1.22,1.28,8011200
1989-09-19,1.18,1.26,1.34,1.2,1.33,19616000
1989-09-20,1.16,1.23,1.27,1.16,1.25,23268800
1989-09-21,0.92,0.98,1.23,0.95,1.22,61012800
1989-09-22,0.97,1.03,1.05,0.92,0.98,43875200
1989-09-25,0.99,1.05,1.08,1.02,1.02,17827200
1989-09-26,1.01,1.08,1.09,1.05,1.06,15361600
1989-09-27,1.01,1.08,1.11,1.03,1.06,16492800
1989-09-28,1.09,1.16,1.17,1.08,1.09,8662400
1989-09-29,1.04,1.11,1.17,1.08,1.16,9731200
1989-10-02,1.04,1.11,1.12,1.09,1.09,10532800
1989-10-03,0.94,1.0,1.11,0.98,1.11,12892800
1989-10-04,0.95,1.01,1.03,0.98,1.03,4204800
1989-10-05,0.92,0.98,1.05,0.98,1.02,8942400
1989-10-06,0.91,0.97,1.02,0.95,0.98,7108800
1989-10-09,1.01,1.08,1.08,0.97,0.98,5129600
1989-10-10,1.0,1.06,1.09,1.05,1.06,3649600
1989-10-11,0.98,1.05,1.08,1.05,1.05,3262400
1989-10-12,1.03,1.09,1.09,1.05,1.05,4252800
1989-10-13,0.94,1.0,1.11,0.98,1.09,6014400
1989-10-16,0.94,1.0,1.02,0.88,0.91,9096000
1989-10-17,0.92,0.98,1.02,0.97,0.98,8411200
1989-10-18,0.94,1.0,1.0,0.95,0.98,1672000
1989-10-19,0.98,1.05,1.06,0.98,1.0,18332800
1989-10-20,0.98,1.05,1.06,1.03,1.06,1865600
1989-10-23,1.0,1.06,1.09,1.05,1.05,3488000
1989-10-24,1.0,1.06,1.06,1.0,1.06,5691200
1989-10-25,0.98,1.05,1.08,1.03,1.08,1073600
1989-10-26,0.98,1.05,1.05,1.01,1.05,1865600
1989-10-27,0.95,1.02,1.03,1.0,1.02,1064000
1989-10-30,0.95,1.02,1.05,1.02,1.02,652800
1989-10-31,0.98,1.05,1.05,1.02,1.03,1387200
1989-11-01,0.97,1.03,1.05,1.02,1.05,753600
1989-11-02,0.95,1.02,1.05,1.0,1.03,3608000
1989-11-03,0.94,1.0,1.03,1.0,1.02,1584000
1989-11-06,0.94,1.0,1.02,0.98,1.0,2478400
1989-11-07,0.94,1.0,1.02,0.98,0.98,3064000
1989-11-08,0.97,1.03,1.03,1.0,1.02,1627200
1989-11-09,1.0,1.06,1.06,1.02,1.02,3926400
1989-11-10,1.03,1.1,1.11,1.05,1.05,6723200
1989-11-13,1.07,1.14,1.16,1.09,1.11,4609600
1989-11-14,1.04,1.11,1.16,1.11,1.14,2851200
1989-11-15,1.1,1.17,1.18,1.11,1.11,5728000
1989-11-16,1.11,1.19,1.2,1.16,1.17,3088000
1989-11-17,1.11,1.18,1.19,1.16,1.19,2139200
1989-11-20,1.11,1.19,1.19,1.16,1.17,889600
1989-11-21,1.1,1.17,1.2,1.16,1.17,3052800
1989-11-22,1.11,1.19,1.19,1.16,1.16,886400
1989-11-24,1.13,1.2,1.2,1.17,1.2,822400
1989-11-27,1.11,1.19,1.2,1.19,1.19,2280000
1989-11-28,1.17,1.25,1.25,1.19,1.2,4017600
1989-11-29,1.16,1.23,1.25,1.2,1.22,796800
1989-11-30,1.13,1.2,1.23,1.19,1.2,1256000
1989-12-01,1.1,1.17,1.2,1.16,1.19,1003200
1989-12-04,1.14,1.22,1.22,1.17,1.17,624000
1989-12-05,1.13,1.2,1.23,1.2,1.2,1643200
1989-12-06,1.16,1.23,1.23,1.2,1.2,2251200
1989-12-07,1.16,1.23,1.23,1.22,1.22,449600
1989-12-08,1.11,1.19,1.23,1.19,1.22,1443200
1989-12-11,1.11,1.18,1.2,1.16,1.19,2862400
1989-12-12,1.1,1.17,1.19,1.16,1.19,2321600
1989-12-13,1.07,1.14,1.17,1.12,1.16,2350400
1989-12-14,0.97,1.03,1.14,1.02,1.12,10451200
1989-12-15,1.0,1.06,1.08,1.03,1.03,5385600
1989-12-18,1.01,1.08,1.11,1.05,1.05,3614400
1989-12-19,1.04,1.11,1.14,1.06,1.06,2304000
1989-12-20,1.04,1.11,1.12,1.09,1.11,3422400
1989-12-21,1.04,1.11,1.11,1.09,1.11,667200
1989-12-22,1.11,1.19,1.22,1.09,1.11,3721600
1989-12-26,1.13,1.2,1.23,1.17,1.2,1689600
1989-12-27,1.14,1.22,1.25,1.2,1.2,2780800
1989-12-28,1.14,1.22,1.23,1.2,1.22,2491200
1989-12-29,1.19,1.27,1.28,1.23,1.27,9726400
1990-01-02,1.19,1.27,1.28,1.22,1.27,7166400
1990-01-03,1.25,1.33,1.36,1.27,1.28,13518400
1990-01-04,1.31,1.39,1.39,1.34,1.34,11859200
1990-01-05,1.34,1.42,1.44,1.38,1.38,6608000
1990-01-08,1.35,1.44,1.44,1.41,1.41,4347200
1990-01-09,1.32,1.41,1.45,1.39,1.42,3297600
1990-01-10,1.28,1.36,1.42,1.34,1.39,6772800
1990-01-11,1.35,1.44,1.45,1.36,1.36,7412800
1990-01-12,1.32,1.41,1.41,1.34,1.39,5752000
1990-01-15,1.29,1.38,1.41,1.36,1.38,3160000
1990-01-16,1.35,1.44,1.45,1.34,1.36,7684800
1990-01-17,1.34,1.42,1.5,1.42,1.45,8540800
1990-01-18,1.4,1.48,1.48,1.41,1.44,5457600
1990-01-19,1.34,1.42,1.48,1.42,1.48,3422400
1990-01-22,1.35,1.44,1.45,1.39,1.42,5110400
1990-01-23,1.41,1.5,1.53,1.44,1.47,7195200
1990-01-24,1.44,1.53,1.53,1.44,1.47,9172800
1990-01-25,1.4,1.48,1.58,1.47,1.55,9836800
1990-01-26,1.41,1.5,1.5,1.45,1.47,5252800
1990-01-29,1.41,1.5,1.52,1.48,1.48,7270400
1990-01-30,1.38,1.47,1.51,1.44,1.5,4406400
1990-01-31,1.38,1.47,1.5,1.47,1.47,5393600
1990-02-01,1.4,1.48,1.48,1.45,1.48,2827200
1990-02-02,1.43,1.52,1.53,1.47,1.47,10040000
1990-02-05,1.43,1.52,1.55,1.48,1.53,4262400
1990-02-06,1.41,1.5,1.53,1.48,1.52,5193600
1990-02-07,1.45,1.54,1.55,1.48,1.48,10596800
1990-02-08,1.53,1.62,1.66,1.53,1.53,8934400
1990-02-09,1.56,1.66,1.67,1.62,1.64,4427200
1990-02-12,1.58,1.68,1.71,1.66,1.67,8836800
1990-02-13,1.58,1.68,1.69,1.66,1.67,3670400
1990-02-14,1.59,1.69,1.7,1.67,1.69,6926400
1990-02-15,1.68,1.78,1.8,1.69,1.69,8483200
1990-02-16,1.65,1.76,1.81,1.75,1.78,3675200
1990-02-20,1.62,1.72,1.73,1.67,1.72,6524800
1990-02-21,1.62,1.72,1.75,1.69,1.7,3953600
1990-02-22,1.62,1.72,1.75,1.7,1.72,11128000
1990-02-23,1.65,1.75,1.8,1.7,1.7,2558400
1990-02-26,1.68,1.78,1.81,1.77,1.77,6777600
1990-02-27,1.73,1.84,1.84,1.77,1.78,7385600
1990-02-28,1.78,1.89,1.92,1.83,1.83,8995200
1990-03-01,1.79,1.91,1.97,1.89,1.91,12600000
1990-03-02,1.79,1.9,1.94,1.89,1.91,5787200
1990-03-05,1.91,2.03,2.05,1.89,1.91,28340800
1990-03-06,2.14,2.27,2.28,2.06,2.06,32380800
1990-03-07,2.16,2.3,2.31,2.21,2.3,23526400
1990-03-08,2.28,2.42,2.48,2.3,2.3,22838400
1990-03-09,2.22,2.36,2.41,2.31,2.39,10107200
1990-03-12,2.29,2.44,2.45,2.33,2.34,7825600
1990-03-13,2.36,2.51,2.52,2.44,2.44,11720000
1990-03-14,2.38,2.53,2.69,2.5,2.62,21238400
1990-03-15,2.46,2.61,2.66,2.58,2.64,17438400
1990-03-16,2.6,2.77,2.81,2.62,2.62,11728000
1990-03-19,2.67,2.84,2.84,2.7,2.77,9176000
1990-03-20,2.47,2.62,2.91,2.59,2.86,15164800
1990-03-21,2.35,2.5,2.67,2.5,2.58,7761600
1990-03-22,2.32,2.47,2.56,2.42,2.5,19056000
1990-03-23,2.23,2.38,2.52,2.36,2.48,6848000
1990-03-26,2.3,2.45,2.5,2.39,2.41,10035200
1990-03-27,2.37,2.52,2.55,2.41,2.42,8875200
1990-03-28,2.31,2.45,2.53,2.41,2.53,5820800
1990-03-29,2.27,2.41,2.48,2.38,2.45,3291200
1990-03-30,2.24,2.38,2.41,2.34,2.38,4448000
1990-04-02,2.28,2.41,2.42,2.31,2.31,3099200
1990-04-03,2.33,2.47,2.47,2.42,2.44,5363200
1990-04-04,2.3,2.44,2.5,2.41,2.47,3846400
1990-04-05,2.18,2.31,2.48,2.3,2.48,7177600
1990-04-06,2.15,2.28,2.34,2.28,2.31,5953600
1990-04-09,2.16,2.3,2.34,2.28,2.28,8300800
1990-04-10,2.27,2.41,2.42,2.36,2.38,12521600
1990-04-11,2.33,2.47,2.48,2.41,2.42,13171200
1990-04-12,2.34,2.48,2.5,2.47,2.48,3593600
1990-04-16,2.31,2.45,2.53,2.42,2.5,6881600
1990-04-17,2.28,2.42,2.42,2.33,2.41,5950400
1990-04-18,2.27,2.41,2.44,2.38,2.41,4112000
1990-04-19,2.24,2.38,2.4,2.36,2.38,3276800
1990-04-20,2.25,2.39,2.42,2.38,2.38,4734400
1990-04-23,2.21,2.34,2.39,2.34,2.39,6542400
1990-04-24,2.22,2.35,2.41,2.34,2.39,4638400
1990-04-25,2.19,2.33,2.38,2.3,2.36,3728000
1990-04-26,2.3,2.44,2.44,2.31,2.34,4220800
1990-04-27,2.24,2.38,2.47,2.34,2.42,4416000
1990-04-30,2.25,2.39,2.42,2.34,2.36,2752000
1990-05-01,2.42,2.56,2.58,2.39,2.44,9633600
1990-05-02,2.44,2.59,2.62,2.55,2.56,6836800
1990-05-03,2.42,2.56,2.67,2.56,2.62,4600000
1990-05-04,2.42,2.56,2.59,2.47,2.58,4478400
1990-05-07,2.53,2.68,2.72,2.56,2.59,5865600
1990-05-08,2.52,2.67,2.69,2.62,2.67,3217600
1990-05-09,2.53,2.69,2.7,2.61,2.64,5572800
1990-05-10,2.62,2.78,2.78,2.69,2.7,5080000
1990-05-11,2.62,2.78,2.81,2.75,2.8,4092800
1990-05-14,2.66,2.82,2.88,2.78,2.81,6352000
1990-05-15,2.74,2.91,2.91,2.8,2.81,5870400
1990-05-16,2.71,2.88,2.91,2.84,2.91,4627200
1990-05-17,2.62,2.78,2.89,2.77,2.86,5484800
1990-05-18,2.68,2.84,2.91,2.78,2.78,5270400
1990-05-21,2.84,3.02,3.02,2.84,2.86,7792000
1990-05-22,2.83,3.0,3.08,2.94,3.03,7628800
1990-05-23,2.89,3.06,3.14,2.95,2.98,6401600
1990-05-24,2.97,3.16,3.17,3.08,3.08,7440000
1990-05-25,2.08,2.2,2.31,2.08,2.12,136024000
1990-05-29,2.23,2.37,2.41,2.23,2.24,51142400
1990-05-30,2.08,2.21,2.42,2.19,2.41,59740800
1990-05-31,2.1,2.23,2.3,2.16,2.17,17299200
1990-06-01,2.05,2.17,2.25,2.16,2.25,11667200
1990-06-04,1.96,2.08,2.17,2.03,2.16,24585600
1990-06-05,1.9,2.02,2.08,1.89,2.06,50510400
1990-06-06,1.99,2.11,2.14,2.0,2.03,20966400
1990-06-07,2.11,2.23,2.27,2.11,2.14,18080000
1990-06-08,2.11,2.23,2.28,2.17,2.25,10648000
1990-06-11,2.11,2.23,2.27,2.17,2.2,4667200
1990-06-12,2.16,2.3,2.31,2.22,2.25,8614400
1990-06-13,2.22,2.35,2.36,2.28,2.33,13296000
1990-06-14,2.25,2.38,2.44,2.33,2.33,13904000
1990-06-15,2.25,2.38,2.45,2.38,2.41,8643200
1990-06-18,2.16,2.3,2.39,2.27,2.38,5798400
1990-06-19,2.24,2.38,2.38,2.27,2.27,10905600
1990-06-20,2.18,2.31,2.44,2.3,2.38,11633600
1990-06-21,2.22,2.36,2.38,2.33,2.34,6465600
1990-06-22,2.16,2.3,2.39,2.3,2.39,4595200
1990-06-25,2.16,2.3,2.34,2.25,2.33,5200000
1990-06-26,2.06,2.19,2.36,2.09,2.33,26705600
1990-06-27,2.18,2.31,2.33,2.17,2.17,12064000
1990-06-28,2.19,2.33,2.34,2.3,2.31,5385600
1990-06-29,2.16,2.3,2.36,2.28,2.33,4811200
1990-07-02,2.24,2.38,2.39,2.3,2.31,5528000
1990-07-03,2.24,2.38,2.38,2.33,2.33,2977600
1990-07-05,2.21,2.34,2.36,2.31,2.36,3516800
1990-07-06,2.26,2.39,2.41,2.31,2.34,5486400
1990-07-09,2.29,2.42,2.42,2.38,2.41,5945600
1990-07-10,2.29,2.42,2.44,2.36,2.42,7196800
1990-07-11,2.26,2.39,2.42,2.38,2.42,7744000
1990-07-12,2.21,2.34,2.39,2.31,2.39,15267200
1990-07-13,2.24,2.38,2.41,2.33,2.34,7649600
1990-07-16,2.27,2.41,2.42,2.36,2.38,2820800
1990-07-17,2.21,2.34,2.41,2.31,2.39,8315200
1990-07-18,2.23,2.36,2.36,2.31,2.34,2916800
1990-07-19,2.17,2.3,2.3,2.2,2.28,11728000
1990-07-20,2.12,2.25,2.34,2.23,2.3,6705600
1990-07-23,2.07,2.19,2.23,2.11,2.22,9668800
1990-07-24,2.18,2.31,2.33,2.17,2.19,8937600
1990-07-25,2.17,2.3,2.36,2.28,2.31,3676800
1990-07-26,2.15,2.28,2.31,2.27,2.31,1241600
1990-07-27,2.13,2.26,2.3,2.23,2.27,2857600
1990-07-30,2.12,2.25,2.27,2.17,2.25,3448000
1990-07-31,2.07,2.2,2.28,2.19,2.27,2955200
1990-08-01,2.09,2.22,2.22,2.16,2.19,2699200
1990-08-02,1.99,2.11,2.17,2.11,2.14,11560000
1990-08-03,1.9,2.02,2.14,1.92,2.14,12521600
1990-08-06,1.77,1.88,1.94,1.86,1.94,11208000
1990-08-07,1.73,1.83,1.92,1.81,1.89,9112000
1990-08-08,1.77,1.88,1.89,1.84,1.86,9124800
1990-08-09,1.77,1.88,1.88,1.84,1.88,3900800
1990-08-10,1.73,1.83,1.88,1.78,1.88,4249600
1990-08-13,1.73,1.83,1.83,1.7,1.81,8880000
1990-08-14,1.73,1.83,1.86,1.8,1.83,2582400
1990-08-15,1.74,1.84,1.86,1.83,1.84,3664000
1990-08-16,1.71,1.81,1.86,1.8,1.86,6065600
1990-08-17,1.61,1.7,1.8,1.67,1.78,3908800
1990-08-20,1.53,1.62,1.75,1.61,1.73,4801600
1990-08-21,1.5,1.59,1.61,1.53,1.59,9096000
1990-08-22,1.5,1.59,1.66,1.58,1.62,3736000
1990-08-23,1.45,1.53,1.59,1.52,1.53,6910400
1990-08-24,1.53,1.62,1.62,1.56,1.56,2273600
1990-08-27,1.65,1.75,1.77,1.66,1.66,3681600
1990-08-28,1.61,1.7,1.77,1.7,1.75,2787200
1990-08-29,1.5,1.59,1.72,1.59,1.7,4971200
1990-08-30,1.42,1.51,1.61,1.45,1.59,9241600
1990-08-31,1.48,1.56,1.58,1.5,1.52,3827200
1990-09-04,1.66,1.76,1.77,1.53,1.55,19956800
1990-09-05,1.68,1.78,1.83,1.74,1.77,15217600
1990-09-06,1.7,1.8,1.83,1.75,1.8,4756800
1990-09-07,1.61,1.7,1.81,1.67,1.78,7979200
1990-09-10,1.62,1.72,1.77,1.72,1.72,2376000
1990-09-11,1.62,1.71,1.72,1.66,1.72,4529600
1990-09-12,1.67,1.77,1.78,1.7,1.73,4712000
1990-09-13,1.67,1.77,1.8,1.72,1.78,9131200
1990-09-14,1.59,1.68,1.77,1.61,1.77,21646400
1990-09-17,1.55,1.64,1.69,1.61,1.64,7846400
1990-09-18,1.48,1.56,1.66,1.52,1.66,6248000
1990-09-19,1.42,1.5,1.59,1.45,1.58,13428800
1990-09-20,1.33,1.41,1.48,1.41,1.47,6780800
1990-09-21,1.3,1.38,1.45,1.34,1.41,12035200
1990-09-24,1.28,1.36,1.38,1.31,1.37,7323200
1990-09-25,1.22,1.3,1.42,1.3,1.39,10028800
1990-09-26,1.19,1.27,1.34,1.22,1.3,11947200
1990-09-27,1.09,1.16,1.3,1.16,1.28,7548800
1990-09-28,1.12,1.19,1.23,1.11,1.16,10865600
1990-10-01,1.31,1.39,1.41,1.25,1.27,9323200
1990-10-02,1.21,1.28,1.45,1.23,1.45,17289600
1990-10-03,1.24,1.31,1.34,1.24,1.27,13401600
1990-10-04,1.22,1.3,1.31,1.25,1.27,5993600
1990-10-05,1.16,1.23,1.3,1.2,1.23,4977600
1990-10-08,1.15,1.22,1.27,1.16,1.23,4654400
1990-10-09,1.11,1.17,1.22,1.16,1.16,3537600
1990-10-10,1.08,1.15,1.2,1.14,1.16,4428800
1990-10-11,1.05,1.11,1.16,1.06,1.16,9680000
1990-10-12,1.11,1.17,1.19,1.11,1.12,8072000
1990-10-15,1.14,1.2,1.23,1.14,1.23,4824000
1990-10-16,1.14,1.2,1.25,1.19,1.23,5184000
1990-10-17,1.25,1.33,1.34,1.19,1.19,9688000
1990-10-18,1.45,1.53,1.56,1.36,1.38,17508800
1990-10-19,1.42,1.5,1.56,1.45,1.53,9006400
1990-10-22,1.51,1.6,1.61,1.47,1.48,8486400
1990-10-23,1.51,1.6,1.67,1.58,1.58,6233600
1990-10-24,1.47,1.55,1.61,1.5,1.58,9208000
1990-10-25,1.43,1.52,1.59,1.45,1.56,5232000
1990-10-26,1.37,1.45,1.5,1.45,1.47,3246400
1990-10-29,1.33,1.41,1.52,1.39,1.47,4748800
1990-10-30,1.36,1.45,1.45,1.36,1.41,6532800
1990-10-31,1.42,1.5,1.55,1.47,1.48,13627200
1990-11-01,1.42,1.51,1.53,1.48,1.52,4966400
1990-11-02,1.48,1.56,1.57,1.48,1.52,6011200
1990-11-05,1.51,1.6,1.62,1.56,1.56,6249600
1990-11-06,1.46,1.55,1.61,1.55,1.59,3563200
1990-11-07,1.43,1.52,1.56,1.5,1.55,3576000
1990-11-08,1.45,1.53,1.59,1.5,1.5,2278400
1990-11-09,1.53,1.62,1.62,1.55,1.59,5356800
1990-11-12,1.65,1.75,1.77,1.62,1.62,11201600
1990-11-13,1.67,1.77,1.78,1.72,1.77,7996800
1990-11-14,1.73,1.83,1.83,1.75,1.75,6553600
1990-11-15,1.75,1.85,1.88,1.78,1.8,14166400
1990-11-16,1.53,1.62,1.86,1.59,1.84,32057600
1990-11-19,1.62,1.72,1.75,1.66,1.66,8169600
1990-11-20,1.54,1.63,1.75,1.63,1.75,6027200
1990-11-21,1.52,1.61,1.66,1.58,1.64,9216000
1990-11-23,1.5,1.59,1.61,1.58,1.61,1633600
1990-11-26,1.5,1.59,1.59,1.53,1.55,5721600
1990-11-27,1.59,1.69,1.7,1.58,1.61,8230400
1990-11-28,1.56,1.65,1.75,1.65,1.7,10689600
1990-11-29,1.52,1.61,1.69,1.58,1.64,21448000
1990-11-30,1.49,1.58,1.73,1.47,1.59,44136000
1990-12-03,1.53,1.62,1.65,1.58,1.59,13870400
1990-12-04,1.6,1.7,1.72,1.61,1.62,9105600
1990-12-05,1.65,1.75,1.75,1.69,1.69,6390400
1990-12-06,1.59,1.69,1.84,1.67,1.82,15078400
1990-12-07,1.62,1.72,1.78,1.66,1.67,8876800
1990-12-10,1.67,1.77,1.77,1.72,1.73,3001600
1990-12-11,1.67,1.77,1.81,1.75,1.75,10657600
1990-12-12,1.67,1.77,1.8,1.72,1.77,9366400
1990-12-13,1.71,1.81,1.84,1.77,1.77,6172800
1990-12-14,1.64,1.73,1.81,1.73,1.8,4627200
1990-12-17,1.67,1.77,1.77,1.72,1.73,1545600
1990-12-18,1.64,1.73,1.8,1.72,1.8,4187200
1990-12-19,1.67,1.77,1.8,1.72,1.77,4852800
1990-12-20,1.73,1.84,1.84,1.73,1.73,8161600
1990-12-21,1.76,1.87,1.88,1.81,1.86,7364800
1990-12-24,1.81,1.91,1.95,1.77,1.84,6315200
1990-12-26,1.79,1.89,1.92,1.89,1.92,2814400
1990-12-27,1.74,1.84,1.94,1.8,1.88,3652800
1990-12-28,1.73,1.83,1.83,1.8,1.82,2401600
1990-12-31,1.72,1.82,1.83,1.77,1.8,3907200
1991-01-02,1.7,1.8,1.86,1.8,1.81,2820800
1991-01-03,1.59,1.69,1.84,1.67,1.81,8272000
1991-01-04,1.65,1.75,1.78,1.67,1.67,8638400
1991-01-07,1.65,1.75,1.8,1.72,1.75,8603200
1991-01-08,1.8,1.91,1.92,1.8,1.81,21158400
1991-01-09,1.83,1.94,2.02,1.86,1.92,18656000
1991-01-10,1.89,2.0,2.06,1.92,1.94,14212800
1991-01-11,1.83,1.94,1.98,1.91,1.97,7315200
1991-01-14,1.81,1.91,1.95,1.84,1.88,6844800
1991-01-15,1.87,1.98,1.99,1.89,1.91,5691200
1991-01-16,1.95,2.06,2.09,1.98,1.98,16371200
1991-01-17,1.98,2.09,2.2,2.06,2.19,12003200
1991-01-18,2.04,2.16,2.19,2.06,2.06,7107200
1991-01-21,2.07,2.2,2.22,2.12,2.12,9112000
1991-01-22,2.1,2.22,2.25,2.16,2.19,7409600
1991-01-23,2.2,2.33,2.34,2.19,2.19,12198400
1991-01-24,2.12,2.24,2.33,2.23,2.31,6710400
1991-01-25,2.12,2.25,2.27,2.23,2.23,4521600
1991-01-28,1.99,2.11,2.25,2.11,2.25,21025600
1991-01-29,2.12,2.24,2.25,2.11,2.12,13462400
1991-01-30,2.26,2.39,2.39,2.23,2.27,11124800
1991-01-31,2.24,2.38,2.41,2.34,2.39,8172800
1991-02-01,2.32,2.45,2.48,2.38,2.39,6692800
1991-02-04,2.3,2.44,2.49,2.41,2.44,9073600
1991-02-05,2.29,2.42,2.45,2.39,2.44,10364800
1991-02-06,2.38,2.52,2.53,2.39,2.41,15499200
1991-02-07,2.33,2.47,2.58,2.44,2.5,12995200
1991-02-08,2.45,2.59,2.66,2.45,2.45,9745600
1991-02-11,2.52,2.67,2.7,2.59,2.59,7228800
1991-02-12,2.58,2.73,2.77,2.67,2.67,9712000
1991-02-13,2.61,2.77,2.78,2.73,2.73,10633600
1991-02-14,2.49,2.64,2.81,2.64,2.8,11720000
1991-02-15,2.49,2.64,2.7,2.62,2.67,12092800
1991-02-19,2.57,2.72,2.72,2.62,2.62,11443200
1991-02-20,2.55,2.7,2.78,2.67,2.72,5851200
1991-02-21,2.69,2.84,2.92,2.72,2.72,14864000
1991-02-22,2.8,2.97,3.14,2.83,2.86,17361600
1991-02-25,2.88,3.05,3.09,2.98,3.0,10960000
1991-02-26,2.81,2.98,3.06,2.95,3.02,9097600
1991-02-27,2.86,3.03,3.06,2.95,2.95,5673600
1991-02-28,2.84,3.01,3.11,3.0,3.06,8204800
1991-03-01,2.76,2.92,3.0,2.91,2.98,11494400
1991-03-04,2.74,2.91,2.95,2.83,2.95,8420800
1991-03-05,2.94,3.11,3.12,2.97,2.98,11432000
1991-03-06,2.97,3.14,3.25,3.11,3.11,11977600
1991-03-07,3.13,3.31,3.33,3.11,3.16,19363200
1991-03-08,3.04,3.22,3.34,3.22,3.31,8672000
1991-03-11,2.84,3.01,3.19,3.0,3.19,14185600
1991-03-12,2.79,2.95,3.05,2.95,2.97,9489600
1991-03-13,2.86,3.03,3.06,2.94,2.97,8075200
1991-03-14,2.73,2.89,3.06,2.86,3.05,7222400
1991-03-15,2.69,2.85,2.92,2.81,2.91,6667200
1991-03-18,2.77,2.94,2.95,2.83,2.83,6238400
1991-03-19,2.82,2.98,3.06,2.86,2.89,11987200
1991-03-20,3.06,3.24,3.28,3.0,3.08,19545600
1991-03-21,3.01,3.19,3.39,3.12,3.3,16484800
1991-03-22,3.04,3.22,3.31,3.14,3.16,12779200
1991-03-25,3.04,3.22,3.3,3.2,3.23,3846400
1991-03-26,3.25,3.44,3.45,3.22,3.23,10123200
1991-03-27,3.19,3.38,3.45,3.34,3.45,6507200
1991-03-28,3.19,3.38,3.41,3.34,3.39,3528000
1991-04-01,3.22,3.41,3.47,3.34,3.36,5113600
1991-04-02,3.35,3.54,3.55,3.44,3.45,10884800
1991-04-03,3.49,3.7,3.73,3.56,3.56,14084800
1991-04-04,3.52,3.72,3.77,3.66,3.69,5558400
1991-04-05,3.49,3.69,3.75,3.62,3.72,4398400
1991-04-08,3.55,3.75,3.77,3.66,3.67,2926400
1991-04-09,3.43,3.62,3.77,3.61,3.73,4124800
1991-04-10,3.4,3.59,3.72,3.53,3.62,10892800
1991-04-11,3.53,3.73,3.77,3.61,3.61,9336000
1991-04-12,3.66,3.88,3.91,3.75,3.78,7521600
1991-04-15,3.61,3.81,3.89,3.75,3.86,6619200
1991-04-16,3.58,3.78,3.8,3.73,3.78,3523200
1991-04-17,3.65,3.86,3.94,3.84,3.84,8025600
1991-04-18,3.44,3.64,3.86,3.64,3.86,7531200
1991-04-19,3.37,3.56,3.62,3.5,3.62,11214400
1991-04-22,3.29,3.48,3.53,3.39,3.52,10123200
1991-04-23,3.3,3.48,3.55,3.42,3.52,8691200
1991-04-24,3.28,3.47,3.5,3.38,3.48,4331200
1991-04-25,3.25,3.44,3.5,3.34,3.41,6526400
1991-04-26,3.18,3.36,3.44,3.34,3.39,7046400
1991-04-29,3.13,3.31,3.47,3.3,3.42,7830400
1991-04-30,3.06,3.23,3.31,3.17,3.27,11105600
1991-05-01,3.04,3.22,3.25,3.03,3.14,14427200
1991-05-02,3.1,3.28,3.33,3.22,3.22,14188800
1991-05-03,3.13,3.31,3.36,3.28,3.28,7452800
1991-05-06,3.09,3.27,3.31,3.2,3.28,4102400
1991-05-07,3.07,3.25,3.33,3.25,3.28,3595200
1991-05-08,3.06,3.23,3.27,3.19,3.23,2441600
1991-05-09,3.21,3.4,3.44,3.23,3.25,4963200
1991-05-10,3.1,3.28,3.45,3.28,3.41,7040000
1991-05-13,3.14,3.32,3.33,3.27,3.31,5795200
1991-05-14,3.04,3.21,3.33,3.2,3.28,3648000
1991-05-15,2.87,3.04,3.16,2.97,3.12,11305600
1991-05-16,2.76,2.91,3.11,2.84,3.06,33603200
1991-05-17,2.79,2.95,2.97,2.83,2.86,17516800
1991-05-20,2.62,2.77,2.98,2.77,2.98,13164800
1991-05-21,2.73,2.89,2.94,2.8,2.83,15624000
1991-05-22,2.82,2.98,2.99,2.83,2.92,8430400
1991-05-23,2.84,3.0,3.0,2.94,2.97,6504000
1991-05-24,2.91,3.08,3.12,2.98,3.02,7099200
1991-05-28,2.97,3.14,3.17,3.08,3.11,3348800
1991-05-29,3.06,3.23,3.34,3.16,3.2,10072000
1991-05-30,3.01,3.18,3.25,3.14,3.23,7224000
1991-05-31,2.99,3.16,3.2,3.11,3.17,5657600
1991-06-03,3.1,3.27,3.3,3.12,3.17,4536000
1991-06-04,3.12,3.3,3.33,3.23,3.27,3580800
1991-06-05,3.0,3.17,3.3,3.16,3.27,2940800
1991-06-06,2.89,3.05,3.2,3.05,3.17,4934400
1991-06-07,2.85,3.02,3.06,2.98,3.02,4952000
1991-06-10,2.81,2.97,3.02,2.94,3.0,2729600
1991-06-11,2.84,3.0,3.05,2.95,2.95,3033600
1991-06-12,2.8,2.96,3.02,2.95,2.98,2302400
1991-06-13,2.88,3.05,3.08,2.95,2.97,5868800
1991-06-14,3.1,3.28,3.3,3.14,3.14,12208000
1991-06-17,3.18,3.37,3.44,3.28,3.31,8145600
1991-06-18,3.14,3.32,3.39,3.25,3.38,8961600
1991-06-19,3.09,3.27,3.31,3.22,3.28,7819200
1991-06-20,3.01,3.19,3.25,3.11,3.12,17020800
1991-06-21,2.98,3.15,3.22,3.14,3.19,5787200
1991-06-24,2.84,3.0,3.14,3.0,3.12,9188800
1991-06-25,2.74,2.9,3.06,2.87,3.05,11344000
1991-06-26,2.75,2.91,2.91,2.8,2.88,8590400
1991-06-27,2.66,2.81,2.94,2.81,2.91,5931200
1991-06-28,2.56,2.7,2.81,2.62,2.78,13489600
1991-07-01,2.71,2.86,2.89,2.73,2.77,13692800
1991-07-02,2.63,2.78,2.88,2.77,2.84,6585600
1991-07-03,2.58,2.72,2.77,2.7,2.75,3491200
1991-07-05,2.6,2.74,2.78,2.69,2.7,2552000
1991-07-08,2.77,2.92,2.94,2.69,2.72,7761600
1991-07-09,2.85,3.01,3.05,2.92,2.94,11268800
1991-07-10,2.84,3.0,3.06,2.95,3.03,6708800
1991-07-11,2.82,2.98,3.02,2.94,3.0,6337600
1991-07-12,2.87,3.03,3.03,2.94,3.01,4345600
1991-07-15,2.87,3.03,3.06,3.0,3.03,2115200
1991-07-16,2.81,2.97,3.09,2.97,3.09,4233600
1991-07-17,2.72,2.88,2.98,2.88,2.97,4284800
1991-07-18,2.87,3.03,3.06,2.89,2.89,9169600
1991-07-19,2.96,3.12,3.16,3.06,3.06,7841600
1991-07-22,2.96,3.12,3.2,3.11,3.16,6640000
1991-07-23,2.89,3.05,3.16,3.02,3.12,5078400
1991-07-24,2.87,3.03,3.08,2.97,3.03,7033600
1991-07-25,2.96,3.12,3.16,3.0,3.03,5272000
1991-07-26,2.92,3.08,3.22,3.06,3.17,4484800
1991-07-29,2.9,3.06,3.09,3.02,3.09,4248000
1991-07-30,3.05,3.22,3.23,3.07,3.09,6675200
1991-07-31,3.17,3.34,3.36,3.23,3.25,11228800
1991-08-01,3.24,3.42,3.45,3.34,3.34,9705600
1991-08-02,3.23,3.41,3.48,3.37,3.45,10979200
1991-08-05,3.14,3.31,3.38,3.31,3.34,6307200
1991-08-06,3.23,3.41,3.44,3.3,3.31,4654400
1991-08-07,3.31,3.49,3.5,3.42,3.42,10126400
1991-08-08,3.4,3.59,3.61,3.48,3.5,7688000
1991-08-09,3.42,3.61,3.66,3.56,3.59,5080000
1991-08-12,3.43,3.62,3.66,3.58,3.62,3592000
1991-08-13,3.48,3.67,3.73,3.66,3.67,8385600
1991-08-14,3.55,3.75,3.78,3.7,3.7,8089600
1991-08-15,3.43,3.62,3.77,3.62,3.77,7384000
1991-08-16,3.11,3.28,3.61,3.24,3.59,32387200
1991-08-19,2.98,3.14,3.28,3.08,3.09,17624000
1991-08-20,2.89,3.05,3.3,2.98,3.17,23100800
1991-08-21,3.05,3.22,3.23,3.06,3.19,22249600
1991-08-22,3.09,3.26,3.3,3.12,3.23,14275200
1991-08-23,3.08,3.25,3.31,3.2,3.22,9331200
1991-08-26,3.11,3.28,3.31,3.23,3.23,7347200
1991-08-27,3.05,3.22,3.3,3.18,3.3,16974400
1991-08-28,3.05,3.22,3.25,3.17,3.23,9057600
1991-08-29,3.02,3.19,3.25,3.17,3.2,9236800
1991-08-30,3.01,3.18,3.2,3.12,3.2,4576000
1991-09-03,2.97,3.13,3.2,3.12,3.2,8420800
1991-09-04,2.82,2.98,3.16,2.91,3.12,14188800
1991-09-05,2.72,2.88,3.03,2.84,2.98,17748800
1991-09-06,2.75,2.91,2.95,2.83,2.92,11454400
1991-09-09,2.78,2.93,2.94,2.86,2.89,3651200
1991-09-10,2.69,2.84,2.94,2.81,2.94,5529600
1991-09-11,2.65,2.8,2.86,2.7,2.86,12673600
1991-09-12,2.63,2.78,2.84,2.73,2.83,12169600
1991-09-13,2.5,2.64,2.8,2.61,2.75,16520000
1991-09-16,2.55,2.7,2.72,2.58,2.62,10107200
1991-09-17,2.61,2.75,2.77,2.66,2.69,11758400
1991-09-18,2.65,2.8,2.88,2.75,2.77,12432000
1991-09-19,3.05,3.22,3.23,2.88,2.94,43020800
1991-09-20,3.2,3.38,3.48,3.27,3.27,20544000
1991-09-23,3.09,3.27,3.34,3.14,3.28,10152000
1991-09-24,3.07,3.24,3.28,3.17,3.25,7313600
1991-09-25,3.05,3.22,3.25,3.17,3.23,4774400
1991-09-26,3.04,3.2,3.27,3.2,3.23,4427200
1991-09-27,2.98,3.14,3.25,3.14,3.2,4512000
1991-09-30,3.04,3.2,3.22,3.12,3.14,5950400
1991-10-01,3.2,3.37,3.41,3.2,3.2,11526400
1991-10-02,3.15,3.32,3.38,3.31,3.38,4833600
1991-10-03,3.13,3.3,3.33,3.27,3.28,7075200
1991-10-04,3.13,3.3,3.34,3.27,3.3,3827200
1991-10-07,3.07,3.23,3.3,3.2,3.27,4900800
1991-10-08,3.08,3.25,3.25,3.19,3.22,1966400
1991-10-09,3.04,3.2,3.25,3.2,3.22,1622400
1991-10-10,2.97,3.12,3.25,3.12,3.22,7260800
1991-10-11,2.91,3.06,3.16,3.0,3.16,8640000
1991-10-14,2.95,3.11,3.12,3.03,3.05,3961600
1991-10-15,3.03,3.2,3.22,3.09,3.11,5587200
1991-10-16,3.21,3.38,3.39,3.17,3.2,9288000
1991-10-17,3.2,3.38,3.48,3.31,3.38,8854400
1991-10-18,3.31,3.48,3.48,3.36,3.36,8161600
1991-10-21,3.25,3.42,3.48,3.38,3.44,3992000
1991-10-22,3.23,3.41,3.45,3.39,3.42,2907200
1991-10-23,3.17,3.34,3.44,3.28,3.42,7822400
1991-10-24,3.04,3.2,3.34,3.19,3.3,8136000
1991-10-25,2.94,3.1,3.2,3.09,3.17,7140800
1991-10-28,3.02,3.19,3.2,3.1,3.12,4305600
1991-10-29,3.1,3.27,3.33,3.19,3.22,10956800
1991-10-30,3.23,3.41,3.45,3.28,3.28,6683200
1991-10-31,3.14,3.31,3.42,3.31,3.39,3020800
1991-11-01,3.04,3.2,3.27,3.17,3.25,7998400
1991-11-04,2.98,3.14,3.17,3.09,3.14,5924800
1991-11-05,3.02,3.19,3.27,3.16,3.17,4640000
1991-11-06,3.07,3.23,3.27,3.16,3.22,3995200
1991-11-07,3.13,3.3,3.33,3.23,3.25,3798400
1991-11-08,3.2,3.38,3.39,3.34,3.38,6006400
1991-11-11,3.23,3.41,3.44,3.34,3.34,1907200
1991-11-12,3.23,3.41,3.44,3.38,3.42,4444800
1991-11-13,3.34,3.52,3.55,3.34,3.38,10472000
1991-11-14,3.42,3.61,3.62,3.5,3.52,9828800
1991-11-15,3.14,3.31,3.62,3.31,3.61,10568000
1991-11-18,3.21,3.38,3.44,3.23,3.31,10948800
1991-11-19,3.14,3.3,3.34,3.2,3.33,15992000
1991-11-20,2.95,3.11,3.38,3.02,3.34,24123200
1991-11-21,2.97,3.12,3.19,3.06,3.12,12494400
1991-11-22,2.86,3.02,3.16,2.92,3.12,13694400
1991-11-25,2.89,3.05,3.11,2.98,3.03,6073600
1991-11-26,2.92,3.08,3.11,2.94,3.06,5918400
1991-11-27,2.88,3.03,3.08,2.98,3.08,4222400
1991-11-29,2.85,3.0,3.03,2.98,3.03,1238400
1991-12-02,2.99,3.16,3.16,2.95,2.95,5796800
1991-12-03,2.92,3.08,3.23,3.05,3.16,7926400
1991-12-04,2.98,3.14,3.22,3.09,3.19,5702400
1991-12-05,3.02,3.19,3.23,3.12,3.17,5497600
1991-12-06,2.97,3.12,3.2,3.08,3.14,6905600
1991-12-09,3.04,3.2,3.28,3.12,3.16,6796800
1991-12-10,2.99,3.16,3.27,3.16,3.2,3892800
1991-12-11,2.99,3.16,3.23,3.11,3.22,4147200
1991-12-12,3.11,3.28,3.31,3.14,3.16,5873600
1991-12-13,3.17,3.34,3.34,3.3,3.3,9147200
1991-12-16,3.29,3.47,3.52,3.31,3.34,8062400
1991-12-17,3.23,3.41,3.48,3.39,3.48,6382400
1991-12-18,3.35,3.53,3.61,3.39,3.42,9510400
1991-12-19,3.34,3.52,3.55,3.45,3.45,4897600
1991-12-20,3.26,3.44,3.58,3.41,3.55,5472000
1991-12-23,3.54,3.73,3.73,3.44,3.44,10180800
1991-12-24,3.56,3.75,3.81,3.69,3.72,13220800
1991-12-26,3.71,3.91,3.94,3.73,3.77,7128000
1991-12-27,3.72,3.92,3.98,3.8,3.95,12185600
1991-12-30,3.91,4.12,4.16,3.95,4.0,8304000
1991-12-31,3.88,4.09,4.23,4.09,4.14,14126400
1992-01-02,4.02,4.23,4.25,4.0,4.05,12774400
1992-01-03,3.91,4.12,4.23,4.09,4.23,16043200
1992-01-06,3.94,4.16,4.16,4.03,4.11,9374400
1992-01-07,3.87,4.08,4.28,4.08,4.11,13521600
1992-01-08,3.9,4.11,4.27,4.05,4.06,14401600
1992-01-09,3.74,3.94,3.95,3.77,3.81,43704000
1992-01-10,3.61,3.8,3.93,3.73,3.91,14809600
1992-01-13,3.55,3.73,3.8,3.67,3.78,13131200
1992-01-14,3.8,4.0,4.02,3.7,3.73,19137600
1992-01-15,3.8,4.0,4.08,3.94,4.06,8449600
1992-01-16,3.7,3.89,4.0,3.81,4.0,6227200
1992-01-17,3.79,3.99,4.05,3.91,3.92,12505600
1992-01-20,3.71,3.91,4.02,3.91,4.02,6361600
1992-01-21,3.64,3.83,3.91,3.78,3.89,9180800
1992-01-22,3.76,3.95,3.95,3.84,3.84,3256000
1992-01-23,3.76,3.95,4.03,3.92,3.97,5484800
1992-01-24,3.79,3.98,4.05,3.94,3.94,4144000
1992-01-27,3.79,3.98,4.04,3.98,4.03,2414400
1992-01-28,3.81,4.02,4.11,3.98,4.0,9104000
1992-01-29,3.76,3.95,4.05,3.95,4.0,3976000
1992-01-30,3.74,3.94,3.98,3.88,3.95,3203200
1992-01-31,3.64,3.84,4.0,3.81,4.0,5577600
1992-02-03,3.67,3.86,3.91,3.8,3.83,2438400
1992-02-04,3.76,3.95,3.97,3.83,3.88,5740800
1992-02-05,3.81,4.02,4.03,3.91,3.95,8662400
1992-02-06,3.77,3.97,4.06,3.95,4.02,3368000
1992-02-07,3.73,3.92,3.98,3.78,3.95,7395200
1992-02-10,3.64,3.83,3.97,3.8,3.88,3585600
1992-02-11,3.48,3.66,3.84,3.64,3.84,9313600
1992-02-12,3.63,3.82,3.83,3.59,3.66,11160000
1992-02-13,3.49,3.67,3.81,3.64,3.81,6296000
1992-02-14,3.44,3.62,3.69,3.61,3.62,5275200
1992-02-18,3.37,3.55,3.7,3.5,3.66,7302400
1992-02-19,3.32,3.49,3.66,3.47,3.57,16516800
1992-02-20,3.38,3.56,3.6,3.48,3.48,5720000
1992-02-21,3.31,3.48,3.58,3.42,3.55,8640000
1992-02-24,3.35,3.53,3.56,3.44,3.48,5731200
1992-02-25,3.33,3.51,3.55,3.44,3.53,5008000
1992-02-26,3.49,3.67,3.7,3.53,3.55,5212800
1992-02-27,3.27,3.44,3.7,3.41,3.64,16169600
1992-02-28,3.35,3.53,3.58,3.47,3.48,10368000
1992-03-02,3.37,3.55,3.55,3.47,3.52,4931200
1992-03-03,3.33,3.5,3.67,3.5,3.58,10595200
1992-03-04,3.22,3.39,3.5,3.34,3.45,25260800
1992-03-05,3.12,3.28,3.45,3.22,3.34,21838400
1992-03-06,3.0,3.16,3.3,3.09,3.28,21825600
1992-03-09,3.03,3.19,3.23,3.16,3.16,11440000
1992-03-10,3.06,3.22,3.28,3.19,3.23,8332800
1992-03-11,3.0,3.16,3.19,3.11,3.16,8366400
1992-03-12,3.07,3.23,3.23,3.12,3.19,5892800
1992-03-13,3.09,3.25,3.28,3.23,3.25,2828800
1992-03-16,3.12,3.28,3.33,3.23,3.28,4294400
1992-03-17,3.33,3.5,3.53,3.38,3.38,20252800
1992-03-18,3.27,3.44,3.52,3.39,3.5,8326400
1992-03-19,3.33,3.5,3.5,3.28,3.34,20489600
1992-03-20,3.25,3.42,3.5,3.41,3.5,5920000
1992-03-23,3.29,3.46,3.48,3.38,3.42,2801600
1992-03-24,3.22,3.38,3.5,3.34,3.48,10275200
1992-03-25,3.27,3.44,3.47,3.38,3.38,3523200
1992-03-26,3.26,3.42,3.47,3.41,3.47,5241600
1992-03-27,3.17,3.33,3.44,3.25,3.39,7934400
1992-03-30,3.15,3.31,3.39,3.27,3.3,7043200
1992-03-31,3.05,3.2,3.33,3.2,3.33,7040000
1992-04-01,2.96,3.11,3.19,3.06,3.17,16076800
1992-04-02,2.87,3.02,3.16,3.0,3.14,12094400
1992-04-03,2.85,2.99,3.03,2.92,3.0,7433600
1992-04-06,2.88,3.03,3.06,2.92,3.0,7113600
1992-04-07,2.56,2.69,3.03,2.66,3.03,44185600
1992-04-08,2.46,2.59,2.73,2.45,2.72,35868800
1992-04-09,2.54,2.67,2.7,2.58,2.59,27092800
1992-04-10,2.37,2.49,2.75,2.47,2.72,21086400
1992-04-13,2.51,2.64,2.69,2.5,2.52,10636800
1992-04-14,2.56,2.7,2.81,2.67,2.7,11635200
1992-04-15,2.54,2.67,2.75,2.64,2.72,12468800
1992-04-16,2.48,2.61,2.67,2.58,2.67,8296000
1992-04-20,2.42,2.55,2.62,2.45,2.61,15836800
1992-04-21,2.39,2.52,2.59,2.52,2.56,6969600
1992-04-22,2.47,2.59,2.61,2.5,2.55,6780800
1992-04-23,2.41,2.53,2.62,2.45,2.61,11084800
1992-04-24,2.36,2.48,2.53,2.45,2.53,8081600
1992-04-27,2.26,2.38,2.48,2.34,2.48,12577600
1992-04-28,2.32,2.44,2.47,2.38,2.39,8851200
1992-04-29,2.48,2.61,2.62,2.45,2.47,9684800
1992-04-30,2.63,2.77,2.78,2.61,2.61,12385600
1992-05-01,2.59,2.72,2.83,2.66,2.77,14264000
1992-05-04,2.68,2.81,2.84,2.72,2.73,7067200
1992-05-05,2.82,2.97,2.98,2.8,2.83,16585600
1992-05-06,2.85,3.0,3.03,2.94,3.0,7251200
1992-05-07,2.8,2.95,3.02,2.89,2.98,11592000
1992-05-08,2.78,2.92,2.95,2.91,2.95,4363200
1992-05-11,2.78,2.92,2.95,2.88,2.95,7224000
1992-05-12,2.71,2.85,2.95,2.83,2.94,6262400
1992-05-13,2.71,2.84,2.86,2.78,2.86,13123200
1992-05-14,2.68,2.82,2.86,2.77,2.83,15998400
1992-05-15,2.69,2.83,2.84,2.78,2.8,2728000
1992-05-18,2.74,2.88,2.97,2.83,2.83,9041600
1992-05-19,2.71,2.84,2.88,2.78,2.88,3771200
1992-05-20,2.78,2.92,2.92,2.83,2.87,6444800
1992-05-21,2.66,2.8,2.91,2.8,2.89,12148800
1992-05-22,2.66,2.8,2.81,2.75,2.8,3420800
1992-05-26,2.68,2.81,2.83,2.72,2.78,4276800
1992-05-27,2.66,2.8,2.84,2.75,2.83,6716800
1992-05-28,2.68,2.81,2.85,2.74,2.81,7516800
1992-05-29,2.71,2.84,2.91,2.81,2.83,7603200
1992-06-01,2.84,2.98,3.0,2.8,2.83,8315200
1992-06-02,2.88,3.03,3.08,2.98,3.0,11156800
1992-06-03,2.9,3.05,3.05,2.98,3.02,3684800
1992-06-04,2.79,2.93,3.03,2.91,3.0,5331200
1992-06-05,2.76,2.9,2.94,2.86,2.94,4150400
1992-06-08,2.71,2.84,2.91,2.84,2.91,4468800
1992-06-09,2.68,2.81,2.85,2.75,2.85,5971200
1992-06-10,2.64,2.77,2.86,2.77,2.81,5312000
1992-06-11,2.65,2.78,2.83,2.75,2.78,6923200
1992-06-12,2.59,2.72,2.83,2.67,2.83,10177600
1992-06-15,2.51,2.64,2.8,2.59,2.7,17232000
1992-06-16,2.54,2.67,2.72,2.62,2.64,9387200
1992-06-17,2.74,2.88,2.94,2.72,2.78,33166400
1992-06-18,2.69,2.83,2.94,2.81,2.91,8772800
1992-06-19,2.62,2.75,2.86,2.72,2.86,14187200
1992-06-22,2.74,2.88,2.88,2.72,2.75,5376000
1992-06-23,2.73,2.86,2.92,2.81,2.88,10689600
1992-06-24,2.64,2.77,2.86,2.73,2.85,7763200
1992-06-25,2.56,2.69,2.77,2.66,2.75,7592000
1992-06-26,2.52,2.64,2.67,2.61,2.62,7044800
1992-06-29,2.67,2.8,2.81,2.67,2.69,6888000
1992-06-30,2.71,2.84,2.88,2.77,2.82,12339200
1992-07-01,2.74,2.88,2.94,2.83,2.83,8179200
1992-07-02,2.67,2.8,2.91,2.77,2.89,8996800
1992-07-06,2.66,2.79,2.8,2.73,2.78,10750400
1992-07-07,2.55,2.67,2.83,2.67,2.79,14611200
1992-07-08,2.59,2.72,2.73,2.62,2.67,15089600
1992-07-09,2.64,2.77,2.8,2.7,2.72,9080000
1992-07-10,2.62,2.75,2.78,2.69,2.77,10577600
1992-07-13,2.71,2.84,2.86,2.73,2.75,8752000
1992-07-14,2.67,2.8,2.86,2.8,2.84,4844800
1992-07-15,2.61,2.73,2.83,2.73,2.81,13582400
1992-07-16,2.64,2.77,2.78,2.67,2.69,10931200
1992-07-17,2.58,2.7,2.77,2.69,2.77,9296000
1992-07-20,2.51,2.63,2.67,2.55,2.67,19161600
1992-07-21,2.4,2.52,2.69,2.5,2.66,29612800
1992-07-22,2.32,2.44,2.53,2.42,2.48,19401600
1992-07-23,2.26,2.37,2.45,2.3,2.42,25521600
1992-07-24,2.16,2.27,2.45,2.25,2.36,16163200
1992-07-27,2.16,2.27,2.3,2.23,2.27,7652800
1992-07-28,2.25,2.36,2.39,2.28,2.28,14283200
1992-07-29,2.29,2.41,2.44,2.36,2.41,9846400
1992-07-30,2.31,2.42,2.45,2.38,2.39,8800000
1992-07-31,2.26,2.38,2.45,2.3,2.45,11228800
1992-08-03,2.27,2.38,2.39,2.31,2.34,11302400
1992-08-04,2.26,2.38,2.39,2.34,2.38,15241600
1992-08-05,2.19,2.3,2.39,2.28,2.38,12414400
1992-08-06,2.14,2.25,2.27,2.17,2.25,22044800
1992-08-07,2.14,2.24,2.28,2.2,2.25,11768000
1992-08-10,2.13,2.23,2.27,2.2,2.22,5902400
1992-08-11,2.09,2.2,2.27,2.19,2.27,15720000
1992-08-12,2.11,2.22,2.23,2.19,2.22,8782400
1992-08-13,2.18,2.29,2.3,2.23,2.23,5278400
1992-08-14,2.24,2.35,2.36,2.28,2.28,4672000
1992-08-17,2.28,2.39,2.41,2.31,2.36,14035200
1992-08-18,2.23,2.34,2.39,2.34,2.39,4606400
1992-08-19,2.25,2.36,2.38,2.31,2.34,13411200
1992-08-20,2.2,2.31,2.38,2.28,2.34,6860800
1992-08-21,2.19,2.3,2.34,2.28,2.34,3910400
1992-08-24,2.14,2.25,2.28,2.23,2.27,6300800
1992-08-25,2.14,2.24,2.25,2.2,2.22,6036800
1992-08-26,1.91,2.01,2.16,1.98,2.14,35732800
1992-08-27,1.98,2.08,2.09,2.02,2.06,19083200
1992-08-28,1.97,2.06,2.11,2.05,2.08,6614400
1992-08-31,1.94,2.03,2.08,2.0,2.05,9176000
1992-09-01,2.06,2.16,2.19,2.02,2.03,12753600
1992-09-02,2.14,2.24,2.25,2.11,2.19,16035200
1992-09-03,2.11,2.22,2.28,2.19,2.27,12294400
1992-09-04,2.07,2.17,2.22,2.14,2.2,3475200
1992-09-08,2.01,2.11,2.17,2.09,2.17,5211200
1992-09-09,1.97,2.07,2.11,2.03,2.11,9776000
1992-09-10,1.98,2.08,2.09,2.02,2.08,17332800
1992-09-11,1.93,2.02,2.08,1.97,2.08,12038400
1992-09-14,1.97,2.06,2.08,1.98,2.06,9820800
1992-09-15,2.01,2.11,2.19,1.98,2.03,23350400
1992-09-16,1.95,2.05,2.16,1.94,1.97,31704000
1992-09-17,1.94,2.03,2.08,1.98,2.03,11251200
1992-09-18,1.95,2.05,2.06,2.02,2.03,5936000
1992-09-21,1.94,2.04,2.05,2.0,2.02,11414400
1992-09-22,1.91,2.01,2.06,1.98,2.03,5603200
1992-09-23,1.76,1.84,2.0,1.79,1.98,44267200
1992-09-24,1.75,1.83,1.84,1.78,1.83,31158400
1992-09-25,1.69,1.77,1.84,1.75,1.84,11201600
1992-09-28,1.67,1.75,1.8,1.75,1.75,4992000
1992-09-29,1.64,1.72,1.78,1.66,1.78,20166400
1992-09-30,1.68,1.76,1.78,1.69,1.73,7907200
1992-10-01,1.66,1.73,1.8,1.72,1.77,7609600
1992-10-02,1.61,1.68,1.77,1.67,1.73,12192000
1992-10-05,1.68,1.76,1.77,1.64,1.67,14660800
1992-10-06,1.66,1.73,1.78,1.72,1.78,6745600
1992-10-07,1.61,1.68,1.73,1.67,1.73,10272000
1992-10-08,1.61,1.68,1.7,1.62,1.7,5028800
1992-10-09,1.57,1.64,1.69,1.61,1.67,5291200
1992-10-12,1.61,1.69,1.69,1.62,1.62,12924800
1992-10-13,1.55,1.62,1.67,1.58,1.64,9000000
1992-10-14,1.61,1.69,1.7,1.59,1.62,8184000
1992-10-15,1.61,1.68,1.69,1.64,1.69,7476800
1992-10-16,1.71,1.79,1.89,1.66,1.7,21963200
1992-10-19,1.87,1.96,2.0,1.78,1.8,24496000
1992-10-20,1.82,1.91,2.0,1.88,2.0,9889600
1992-10-21,1.83,1.91,1.98,1.89,1.89,8054400
1992-10-22,1.82,1.91,1.92,1.75,1.91,25438400
1992-10-23,1.82,1.91,1.94,1.86,1.91,9176000
1992-10-26,1.99,2.09,2.09,1.88,1.91,18145600
1992-10-27,2.01,2.1,2.16,2.05,2.09,14422400
1992-10-28,2.08,2.18,2.23,2.08,2.09,13939200
1992-10-29,2.11,2.2,2.21,2.09,2.19,12668800
1992-10-30,2.13,2.23,2.25,2.11,2.19,12608000
1992-11-02,2.09,2.19,2.23,2.16,2.2,6494400
1992-11-03,2.02,2.11,2.22,2.08,2.22,10296000
1992-11-04,2.08,2.17,2.2,2.03,2.09,15520000
1992-11-05,2.28,2.39,2.41,2.11,2.17,26206400
1992-11-06,2.24,2.34,2.41,2.25,2.39,19107200
1992-11-09,2.2,2.3,2.34,2.27,2.34,7761600
1992-11-10,2.18,2.28,2.36,2.2,2.2,12339200
1992-11-11,2.03,2.12,2.28,2.11,2.23,20529600
1992-11-12,2.01,2.1,2.2,2.09,2.16,10408000
1992-11-13,2.05,2.15,2.16,2.05,2.09,9144000
1992-11-16,2.08,2.18,2.2,2.12,2.17,5772800
1992-11-17,1.93,2.02,2.11,1.97,2.09,19996800
1992-11-18,1.96,2.05,2.08,1.97,2.02,10601600
1992-11-19,1.99,2.08,2.09,2.05,2.08,5979200
1992-11-20,1.9,1.98,2.08,1.97,2.08,9508800
1992-11-23,1.93,2.02,2.06,1.95,2.0,7600000
1992-11-24,1.99,2.09,2.12,2.0,2.02,9526400
1992-11-25,2.03,2.12,2.12,2.09,2.09,4939200
1992-11-27,1.97,2.06,2.12,2.03,2.12,4166400
1992-11-30,2.03,2.12,2.14,2.05,2.06,6032000
1992-12-01,2.05,2.14,2.19,2.12,2.14,8142400
1992-12-02,2.08,2.17,2.17,2.12,2.17,4518400
1992-12-03,2.09,2.19,2.22,2.12,2.17,8873600
1992-12-04,1.98,2.07,2.16,2.03,2.08,17780800
1992-12-07,2.03,2.12,2.15,2.06,2.06,5208000
1992-12-08,2.03,2.12,2.14,2.06,2.11,5752000
1992-12-09,1.99,2.08,2.12,2.05,2.12,4219200
1992-12-10,1.91,2.0,2.05,1.98,2.03,6912000
1992-12-11,1.84,1.92,2.03,1.91,2.0,9139200
1992-12-14,1.81,1.89,1.94,1.86,1.91,9112000
1992-12-15,1.81,1.89,1.91,1.81,1.88,5865600
1992-12-16,1.76,1.84,1.91,1.84,1.89,5358400
1992-12-17,1.83,1.91,1.94,1.81,1.86,8300800
1992-12-18,1.82,1.91,1.94,1.88,1.92,3798400
1992-12-21,1.85,1.94,1.97,1.89,1.91,4576000
1992-12-22,1.86,1.95,1.97,1.91,1.92,3598400
1992-12-23,1.85,1.94,1.95,1.92,1.92,4563200
1992-12-24,1.84,1.93,1.95,1.92,1.95,1561600
1992-12-28,1.81,1.89,1.94,1.88,1.91,2457600
1992-12-29,1.79,1.88,1.93,1.86,1.89,3387200
1992-12-30,1.88,1.97,1.98,1.88,1.89,6808000
1992-12-31,1.88,1.97,2.02,1.97,1.98,4347200
1993-01-04,1.99,2.08,2.08,1.95,2.0,8888000
1993-01-05,2.02,2.11,2.12,2.03,2.06,7502400
1993-01-06,2.0,2.09,2.16,2.03,2.12,13830400
1993-01-07,1.96,2.05,2.09,2.05,2.06,6716800
1993-01-08,1.99,2.08,2.09,2.05,2.05,9043200
1993-01-11,2.03,2.12,2.12,2.05,2.06,4737600
1993-01-12,1.97,2.06,2.14,2.03,2.09,8137600
1993-01-13,2.4,2.52,2.52,2.23,2.28,73060800
1993-01-14,2.31,2.42,2.58,2.42,2.52,36984000
1993-01-15,2.39,2.5,2.55,2.38,2.39,24395200
1993-01-18,2.33,2.44,2.52,2.44,2.47,8908800
1993-01-19,2.36,2.47,2.47,2.38,2.45,19310400
1993-01-20,2.51,2.62,2.66,2.44,2.47,18731200
1993-01-21,2.64,2.76,2.86,2.62,2.62,26838400
1993-01-22,2.64,2.76,2.83,2.72,2.77,10870400
1993-01-25,2.57,2.69,2.77,2.67,2.77,9750400
1993-01-26,2.59,2.7,2.77,2.69,2.7,5976000
1993-01-27,2.48,2.59,2.72,2.55,2.72,13096000
1993-01-28,2.5,2.61,2.62,2.55,2.58,7868800
1993-01-29,2.48,2.59,2.64,2.56,2.64,4990400
1993-02-01,2.6,2.72,2.75,2.53,2.58,8670400
1993-02-02,2.72,2.84,2.86,2.73,2.75,11491200
1993-02-03,2.59,2.7,2.86,2.69,2.86,11788800
1993-02-04,2.62,2.73,2.78,2.7,2.73,6441600
1993-02-05,2.49,2.6,2.77,2.59,2.73,9843200
1993-02-08,2.51,2.62,2.67,2.58,2.58,6315200
1993-02-09,2.48,2.59,2.62,2.58,2.62,2131200
1993-02-10,2.45,2.56,2.62,2.5,2.59,6713600
1993-02-11,2.51,2.62,2.66,2.58,2.59,3332800
1993-02-12,2.43,2.54,2.62,2.53,2.62,4668800
1993-02-16,2.42,2.52,2.53,2.45,2.48,11275200
1993-02-17,2.47,2.58,2.59,2.53,2.58,10768000
1993-02-18,2.53,2.64,2.66,2.53,2.61,11017600
1993-02-19,2.62,2.73,2.75,2.64,2.67,8609600
1993-02-22,2.52,2.63,2.73,2.58,2.73,8766400
1993-02-23,2.44,2.55,2.66,2.55,2.66,6059200
1993-02-24,2.54,2.66,2.69,2.52,2.55,8977600
1993-02-25,2.66,2.78,2.78,2.64,2.66,13163200
1993-02-26,2.67,2.79,2.84,2.72,2.78,14088000
1993-03-01,2.57,2.69,2.84,2.66,2.83,6612800
1993-03-02,2.63,2.75,2.77,2.61,2.62,9382400
1993-03-03,2.68,2.8,2.86,2.73,2.77,11833600
1993-03-04,2.63,2.75,2.83,2.66,2.83,10683200
1993-03-05,2.68,2.8,2.83,2.72,2.72,12636800
1993-03-08,2.78,2.9,2.91,2.8,2.8,9841600
1993-03-09,2.71,2.83,2.94,2.81,2.91,8081600
1993-03-10,2.74,2.86,2.89,2.8,2.81,6457600
1993-03-11,2.68,2.8,2.86,2.77,2.84,4448000
1993-03-12,2.74,2.86,2.88,2.75,2.77,6542400
1993-03-15,2.78,2.91,2.92,2.84,2.88,4398400
1993-03-16,2.75,2.88,2.94,2.81,2.92,13131200
1993-03-17,2.62,2.73,2.91,2.72,2.89,16121600
1993-03-18,2.6,2.71,2.81,2.69,2.75,7395200
1993-03-19,2.62,2.73,2.73,2.66,2.7,8912000
1993-03-22,2.59,2.7,2.73,2.64,2.7,7721600
1993-03-23,2.61,2.73,2.77,2.66,2.66,6651200
1993-03-24,2.58,2.7,2.75,2.66,2.73,4387200
1993-03-25,2.64,2.76,2.77,2.69,2.7,3052800
1993-03-26,2.67,2.78,2.78,2.72,2.78,2918400
1993-03-29,2.65,2.77,2.83,2.73,2.78,5401600
1993-03-30,2.59,2.7,2.75,2.69,2.75,2608000
1993-03-31,2.58,2.69,2.73,2.67,2.72,2915200
1993-04-01,2.55,2.66,2.72,2.66,2.69,1971200
1993-04-02,2.44,2.55,2.66,2.53,2.62,6643200
1993-04-05,2.4,2.5,2.55,2.48,2.53,6344000
1993-04-06,2.26,2.36,2.54,2.34,2.53,8904000
1993-04-07,2.42,2.52,2.53,2.31,2.34,11926400
1993-04-08,2.5,2.61,2.61,2.52,2.53,10356800
1993-04-12,2.55,2.66,2.66,2.54,2.61,10347200
1993-04-13,2.61,2.72,2.8,2.67,2.69,17801600
1993-04-14,2.68,2.8,2.81,2.7,2.72,8078400
1993-04-15,2.67,2.78,2.84,2.77,2.8,7184000
1993-04-16,2.65,2.77,2.8,2.75,2.78,5030400
1993-04-19,2.64,2.75,2.81,2.73,2.78,7080000
1993-04-20,2.62,2.73,2.77,2.7,2.73,6880000
1993-04-21,2.79,2.91,2.94,2.75,2.78,11470400
1993-04-22,2.87,2.99,3.09,2.91,2.91,22411200
1993-04-23,2.83,2.95,3.0,2.94,2.97,10193600
1993-04-26,2.71,2.83,2.98,2.8,2.94,10947200
1993-04-27,3.01,3.13,3.15,2.83,2.83,27652800
1993-04-28,3.3,3.44,3.45,3.16,3.16,34280000
1993-04-29,3.43,3.58,3.62,3.33,3.36,36372800
1993-04-30,3.43,3.58,3.61,3.5,3.58,26129600
1993-05-03,3.55,3.7,3.73,3.56,3.56,17595200
1993-05-04,3.74,3.9,3.97,3.69,3.7,21390400
1993-05-05,3.66,3.81,3.84,3.73,3.77,34750400
1993-05-06,3.55,3.7,3.88,3.69,3.81,19702400
1993-05-07,3.6,3.75,3.78,3.66,3.7,14156800
1993-05-10,3.58,3.73,3.78,3.73,3.75,7246400
1993-05-11,3.57,3.72,3.75,3.69,3.73,7828800
1993-05-12,3.55,3.7,3.73,3.66,3.72,6036800
1993-05-13,3.49,3.63,3.69,3.62,3.66,11220800
1993-05-14,3.67,3.82,3.83,3.62,3.62,10094400
1993-05-17,3.79,3.95,3.98,3.81,3.83,13086400
1993-05-18,3.88,4.05,4.11,3.95,3.98,16313600
1993-05-19,4.11,4.28,4.33,4.0,4.06,19832000
1993-05-20,4.02,4.19,4.34,4.16,4.31,11476800
1993-05-21,3.93,4.09,4.16,4.09,4.12,8777600
1993-05-24,3.91,4.07,4.14,4.03,4.08,6611200
1993-05-25,4.13,4.3,4.31,4.05,4.08,12836800
1993-05-26,4.24,4.42,4.42,4.25,4.31,10644800
1993-05-27,4.06,4.23,4.47,4.22,4.42,12513600
1993-05-28,3.96,4.12,4.22,4.06,4.2,7840000
1993-06-01,4.05,4.22,4.27,4.03,4.11,16003200
1993-06-02,3.95,4.12,4.25,4.11,4.25,7012800
1993-06-03,3.9,4.06,4.12,4.02,4.11,15556800
1993-06-04,3.91,4.08,4.16,4.0,4.03,13878400
1993-06-07,3.79,3.95,4.16,3.92,4.11,10984000
1993-06-08,3.88,4.04,4.05,3.83,3.89,21470400
1993-06-09,4.12,4.3,4.41,4.02,4.02,37563200
1993-06-10,4.05,4.22,4.31,4.19,4.27,11603200
1993-06-11,4.17,4.34,4.39,4.22,4.28,8873600
1993-06-14,4.35,4.53,4.59,4.38,4.45,24041600
1993-06-15,4.32,4.5,4.62,4.48,4.58,20964800
1993-06-16,4.14,4.31,4.45,4.12,4.44,38678400
1993-06-17,4.16,4.34,4.36,4.03,4.19,50609600
1993-06-18,3.94,4.1,4.36,4.09,4.36,18529600
1993-06-21,3.85,4.01,4.11,3.98,4.09,18872000
1993-06-22,3.69,3.84,4.05,3.84,4.05,18076800
1993-06-23,3.8,3.95,4.0,3.83,3.83,17027200
1993-06-24,3.92,4.08,4.08,3.92,3.92,10155200
1993-06-25,3.97,4.12,4.19,4.06,4.08,11900800
1993-06-28,3.95,4.11,4.2,4.05,4.17,8816000
1993-06-29,3.79,3.94,4.12,3.91,4.11,8958400
1993-06-30,3.71,3.86,3.97,3.84,3.97,11644800
1993-07-01,3.59,3.73,3.92,3.69,3.83,23516800
1993-07-02,3.55,3.7,3.75,3.66,3.75,12180800
1993-07-06,3.35,3.48,3.58,3.47,3.55,28729600
1993-07-07,3.31,3.45,3.47,3.39,3.47,12449600
1993-07-08,3.41,3.55,3.55,3.44,3.44,13584000
1993-07-09,3.57,3.71,3.73,3.56,3.58,14848000
1993-07-12,3.53,3.67,3.77,3.62,3.72,8803200
1993-07-13,3.51,3.65,3.69,3.64,3.67,6457600
1993-07-14,3.5,3.64,3.67,3.59,3.64,7259200
1993-07-15,3.38,3.52,3.62,3.52,3.62,9596800
1993-07-16,3.25,3.38,3.48,3.31,3.48,11676800
1993-07-19,3.12,3.25,3.39,3.19,3.38,16475200
1993-07-20,3.18,3.31,3.39,3.23,3.28,8721600
1993-07-21,3.16,3.29,3.34,3.25,3.33,6233600
1993-07-22,3.18,3.31,3.44,3.28,3.28,7790400
1993-07-23,3.21,3.34,3.36,3.27,3.31,7339200
1993-07-26,3.32,3.45,3.47,3.34,3.34,6969600
1993-07-27,3.14,3.27,3.45,3.27,3.45,16166400
1993-07-28,3.14,3.27,3.34,3.23,3.27,9148800
1993-07-29,3.05,3.17,3.28,3.14,3.2,8982400
1993-07-30,2.97,3.09,3.25,2.97,3.12,26449600
1993-08-02,2.99,3.11,3.22,3.09,3.09,21081600
1993-08-03,3.06,3.19,3.19,3.11,3.12,6172800
1993-08-04,3.16,3.29,3.3,3.14,3.16,7323200
1993-08-05,3.22,3.35,3.38,3.31,3.31,6929600
1993-08-06,3.24,3.37,3.41,3.33,3.36,8004800
1993-08-09,3.24,3.37,3.39,3.34,3.39,3243200
1993-08-10,3.24,3.37,3.41,3.33,3.36,5950400
1993-08-11,3.45,3.59,3.62,3.31,3.38,15526400
1993-08-12,3.3,3.44,3.73,3.44,3.69,10441600
1993-08-13,3.24,3.38,3.5,3.28,3.5,7503200
1993-08-16,3.23,3.36,3.41,3.22,3.34,7204800
1993-08-17,3.06,3.19,3.25,3.09,3.12,10196000
1993-08-18,3.09,3.22,3.28,3.19,3.22,6364000
1993-08-19,2.84,2.95,3.25,2.91,3.22,13971200
1993-08-20,2.58,2.69,2.72,2.53,2.59,35443200
1993-08-23,2.66,2.77,2.81,2.62,2.69,5992800
1993-08-24,2.58,2.69,2.78,2.66,2.75,10741600
1993-08-25,2.42,2.52,2.69,2.47,2.69,19772000
1993-08-26,2.43,2.53,2.59,2.41,2.5,12074400
1993-08-27,2.49,2.59,2.66,2.5,2.53,14788000
1993-08-30,2.54,2.64,2.66,2.56,2.62,4836800
1993-08-31,2.55,2.66,2.69,2.59,2.62,4336800
1993-09-01,2.51,2.61,2.66,2.59,2.62,3276000
1993-09-02,2.55,2.66,2.69,2.56,2.62,4504800
1993-09-03,2.4,2.5,2.66,2.5,2.66,2657600
1993-09-07,2.34,2.44,2.56,2.41,2.5,3369600
1993-09-08,2.4,2.5,2.5,2.38,2.44,6212000
1993-09-09,2.28,2.38,2.56,2.31,2.5,8712000
1993-09-10,2.34,2.44,2.47,2.38,2.44,3314400
1993-09-13,2.28,2.38,2.47,2.34,2.45,4124000
1993-09-14,2.22,2.31,2.34,2.25,2.31,7130400
1993-09-15,2.13,2.22,2.34,2.16,2.34,9977600
1993-09-16,2.07,2.16,2.25,2.09,2.22,7200800
1993-09-17,1.98,2.06,2.16,2.03,2.09,13140800
1993-09-20,2.06,2.14,2.16,2.06,2.09,7372800
1993-09-21,2.25,2.34,2.34,2.19,2.22,16110400
1993-09-22,2.43,2.53,2.53,2.41,2.44,23664800
1993-09-23,2.16,2.25,2.34,2.12,2.31,36452000
1993-09-24,2.19,2.28,2.36,2.22,2.22,17995200
1993-09-27,2.22,2.31,2.34,2.25,2.34,6971200
1993-09-28,2.25,2.34,2.34,2.25,2.31,6044800
1993-09-29,2.24,2.33,2.45,2.31,2.34,5494400
1993-09-30,2.19,2.28,2.38,2.28,2.34,4272000
1993-10-01,2.26,2.34,2.34,2.25,2.34,5522400
1993-10-04,2.23,2.31,2.34,2.28,2.34,3192800
1993-10-05,2.2,2.28,2.34,2.25,2.34,5771200
1993-10-06,2.18,2.27,2.33,2.25,2.28,6713600
1993-10-07,2.35,2.44,2.47,2.25,2.28,9178400
1993-10-08,2.32,2.41,2.47,2.31,2.47,4687200
1993-10-11,2.32,2.41,2.44,2.38,2.41,3565600
1993-10-12,2.53,2.62,2.66,2.38,2.41,18871200
1993-10-13,2.55,2.64,2.69,2.59,2.62,9043200
1993-10-14,2.53,2.62,2.72,2.59,2.69,5694400
1993-10-15,2.68,2.78,2.81,2.59,2.66,14768800
1993-10-18,2.76,2.86,2.91,2.78,2.81,10432800
1993-10-19,2.59,2.69,2.88,2.62,2.88,11640800
1993-10-20,2.62,2.72,2.81,2.66,2.66,6745600
1993-10-21,2.74,2.84,2.88,2.62,2.72,9153600
1993-10-22,2.68,2.78,2.91,2.78,2.88,8262400
1993-10-25,2.59,2.69,2.84,2.69,2.78,9672800
1993-10-26,2.53,2.62,2.78,2.59,2.72,6409600
1993-10-27,2.59,2.69,2.78,2.59,2.62,7220800
1993-10-28,2.55,2.64,2.81,2.62,2.69,8307200
1993-10-29,2.62,2.72,2.72,2.62,2.66,3216800
1993-11-01,2.59,2.69,2.72,2.66,2.72,2652000
1993-11-02,2.56,2.66,2.72,2.62,2.66,5083200
1993-11-03,2.43,2.52,2.72,2.5,2.72,10042400
1993-11-04,2.38,2.47,2.56,2.44,2.47,7324800
1993-11-05,2.3,2.39,2.5,2.38,2.44,10615200
1993-11-08,2.44,2.53,2.56,2.38,2.38,10843200
1993-11-09,2.44,2.53,2.59,2.47,2.59,4113600
1993-11-10,2.47,2.56,2.56,2.45,2.53,1641600
1993-11-11,2.41,2.5,2.56,2.5,2.55,2428800
1993-11-12,2.39,2.48,2.56,2.44,2.5,1885600
1993-11-15,2.3,2.39,2.5,2.38,2.5,3492800
1993-11-16,2.38,2.47,2.53,2.38,2.44,2984000
1993-11-17,2.5,2.59,2.66,2.53,2.56,14538400
1993-11-18,2.52,2.61,2.69,2.56,2.62,9265600
1993-11-19,2.47,2.56,2.62,2.53,2.62,7524800
1993-11-22,2.47,2.56,2.56,2.5,2.53,6114400
1993-11-23,2.67,2.77,2.78,2.56,2.59,11596800
1993-11-24,2.74,2.84,2.91,2.75,2.75,9462400
1993-11-26,2.82,2.92,2.97,2.84,2.91,2511200
1993-11-29,2.86,2.97,3.08,2.94,2.97,14829600
1993-11-30,2.79,2.89,3.03,2.88,3.03,5111200
1993-12-01,2.98,3.09,3.12,2.88,2.94,10449600
1993-12-02,2.86,2.97,3.12,2.94,3.12,7501600
1993-12-03,2.89,3.0,3.06,2.97,2.97,11940000
1993-12-06,2.79,2.89,2.97,2.88,2.94,10272000
1993-12-07,2.79,2.89,2.94,2.84,2.88,5062400
1993-12-08,2.74,2.84,2.88,2.78,2.88,2840000
1993-12-09,2.62,2.72,2.88,2.72,2.88,6858400
1993-12-10,2.67,2.77,2.78,2.69,2.72,2917600
1993-12-13,2.7,2.8,2.81,2.75,2.78,2458400
1993-12-14,2.59,2.69,2.81,2.69,2.78,4831200
1993-12-15,2.58,2.67,2.75,2.62,2.69,4699200
1993-12-16,2.56,2.66,2.69,2.59,2.69,3192800
1993-12-17,2.56,2.66,2.72,2.62,2.66,9122400
1993-12-20,2.5,2.59,2.69,2.56,2.69,5486400
1993-12-21,2.41,2.5,2.62,2.5,2.62,6343200
1993-12-22,2.55,2.64,2.66,2.47,2.5,7777600
1993-12-23,2.58,2.67,2.72,2.62,2.66,5076800
1993-12-27,2.59,2.69,2.72,2.62,2.69,5124800
1993-12-28,2.65,2.75,2.75,2.66,2.69,4172000
1993-12-29,2.71,2.81,2.88,2.72,2.75,10654400
1993-12-30,2.68,2.78,2.84,2.75,2.84,2316000
1993-12-31,2.68,2.78,2.81,2.75,2.75,2448000
1994-01-03,2.56,2.66,2.81,2.62,2.78,5958400
1994-01-04,2.61,2.7,2.78,2.56,2.62,10268800
1994-01-05,2.71,2.81,2.84,2.69,2.72,9286400
1994-01-06,3.19,3.31,3.44,3.22,3.25,53042400
1994-01-07,3.16,3.28,3.38,3.25,3.38,18649600
1994-01-10,3.15,3.27,3.34,3.22,3.31,10963200
1994-01-11,3.16,3.28,3.31,3.22,3.25,6868000
1994-01-12,3.19,3.31,3.31,3.25,3.31,3484000
1994-01-13,3.16,3.28,3.28,3.19,3.28,6128000
1994-01-14,3.16,3.28,3.34,3.22,3.22,5520800
1994-01-17,3.34,3.47,3.47,3.25,3.31,6403200
1994-01-18,3.28,3.41,3.47,3.34,3.44,6764000
1994-01-19,3.27,3.39,3.41,3.31,3.34,6357600
1994-01-20,3.31,3.44,3.47,3.38,3.41,6118400
1994-01-21,3.5,3.62,3.69,3.44,3.47,16071200
1994-01-24,3.35,3.47,3.59,3.47,3.53,5409600
1994-01-25,3.41,3.53,3.53,3.44,3.53,6672000
1994-01-26,3.5,3.62,3.66,3.5,3.5,7815200
1994-01-27,3.65,3.78,3.78,3.56,3.59,8866400
1994-01-28,3.74,3.88,3.88,3.75,3.75,10072000
1994-01-31,3.65,3.78,3.88,3.75,3.81,6334400
1994-02-01,3.5,3.62,3.81,3.62,3.81,3730400
1994-02-02,3.55,3.67,3.72,3.59,3.69,5402400
1994-02-03,3.52,3.64,3.72,3.59,3.66,4523200
1994-02-04,3.29,3.41,3.66,3.41,3.62,8410400
1994-02-07,3.38,3.5,3.56,3.31,3.34,7844000
1994-02-08,3.32,3.44,3.56,3.44,3.56,4542400
1994-02-09,3.56,3.69,3.69,3.44,3.47,9037600
1994-02-10,3.53,3.66,3.78,3.62,3.69,13988000
1994-02-11,3.49,3.61,3.75,3.53,3.66,4248800
1994-02-14,3.62,3.75,3.78,3.56,3.62,6972000
1994-02-15,3.67,3.8,3.81,3.72,3.72,7276000
1994-02-16,3.8,3.94,4.0,3.81,3.84,10459200
1994-02-17,3.68,3.81,4.0,3.78,3.91,9142400
1994-02-18,3.65,3.78,3.84,3.69,3.84,5934400
1994-02-22,3.65,3.78,3.84,3.75,3.75,3065600
1994-02-23,3.65,3.78,3.84,3.75,3.84,3355200
1994-02-24,3.49,3.61,3.78,3.59,3.75,5453600
1994-02-25,3.49,3.61,3.72,3.59,3.62,3967200
1994-02-28,3.53,3.66,3.72,3.62,3.62,4103200
1994-03-01,3.47,3.59,3.72,3.53,3.72,2804800
1994-03-02,3.47,3.59,3.59,3.41,3.44,7798400
1994-03-03,3.38,3.5,3.59,3.47,3.59,6996800
1994-03-04,3.41,3.53,3.53,3.5,3.5,7072800
1994-03-07,3.61,3.73,3.78,3.53,3.56,11708000
1994-03-08,3.59,3.72,3.75,3.66,3.75,2051200
1994-03-09,3.76,3.89,3.91,3.62,3.72,9007200
1994-03-10,3.91,4.05,4.06,3.88,3.88,12028800
1994-03-11,4.0,4.14,4.19,4.0,4.03,8363200
1994-03-14,4.07,4.22,4.28,4.12,4.12,6288800
1994-03-15,3.92,4.06,4.31,4.06,4.25,9357600
1994-03-16,3.56,3.69,3.91,3.56,3.84,41492800
1994-03-17,3.73,3.86,3.91,3.69,3.72,20859200
1994-03-18,3.56,3.69,3.81,3.69,3.81,26243200
1994-03-21,3.5,3.62,3.72,3.59,3.72,9746400
1994-03-22,3.41,3.53,3.66,3.47,3.62,12169600
1994-03-23,3.35,3.47,3.53,3.45,3.53,11006400
1994-03-24,3.21,3.33,3.5,3.28,3.5,8050400
1994-03-25,3.17,3.28,3.38,3.25,3.31,6764800
1994-03-28,2.98,3.08,3.31,3.06,3.25,12571200
1994-03-29,2.98,3.08,3.12,2.94,3.09,10259200
1994-03-30,2.96,3.06,3.16,3.03,3.09,6580000
1994-03-31,2.93,3.03,3.09,2.97,3.03,8630400
1994-04-04,2.87,2.97,3.03,2.78,2.88,8761600
1994-04-05,3.17,3.28,3.28,2.97,3.03,15402400
1994-04-06,3.1,3.2,3.34,3.12,3.28,12184000
1994-04-07,2.99,3.09,3.25,3.03,3.22,7844800
1994-04-08,2.92,3.02,3.12,3.0,3.12,4650400
1994-04-11,2.99,3.09,3.12,2.94,3.0,7973600
1994-04-12,2.87,2.97,3.09,2.97,3.09,4130400
1994-04-13,2.65,2.73,3.06,2.69,2.97,15388000
1994-04-14,2.9,3.0,3.12,2.69,2.75,20061600
1994-04-15,2.94,3.04,3.09,2.95,3.0,8074400
1994-04-18,2.9,3.0,3.12,2.94,3.06,4592000
1994-04-19,2.99,3.09,3.12,2.94,3.11,5179200
1994-04-20,2.95,3.05,3.16,3.0,3.09,6119200
1994-04-21,3.11,3.22,3.25,3.06,3.06,9828000
1994-04-22,3.02,3.12,3.22,3.09,3.19,3364000
1994-04-25,3.14,3.25,3.25,3.09,3.16,3393600
1994-04-26,2.99,3.09,3.34,3.03,3.25,16772800
1994-04-28,3.08,3.19,3.36,3.06,3.12,19778400
1994-04-29,3.24,3.34,3.41,3.14,3.19,9333600
1994-05-02,3.33,3.44,3.47,3.31,3.31,7197600
1994-05-03,3.27,3.38,3.48,3.34,3.47,3544800
1994-05-04,3.28,3.39,3.47,3.36,3.41,5287200
1994-05-05,3.17,3.28,3.41,3.28,3.34,2974400
1994-05-06,3.13,3.23,3.28,3.19,3.25,4092800
1994-05-09,2.96,3.06,3.25,3.0,3.12,7220800
1994-05-10,2.9,3.0,3.12,2.97,3.12,9684000
1994-05-11,2.93,3.02,3.06,2.97,3.06,5496800
1994-05-12,2.96,3.06,3.19,3.0,3.09,9148000
1994-05-13,2.93,3.03,3.09,2.97,3.06,2535200
1994-05-16,2.99,3.09,3.16,3.0,3.0,6400000
1994-05-17,3.08,3.19,3.22,3.03,3.09,5804800
1994-05-18,3.24,3.34,3.38,3.16,3.16,5761600
1994-05-19,3.36,3.47,3.5,3.31,3.36,15336800
1994-05-20,3.48,3.59,3.72,3.34,3.47,30105600
1994-05-23,3.55,3.67,3.69,3.47,3.59,14432800
1994-05-24,3.54,3.66,3.7,3.53,3.66,7314400
1994-05-25,3.52,3.64,3.69,3.59,3.62,5556000
1994-05-26,3.45,3.56,3.62,3.53,3.59,4282400
1994-05-27,3.33,3.44,3.56,3.44,3.56,4760800
1994-05-31,3.48,3.59,3.62,3.34,3.38,6680800
1994-06-01,3.63,3.75,3.75,3.53,3.56,10603200
1994-06-02,3.59,3.71,3.78,3.69,3.72,8664000
1994-06-03,3.48,3.59,3.72,3.53,3.69,3830400
1994-06-06,3.48,3.59,3.62,3.5,3.59,2215200
1994-06-07,3.42,3.53,3.62,3.53,3.53,1953600
1994-06-08,3.33,3.44,3.56,3.38,3.53,4437600
1994-06-09,3.28,3.39,3.44,3.31,3.44,2774400
1994-06-10,3.27,3.38,3.47,3.38,3.39,1188000
1994-06-13,3.27,3.38,3.44,3.34,3.38,1165600
1994-06-14,3.36,3.47,3.5,3.38,3.41,2275200
1994-06-15,3.36,3.47,3.53,3.41,3.44,6633600
1994-06-16,3.34,3.45,3.53,3.44,3.47,1487200
1994-06-17,3.14,3.25,3.47,3.25,3.47,3872000
1994-06-20,3.08,3.19,3.28,3.16,3.25,3338400
1994-06-21,3.08,3.19,3.19,3.06,3.12,6738400
1994-06-22,3.27,3.38,3.41,3.19,3.19,8328800
1994-06-23,3.07,3.17,3.41,3.16,3.38,8521600
1994-06-24,3.08,3.19,3.31,3.16,3.19,12239200
1994-06-27,3.13,3.23,3.25,3.16,3.19,7109600
1994-06-28,3.27,3.38,3.41,3.22,3.22,5538400
1994-06-29,3.27,3.38,3.5,3.38,3.41,9230400
1994-06-30,3.3,3.41,3.47,3.38,3.38,5566400
1994-07-01,3.38,3.48,3.5,3.3,3.41,3787200
1994-07-05,3.36,3.47,3.53,3.44,3.44,2952800
1994-07-06,3.33,3.44,3.5,3.41,3.47,1780800
1994-07-07,3.38,3.48,3.5,3.38,3.44,2262400
1994-07-08,3.39,3.5,3.53,3.41,3.44,3933600
1994-07-11,3.42,3.53,3.56,3.47,3.5,3677600
1994-07-12,3.67,3.78,3.78,3.5,3.5,9429600
1994-07-13,3.8,3.92,3.97,3.72,3.75,22821600
1994-07-14,3.74,3.86,3.97,3.72,3.78,27867200
1994-07-15,3.76,3.88,3.88,3.75,3.86,10880800
1994-07-18,3.7,3.81,3.88,3.78,3.88,4676800
1994-07-19,3.6,3.72,3.84,3.69,3.78,3432800
1994-07-20,3.57,3.69,3.75,3.59,3.75,5419200
1994-07-21,3.75,3.87,3.91,3.66,3.66,8348800
1994-07-22,3.78,3.9,3.91,3.78,3.91,11210400
1994-07-25,3.74,3.86,3.97,3.78,3.88,5683200
1994-07-26,3.67,3.78,3.92,3.75,3.91,3135200
1994-07-27,3.64,3.75,3.8,3.69,3.75,3427200
1994-07-28,3.62,3.73,3.86,3.72,3.78,7059200
1994-07-29,3.76,3.88,3.91,3.72,3.72,8298400
1994-08-01,3.68,3.8,3.88,3.78,3.84,1532800
1994-08-02,3.71,3.83,3.88,3.78,3.84,2756000
1994-08-03,3.6,3.72,3.81,3.69,3.81,2706400
1994-08-04,3.57,3.68,3.75,3.62,3.69,2724800
1994-08-05,3.54,3.66,3.66,3.59,3.62,1532800
1994-08-08,3.77,3.89,3.91,3.62,3.62,5030400
1994-08-09,3.65,3.77,4.0,3.72,3.88,8957600
1994-08-10,4.02,4.15,4.19,3.78,3.81,17223200
1994-08-11,3.98,4.11,4.19,4.06,4.06,7116000
1994-08-12,4.07,4.2,4.31,4.09,4.09,5604800
1994-08-15,3.97,4.09,4.22,4.06,4.19,4937600
1994-08-16,3.88,4.0,4.12,3.84,4.12,10200000
1994-08-17,4.07,4.2,4.22,4.03,4.06,8190400
1994-08-18,3.91,4.03,4.19,4.0,4.16,6926400
1994-08-19,3.91,4.03,4.06,3.97,4.06,5040800
1994-08-22,3.88,4.0,4.06,3.97,4.03,2994400
1994-08-23,3.83,3.95,4.0,3.94,3.97,5725600
1994-08-24,3.81,3.93,4.0,3.91,3.94,5187200
1994-08-25,3.94,4.06,4.09,3.91,3.91,5271200
1994-08-26,3.83,3.95,4.16,3.91,4.09,8500800
1994-08-29,3.85,3.97,4.0,3.94,3.97,3247200
1994-08-30,3.82,3.94,4.0,3.91,3.94,3626400
1994-08-31,3.85,3.97,4.06,3.88,4.0,5075200
1994-09-01,3.67,3.78,3.94,3.75,3.94,6848000
1994-09-02,3.67,3.78,3.88,3.78,3.84,2843200
1994-09-06,3.64,3.75,3.81,3.72,3.77,4720800
1994-09-07,3.65,3.77,3.88,3.75,3.78,5868800
1994-09-08,3.74,3.86,3.97,3.78,3.81,5736000
1994-09-09,3.7,3.81,3.81,3.72,3.81,4224000
1994-09-12,3.76,3.88,3.88,3.78,3.84,3720800
1994-09-13,3.98,4.11,4.18,3.88,3.91,15420800
1994-09-14,3.94,4.06,4.16,4.03,4.09,2914400
1994-09-15,4.18,4.31,4.31,4.06,4.06,7977600
1994-09-16,4.21,4.34,4.44,4.25,4.31,13886400
1994-09-19,4.24,4.38,4.41,4.28,4.38,7008800
1994-09-20,4.33,4.47,4.62,4.31,4.38,14783200
1994-09-21,4.21,4.34,4.5,4.28,4.47,7720000
1994-09-22,4.14,4.27,4.38,4.12,4.31,9255200
1994-09-23,3.94,4.06,4.31,4.06,4.25,7404000
1994-09-26,3.91,4.03,4.12,3.98,4.06,3578400
1994-09-27,3.83,3.95,4.09,3.94,4.06,5655200
1994-09-28,4.09,4.22,4.31,3.97,3.97,9863200
1994-09-29,4.02,4.14,4.22,4.06,4.19,2916000
1994-09-30,3.94,4.06,4.22,4.06,4.19,3067200
1994-10-03,3.9,4.02,4.09,3.97,4.09,3216800
1994-10-04,4.1,4.22,4.27,4.0,4.0,13334400
1994-10-05,4.34,4.47,4.47,4.03,4.16,13249600
1994-10-06,4.1,4.22,4.47,4.22,4.44,5556800
1994-10-07,4.29,4.42,4.5,4.25,4.25,10828000
1994-10-10,4.28,4.41,4.53,4.38,4.44,7398400
1994-10-11,4.43,4.56,4.69,4.41,4.41,10965600
1994-10-12,4.49,4.62,4.69,4.47,4.5,8620000
1994-10-13,4.55,4.69,4.81,4.66,4.72,10391200
1994-10-14,4.43,4.56,4.72,4.47,4.66,5764000
1994-10-17,4.37,4.5,4.56,4.5,4.5,2104800
1994-10-18,4.37,4.5,4.56,4.47,4.56,1467200
1994-10-19,4.51,4.64,4.69,4.47,4.47,5612800
1994-10-20,4.4,4.53,4.66,4.47,4.59,4868800
1994-10-21,4.35,4.48,4.56,4.47,4.53,1845600
1994-10-24,4.26,4.39,4.53,4.34,4.5,2157600
1994-10-25,4.28,4.41,4.41,4.31,4.36,2958400
1994-10-26,4.4,4.53,4.56,4.38,4.38,4146400
1994-10-27,4.41,4.55,4.69,4.5,4.56,5527200
1994-10-28,4.31,4.44,4.56,4.44,4.53,6617600
1994-10-31,4.37,4.5,4.56,4.41,4.45,3962400
1994-11-01,4.41,4.55,4.59,4.47,4.5,2613600
1994-11-02,4.28,4.41,4.69,4.41,4.59,6039200
1994-11-03,4.22,4.34,4.44,4.31,4.44,4726400
1994-11-04,4.19,4.31,4.38,4.22,4.34,9909600
1994-11-07,4.13,4.25,4.34,4.22,4.31,4753600
1994-11-08,4.29,4.42,4.44,4.25,4.28,7199200
1994-11-09,4.22,4.34,4.53,4.31,4.44,3720800
1994-11-10,4.1,4.22,4.38,4.19,4.31,3292800
1994-11-11,4.0,4.12,4.22,4.09,4.19,2225600
1994-11-14,4.19,4.31,4.34,4.19,4.22,1899200
1994-11-15,4.28,4.41,4.44,4.28,4.34,7555200
1994-11-16,4.25,4.38,4.5,4.34,4.41,4427200
1994-11-17,4.19,4.31,4.59,4.28,4.5,8984000
1994-11-18,4.2,4.33,4.41,4.3,4.34,5031200
1994-11-21,4.04,4.16,4.38,4.16,4.34,3991200
1994-11-22,3.84,3.95,4.16,3.91,4.12,11637600
1994-11-23,3.85,3.97,4.03,3.88,3.89,7152800
1994-11-25,3.91,4.03,4.09,3.94,3.97,2803200
1994-11-28,4.07,4.19,4.22,4.03,4.06,6644000
1994-11-29,4.1,4.22,4.25,4.19,4.22,5742400
1994-11-30,4.0,4.12,4.31,4.12,4.19,4591200
1994-12-01,3.96,4.08,4.12,4.0,4.12,3224800
1994-12-02,4.11,4.23,4.25,4.06,4.09,7030400
1994-12-05,4.16,4.28,4.38,4.22,4.25,5901600
1994-12-06,3.99,4.11,4.36,4.09,4.22,3805600
1994-12-07,3.94,4.06,4.16,4.03,4.09,3891200
1994-12-08,3.85,3.97,4.19,3.94,4.12,7109600
1994-12-09,3.91,4.03,4.03,3.84,4.0,6268000
1994-12-12,3.88,4.0,4.09,3.94,4.03,3781600
1994-12-13,3.85,3.97,4.09,3.97,4.0,4389600
1994-12-14,3.91,4.03,4.09,4.0,4.03,5049600
1994-12-15,4.04,4.16,4.19,4.03,4.06,5338400
1994-12-16,4.07,4.19,4.22,4.03,4.12,4687200
1994-12-19,3.97,4.09,4.34,4.03,4.16,7555200
1994-12-20,3.78,3.89,4.16,3.62,4.16,27632800
1994-12-21,3.63,3.73,3.95,3.69,3.94,21304000
1994-12-22,3.64,3.75,3.84,3.69,3.72,10572000
1994-12-23,3.61,3.72,3.78,3.7,3.78,4944800
1994-12-27,3.56,3.67,3.75,3.56,3.75,7655200
1994-12-28,3.49,3.59,3.75,3.56,3.69,9890400
1994-12-29,3.64,3.75,3.75,3.56,3.59,5133600
1994-12-30,3.61,3.72,3.95,3.72,3.75,7644800
1995-01-03,3.59,3.7,3.81,3.69,3.75,6311200
1995-01-04,3.49,3.59,3.72,3.41,3.69,15775200
1995-01-05,3.63,3.73,3.97,3.72,3.91,25738400
1995-01-06,3.7,3.81,3.88,3.66,3.78,7888800
1995-01-09,3.75,3.86,3.91,3.78,3.84,5432000
1995-01-10,3.82,3.93,3.94,3.81,3.88,7388000
1995-01-11,3.76,3.88,3.97,3.84,3.94,3709600
1995-01-12,3.84,3.95,3.97,3.88,3.88,2497600
1995-01-13,3.8,3.91,3.97,3.84,3.97,2968000
1995-01-16,3.74,3.84,3.94,3.84,3.91,3592800
1995-01-17,3.95,4.06,4.12,3.84,3.84,17280800
1995-01-18,3.93,4.04,4.19,4.03,4.09,10196800
1995-01-19,3.8,3.91,4.05,3.88,4.03,5085600
1995-01-20,3.71,3.81,3.91,3.72,3.88,11177600
1995-01-23,3.71,3.81,3.81,3.66,3.75,7396000
1995-01-24,3.71,3.81,3.89,3.78,3.88,3125600
1995-01-25,3.65,3.75,3.84,3.66,3.72,13884000
1995-01-26,3.62,3.72,3.78,3.69,3.75,5008800
1995-01-27,3.65,3.75,3.81,3.7,3.78,3288800
1995-01-30,3.49,3.59,3.81,3.59,3.75,5348000
1995-01-31,3.52,3.62,3.72,3.56,3.59,6424800
1995-02-01,3.49,3.59,3.72,3.59,3.66,6148000
1995-02-02,3.62,3.72,3.75,3.62,3.62,4609600
1995-02-03,3.54,3.64,3.81,3.59,3.78,5249600
1995-02-06,3.57,3.67,3.72,3.56,3.59,5584800
1995-02-07,3.49,3.59,3.72,3.58,3.69,3236800
1995-02-08,3.62,3.72,3.72,3.59,3.59,3356000
1995-02-09,3.52,3.62,3.78,3.56,3.67,7534400
1995-02-10,3.89,4.0,4.03,3.62,3.62,17648000
1995-02-13,3.83,3.94,4.09,3.88,4.0,6169600
1995-02-14,3.89,4.0,4.09,3.94,3.97,4912800
1995-02-15,3.95,4.06,4.09,3.94,4.03,6548800
1995-02-16,4.19,4.31,4.34,4.09,4.09,20340800
1995-02-17,4.16,4.28,4.31,4.25,4.31,12722400
1995-02-21,4.36,4.48,4.5,4.25,4.25,17552000
1995-02-22,4.41,4.53,4.53,4.38,4.47,7975200
1995-02-23,4.33,4.45,4.53,4.38,4.5,7945600
1995-02-24,4.16,4.28,4.45,4.25,4.44,5149600
1995-02-27,4.1,4.22,4.34,4.22,4.25,3096000
1995-02-28,4.35,4.47,4.47,4.25,4.25,9036800
1995-03-01,4.28,4.41,4.56,4.41,4.44,10280000
1995-03-02,4.25,4.38,4.44,4.28,4.41,5300000
1995-03-03,4.35,4.47,4.47,4.34,4.41,8049600
1995-03-06,4.41,4.53,4.56,4.34,4.41,4016800
1995-03-07,4.28,4.41,4.59,4.34,4.5,5526400
1995-03-08,4.47,4.59,4.59,4.47,4.47,7195200
1995-03-09,4.53,4.66,4.69,4.56,4.56,5577600
1995-03-10,4.44,4.56,4.69,4.53,4.59,5394400
1995-03-13,4.35,4.47,4.56,4.47,4.5,4333600
1995-03-14,4.5,4.62,4.69,4.44,4.5,10568000
1995-03-15,4.53,4.66,4.69,4.53,4.62,4636000
1995-03-16,4.54,4.67,4.75,4.59,4.59,8729600
1995-03-17,4.62,4.75,4.75,4.62,4.72,5152000
1995-03-20,4.53,4.66,4.75,4.62,4.69,5719200
1995-03-21,4.38,4.5,4.69,4.5,4.62,6430400
1995-03-22,4.56,4.69,4.75,4.5,4.5,10256000
1995-03-23,4.71,4.84,4.91,4.72,4.72,13239200
1995-03-24,6.11,6.28,6.31,5.56,5.66,45504000
1995-03-27,5.74,5.91,6.25,5.88,6.22,23573600
1995-03-28,6.11,6.28,6.59,6.12,6.12,48444000
1995-03-29,5.86,6.03,6.38,5.97,6.38,20971200
1995-03-30,6.11,6.28,6.28,5.94,6.09,24256000
1995-03-31,6.02,6.19,6.41,6.06,6.16,13678400
1995-04-03,5.93,6.09,6.22,6.03,6.16,6315200
1995-04-04,5.87,6.03,6.12,5.97,6.09,3904800
1995-04-05,6.17,6.34,6.41,5.91,6.0,14613600
1995-04-06,5.87,6.03,6.41,6.0,6.38,10881600
1995-04-07,5.87,6.03,6.09,5.8,6.06,13385600
1995-04-10,6.17,6.34,6.38,6.03,6.06,15804000
1995-04-11,6.46,6.64,6.72,6.31,6.34,22697600
1995-04-12,6.52,6.7,6.81,6.66,6.69,10963200
1995-04-13,6.51,6.69,6.75,6.59,6.72,6923200
1995-04-17,6.21,6.38,6.75,6.38,6.69,7842400
1995-04-18,6.08,6.25,6.47,6.22,6.47,14107200
1995-04-19,6.08,6.25,6.31,6.0,6.31,8584800
1995-04-20,6.17,6.34,6.34,6.19,6.28,9952000
1995-04-21,6.36,6.53,6.69,6.25,6.31,12240800
1995-04-24,6.51,6.69,6.69,6.44,6.47,5488000
1995-04-25,6.83,7.02,7.06,6.59,6.66,16940800
1995-04-26,6.72,6.91,7.03,6.83,7.0,7135200
1995-04-27,6.87,7.06,7.19,6.88,6.88,13384800
1995-04-28,7.09,7.28,7.31,7.06,7.06,8979200
1995-05-01,7.06,7.25,7.34,7.19,7.25,8620800
1995-05-02,6.72,6.91,7.22,6.88,7.19,9386400
1995-05-03,6.72,6.91,7.0,6.75,6.88,8519200
1995-05-04,6.66,6.84,7.09,6.75,6.91,11449600
1995-05-05,6.54,6.72,6.94,6.62,6.84,7533600
1995-05-08,6.71,6.89,6.94,6.66,6.75,5561600
1995-05-09,6.63,6.81,7.0,6.69,6.88,9516000
1995-05-10,6.54,6.72,6.84,6.59,6.81,9828800
1995-05-11,6.75,6.94,6.97,6.69,6.72,9860800
1995-05-12,6.83,7.01,7.03,6.84,6.88,10642400
1995-05-15,6.9,7.09,7.19,7.0,7.06,9297600
1995-05-16,6.72,6.91,7.09,6.91,6.97,6111200
1995-05-17,6.94,7.12,7.16,6.77,6.91,10340000
1995-05-18,6.66,6.84,7.09,6.84,7.09,10738400
1995-05-19,6.57,6.75,6.84,6.69,6.81,8454400
1995-05-22,6.51,6.69,6.91,6.62,6.78,5842400
1995-05-23,6.9,7.09,7.17,6.72,6.72,10228800
1995-05-24,6.67,6.85,7.22,6.84,7.19,10044800
1995-05-25,6.72,6.91,6.97,6.72,6.84,7685600
1995-05-26,6.65,6.84,6.88,6.75,6.88,4001600
1995-05-30,6.48,6.66,6.78,6.59,6.75,9770400
1995-05-31,6.33,6.5,6.66,6.44,6.62,10809600
1995-06-01,6.38,6.55,6.72,6.5,6.5,7789600
1995-06-02,6.33,6.5,6.66,6.44,6.5,7388000
1995-06-05,6.63,6.81,6.88,6.59,6.69,14614400
1995-06-06,6.63,6.81,6.92,6.81,6.88,7297600
1995-06-07,6.51,6.69,6.84,6.69,6.84,3535200
1995-06-08,6.87,7.06,7.12,6.72,6.75,8523200
1995-06-09,7.03,7.22,7.25,7.03,7.06,6249600
1995-06-12,6.95,7.14,7.31,7.03,7.22,9449600
1995-06-13,7.09,7.28,7.28,7.1,7.22,11145600
1995-06-14,7.09,7.28,7.31,7.22,7.25,4611200
1995-06-15,7.27,7.47,7.62,7.25,7.25,11632800
1995-06-16,7.27,7.47,7.5,7.31,7.47,7749600
1995-06-19,7.57,7.78,7.84,7.47,7.47,10096000
1995-06-20,7.85,8.06,8.14,7.75,7.78,13187200
1995-06-21,7.71,7.92,8.06,7.91,8.06,12409600
1995-06-22,7.97,8.19,8.31,7.91,8.0,13988000
1995-06-23,7.45,7.66,7.72,7.44,7.72,53564800
1995-06-26,7.18,7.38,7.69,7.31,7.62,12982400
1995-06-27,6.81,7.0,7.34,6.97,7.34,14684000
1995-06-28,6.87,7.06,7.22,6.84,7.03,21410400
1995-06-29,7.1,7.3,7.34,7.06,7.09,12230400
1995-06-30,7.06,7.25,7.38,7.22,7.31,5694400
1995-07-03,7.09,7.28,7.31,7.25,7.31,1215200
1995-07-05,7.18,7.38,7.53,7.25,7.31,10592800
1995-07-06,7.17,7.36,7.47,7.31,7.44,4496000
1995-07-07,7.09,7.28,7.41,7.19,7.34,10011200
1995-07-10,6.97,7.16,7.38,7.16,7.28,6740000
1995-07-11,6.79,6.97,7.25,6.97,7.16,7158400
1995-07-12,6.96,7.14,7.19,7.0,7.09,9552800
1995-07-13,7.13,7.32,7.38,7.12,7.19,11291200
1995-07-14,7.28,7.47,7.5,7.22,7.22,6820800
1995-07-17,7.61,7.81,7.84,7.44,7.44,14440800
1995-07-18,7.41,7.61,7.8,7.47,7.8,14680000
1995-07-19,6.94,7.12,7.47,6.72,7.47,15918400
1995-07-20,7.14,7.33,7.34,6.97,7.16,7691200
1995-07-21,7.32,7.52,7.72,7.28,7.31,11143200
1995-07-24,7.52,7.72,7.78,7.53,7.56,5992800
1995-07-25,7.61,7.81,7.88,7.66,7.78,7892000
1995-07-26,7.73,7.94,8.03,7.81,7.86,7134400
1995-07-27,7.96,8.17,8.25,7.97,8.0,6971200
1995-07-28,7.58,7.78,8.19,7.75,8.19,7696800
1995-07-31,7.52,7.72,7.84,7.62,7.78,4540800
1995-08-01,7.4,7.59,7.75,7.47,7.72,8651200
1995-08-02,7.14,7.33,7.66,7.28,7.62,5901600
1995-08-03,6.83,7.02,7.25,7.0,7.09,12203200
1995-08-04,6.94,7.12,7.19,7.03,7.06,5932000
1995-08-07,6.97,7.16,7.23,7.12,7.19,5425600
1995-08-08,7.22,7.41,7.5,7.16,7.17,9177600
1995-08-09,7.19,7.38,7.59,7.34,7.58,9682400
1995-08-10,7.15,7.34,7.5,7.34,7.47,4096000
1995-08-11,7.12,7.31,7.44,7.25,7.41,2027200
1995-08-14,7.18,7.38,7.5,7.28,7.28,5692000
1995-08-15,7.22,7.41,7.41,7.25,7.38,7190400
1995-08-16,7.7,7.91,7.94,7.47,7.53,13251200
1995-08-17,7.64,7.84,8.03,7.72,7.88,8064800
1995-08-18,7.4,7.59,7.91,7.53,7.89,7472000
1995-08-21,7.12,7.31,7.69,7.28,7.62,7615200
1995-08-22,7.44,7.64,7.67,7.31,7.34,8278400
1995-08-23,7.58,7.78,7.81,7.55,7.66,11792800
1995-08-24,7.5,7.7,7.81,7.59,7.78,7223200
1995-08-25,7.17,7.36,7.72,7.34,7.69,10764000
1995-08-28,6.76,6.94,7.38,6.75,7.38,22676800
1995-08-29,6.61,6.78,7.09,6.66,6.97,17738400
1995-08-30,6.04,6.2,6.81,6.19,6.81,55896800
1995-08-31,6.21,6.38,6.59,6.25,6.25,33911200
1995-09-01,6.07,6.23,6.47,6.22,6.41,11852800
1995-09-05,6.21,6.38,6.38,6.12,6.28,20939200
1995-09-06,6.33,6.5,6.72,6.38,6.44,17825600
1995-09-07,6.21,6.38,6.59,6.38,6.5,9607200
1995-09-08,6.09,6.25,6.44,6.06,6.44,20090400
1995-09-11,5.97,6.12,6.38,6.12,6.25,9710400
1995-09-12,6.01,6.17,6.25,5.97,6.22,13057600
1995-09-13,6.1,6.27,6.31,6.09,6.17,6974400
1995-09-14,5.85,6.0,6.31,5.97,6.28,7331200
1995-09-15,5.95,6.11,6.19,5.66,5.89,40211200
1995-09-18,6.18,6.34,6.34,6.14,6.19,11419200
1995-09-19,6.58,6.75,6.84,6.28,6.34,34483200
1995-09-20,6.58,6.75,6.84,6.62,6.81,13954400
1995-09-21,6.35,6.52,6.75,6.38,6.7,16404000
1995-09-22,6.36,6.53,6.69,6.38,6.45,6614400
1995-09-25,6.3,6.47,6.59,6.41,6.53,5159200
1995-09-26,6.27,6.44,6.66,6.38,6.5,9782400
1995-09-27,6.21,6.38,6.47,6.25,6.47,16009600
1995-09-28,6.41,6.58,6.69,6.38,6.38,10404800
1995-09-29,6.3,6.47,6.66,6.44,6.59,7828800
1995-10-02,6.3,6.47,6.59,6.38,6.52,7085600
1995-10-03,6.36,6.53,6.55,6.41,6.44,7904000
1995-10-04,6.19,6.34,6.52,6.19,6.47,10877600
1995-10-05,6.37,6.53,6.53,6.31,6.34,6768000
1995-10-06,6.19,6.34,6.59,6.31,6.5,8015200
1995-10-09,5.96,6.11,6.28,6.03,6.28,13076800
1995-10-10,5.55,5.69,5.95,5.62,5.94,20320800
1995-10-11,5.7,5.84,5.88,5.62,5.88,14142400
1995-10-12,6.17,6.33,6.34,5.81,5.88,16601600
1995-10-13,6.0,6.16,6.41,6.16,6.38,7453600
1995-10-16,5.82,5.97,6.16,5.95,6.09,7012000
1995-10-17,6.13,6.28,6.38,6.0,6.05,12191200
1995-10-18,6.34,6.5,6.53,6.34,6.36,11813600
1995-10-19,6.43,6.59,6.66,6.44,6.47,7924000
1995-10-20,6.38,6.55,6.69,6.53,6.66,7356000
1995-10-23,6.34,6.5,6.61,6.42,6.47,8231200
1995-10-24,6.67,6.84,6.91,6.56,6.59,12287200
1995-10-25,6.89,7.06,7.09,6.78,6.84,10484000
1995-10-26,6.55,6.72,7.08,6.47,7.05,11108000
1995-10-27,6.61,6.78,6.88,6.59,6.69,6588800
1995-10-30,7.1,7.28,7.33,6.78,6.81,14852000
1995-10-31,6.95,7.12,7.39,7.12,7.31,6984800
1995-11-01,6.96,7.14,7.22,7.06,7.12,6284800
1995-11-02,7.41,7.59,7.62,7.12,7.12,19736000
1995-11-03,7.77,7.97,7.97,7.47,7.72,12407200
1995-11-06,7.59,7.78,7.97,7.78,7.91,7920800
1995-11-07,7.42,7.61,7.78,7.41,7.66,9344000
1995-11-08,7.37,7.56,7.72,7.45,7.66,7471200
1995-11-09,7.51,7.7,7.81,7.55,7.61,10459200
1995-11-10,8.14,8.34,8.69,7.62,7.69,26337600
1995-11-13,7.65,7.84,8.53,7.69,8.25,20784000
1995-11-14,7.41,7.59,8.38,7.59,7.67,30665600
1995-11-15,7.73,7.92,8.0,7.52,7.72,25357600
1995-11-16,7.77,7.97,8.22,7.86,7.88,17186400
1995-11-17,7.53,7.72,7.98,7.59,7.86,17299200
1995-11-20,7.19,7.38,7.84,7.34,7.8,12960800
1995-11-21,7.09,7.27,7.53,7.08,7.34,16832800
1995-11-22,7.44,7.62,7.66,7.38,7.39,12387200
1995-11-24,7.53,7.72,7.75,7.64,7.64,1593600
1995-11-27,7.92,8.12,8.34,7.96,8.06,18155200
1995-11-28,8.38,8.59,8.75,8.06,8.12,20864000
1995-11-29,8.33,8.55,8.67,8.38,8.59,13920800
1995-11-30,8.24,8.45,8.78,8.38,8.56,13681600
1995-12-01,8.17,8.38,8.55,8.28,8.53,6965600
1995-12-04,8.5,8.72,8.81,8.31,8.44,11694400
1995-12-05,8.79,9.02,9.12,8.75,8.77,16420800
1995-12-06,8.59,8.81,9.28,8.58,9.05,14357600
1995-12-07,8.35,8.56,8.94,8.44,8.88,13200000
1995-12-08,8.78,9.0,9.0,8.47,8.62,14559200
1995-12-11,8.78,9.0,9.12,8.78,9.05,12775200
1995-12-12,8.72,8.94,9.02,8.84,8.98,6988800
1995-12-13,8.78,9.0,9.25,8.96,8.97,11942400
1995-12-14,8.06,8.27,9.03,8.2,9.03,19576800
1995-12-15,7.59,7.78,8.27,7.68,8.25,23587200
1995-12-18,6.98,7.16,7.81,7.12,7.81,22541600
1995-12-19,7.77,7.97,8.06,7.22,7.23,30795200
1995-12-20,7.74,7.94,8.23,7.78,8.03,16561600
1995-12-21,7.92,8.12,8.2,7.91,7.97,8092000
1995-12-22,7.8,8.0,8.12,7.92,8.06,4990400
1995-12-26,7.83,8.03,8.09,7.91,7.97,3197600
1995-12-27,7.83,8.03,8.14,7.97,8.06,3848000
1995-12-28,7.47,7.66,8.0,7.66,7.97,11456800
1995-12-29,7.56,7.75,7.81,7.31,7.66,16416000
1996-01-02,7.82,8.02,8.02,7.66,7.75,9114400
1996-01-03,7.36,7.55,8.03,7.52,7.97,12487200
1996-01-04,7.13,7.31,7.56,7.06,7.56,33856000
1996-01-05,5.15,5.28,5.42,4.5,4.66,175513600
1996-01-08,5.1,5.23,5.49,5.16,5.44,10344800
1996-01-09,4.63,4.75,5.17,4.75,5.17,37637600
1996-01-10,4.69,4.81,4.88,4.59,4.72,33356800
1996-01-11,4.78,4.91,5.06,4.78,5.0,16643200
1996-01-12,4.86,4.98,5.08,4.81,5.06,12908800
1996-01-15,4.47,4.59,5.09,4.5,5.02,27067200
1996-01-16,4.43,4.55,4.77,4.28,4.69,23683200
1996-01-17,4.36,4.47,4.78,4.36,4.47,24606400
1996-01-18,4.35,4.45,4.58,4.38,4.48,16428800
1996-01-19,4.53,4.64,4.67,4.41,4.47,22993600
1996-01-22,4.73,4.84,4.97,4.62,4.67,17264000
1996-01-23,4.82,4.94,5.22,4.89,4.91,23891200
1996-01-24,4.96,5.08,5.08,4.81,5.03,14643200
1996-01-25,4.78,4.89,5.22,4.86,5.16,11569600
1996-01-26,4.82,4.94,5.03,4.81,4.89,9492800
1996-01-29,4.7,4.81,4.95,4.77,4.95,5736000
1996-01-30,4.58,4.69,4.84,4.62,4.84,15309600
1996-01-31,4.15,4.25,4.75,4.19,4.73,45617600
1996-02-01,4.18,4.28,4.34,3.75,3.91,77716800
1996-02-02,4.39,4.5,4.59,4.34,4.38,24069600
1996-02-05,4.44,4.55,4.66,4.5,4.56,13207200
1996-02-06,4.46,4.56,4.62,4.45,4.56,11555200
1996-02-07,4.35,4.45,4.58,4.42,4.56,13124000
1996-02-08,4.73,4.84,4.91,4.55,4.56,20600000
1996-02-09,4.73,4.84,5.09,4.77,4.89,16832800
1996-02-12,4.62,4.73,4.88,4.69,4.84,11719200
1996-02-13,4.55,4.66,4.81,4.62,4.7,11503200
1996-02-14,4.52,4.63,4.75,4.59,4.67,12188000
1996-02-15,4.37,4.48,4.56,4.44,4.5,10988000
1996-02-16,4.3,4.41,4.53,4.38,4.5,13884000
1996-02-20,4.52,4.62,4.66,4.33,4.38,24030400
1996-02-21,4.59,4.7,4.77,4.64,4.66,11043200
1996-02-22,4.5,4.61,4.83,4.44,4.77,21591200
1996-02-23,4.49,4.59,4.66,4.56,4.59,12652800
1996-02-26,4.32,4.42,4.52,4.41,4.47,16670400
1996-02-27,4.18,4.28,4.45,4.28,4.45,17640800
1996-02-28,4.12,4.22,4.41,4.2,4.34,17519200
1996-02-29,4.09,4.19,4.27,4.11,4.12,10164000
1996-03-01,3.98,4.08,4.23,4.05,4.22,12670400
1996-03-04,3.95,4.05,4.16,4.0,4.12,10704800
1996-03-05,4.0,4.09,4.17,4.02,4.03,10992000
1996-03-06,3.88,3.97,4.11,3.97,4.09,15966400
1996-03-07,3.97,4.06,4.06,3.91,4.0,8998400
1996-03-08,3.92,4.02,4.09,3.86,3.88,13577600
1996-03-11,4.03,4.12,4.14,4.02,4.02,7607200
1996-03-12,3.94,4.03,4.12,3.98,4.09,8865600
1996-03-13,4.26,4.36,4.38,4.06,4.09,12311200
1996-03-14,4.15,4.25,4.41,4.25,4.38,8879200
1996-03-15,4.2,4.3,4.41,4.22,4.27,6444800
1996-03-18,4.17,4.27,4.36,4.22,4.36,5214400
1996-03-19,4.24,4.34,4.38,4.23,4.25,8709600
1996-03-20,4.17,4.27,4.38,4.25,4.36,7516800
1996-03-21,4.18,4.28,4.3,4.17,4.3,7402400
1996-03-22,3.83,3.92,4.0,3.84,4.0,62454400
1996-03-25,3.82,3.91,3.97,3.86,3.95,18634400
1996-03-26,3.95,4.05,4.06,3.89,3.91,11412800
1996-03-27,3.91,4.0,4.09,3.94,4.06,9277600
1996-03-28,3.89,3.98,4.03,3.91,3.97,7866400
1996-03-29,3.94,4.03,4.06,3.97,4.0,11843200
1996-04-01,4.01,4.11,4.16,4.0,4.06,5804800
1996-04-02,4.05,4.14,4.2,4.09,4.16,6419200
1996-04-03,4.1,4.19,4.2,4.09,4.12,5512800
1996-04-04,3.97,4.06,4.2,4.06,4.2,4952800
1996-04-08,4.11,4.2,4.25,3.95,4.0,10244800
1996-04-09,4.14,4.23,4.31,4.19,4.27,6968000
1996-04-10,4.02,4.11,4.25,4.11,4.25,3517600
1996-04-11,4.0,4.09,4.14,3.97,4.11,3676800
1996-04-12,4.26,4.36,4.38,4.06,4.12,6572800
1996-04-15,4.26,4.36,4.44,4.36,4.39,8009600
1996-04-16,4.32,4.42,4.47,4.38,4.44,6756000
1996-04-17,4.23,4.33,4.44,4.31,4.42,3960000
1996-04-18,4.37,4.47,4.5,4.36,4.38,6952800
1996-04-19,4.28,4.38,4.47,4.38,4.47,4994400
1996-04-22,4.62,4.73,4.78,4.44,4.5,15781600
1996-04-23,4.66,4.77,4.8,4.59,4.72,11268000
1996-04-24,4.89,5.0,5.08,4.75,4.77,19908000
1996-04-25,5.26,5.38,5.44,4.95,5.03,31319200
1996-04-26,5.16,5.28,5.47,5.28,5.38,13120000
1996-04-29,5.1,5.22,5.33,5.19,5.28,10756000
1996-04-30,5.26,5.38,5.47,5.14,5.2,19838400
1996-05-01,5.21,5.33,5.42,5.28,5.31,13349600
1996-05-02,5.06,5.17,5.31,5.16,5.3,15406400
1996-05-03,5.09,5.2,5.22,5.05,5.2,16702400
1996-05-06,4.95,5.06,5.25,5.03,5.23,11628000
1996-05-07,4.98,5.09,5.25,4.81,5.16,33203200
1996-05-08,4.91,5.02,5.23,4.84,5.19,29684800
1996-05-09,4.81,4.92,5.05,4.91,5.02,7848800
1996-05-10,4.92,5.03,5.03,4.92,4.97,5256000
1996-05-13,5.07,5.19,5.25,5.0,5.03,10390400
1996-05-14,5.2,5.31,5.41,5.19,5.23,14715200
1996-05-15,5.21,5.33,5.44,5.25,5.27,10385600
1996-05-16,5.49,5.61,5.64,5.23,5.31,12931200
1996-05-17,5.26,5.38,5.62,5.38,5.61,10161600
1996-05-20,5.27,5.39,5.55,5.36,5.48,5804000
1996-05-21,5.13,5.25,5.41,5.23,5.41,6096000
1996-05-22,5.12,5.23,5.31,5.16,5.22,4905600
1996-05-23,5.12,5.23,5.33,5.19,5.28,5247200
1996-05-24,4.92,5.03,5.25,5.0,5.25,8288000
1996-05-28,4.63,4.73,5.03,4.72,5.03,16876000
1996-05-29,4.55,4.66,4.81,4.55,4.73,11019200
1996-05-30,4.6,4.7,4.78,4.55,4.66,11524000
1996-05-31,4.54,4.64,4.81,4.61,4.75,8928800
1996-06-03,4.42,4.52,4.67,4.5,4.62,8892000
1996-06-04,4.39,4.48,4.59,4.44,4.56,8717600
1996-06-05,4.49,4.59,4.66,4.45,4.48,10564000
1996-06-06,4.29,4.38,4.62,4.36,4.59,11274400
1996-06-07,4.32,4.42,4.45,4.19,4.28,14816800
1996-06-10,4.46,4.56,4.69,4.44,4.45,16660800
1996-06-11,4.46,4.56,4.67,4.55,4.62,10683200
1996-06-12,4.4,4.5,4.69,4.48,4.62,7607200
1996-06-13,4.55,4.66,4.67,4.38,4.47,13545600
1996-06-14,4.28,4.38,4.69,4.38,4.66,9552000
1996-06-17,4.19,4.28,4.47,4.27,4.41,8468800
1996-06-18,4.2,4.3,4.47,4.27,4.3,8958400
1996-06-19,4.4,4.5,4.53,4.3,4.33,7618400
1996-06-20,4.42,4.52,4.55,4.3,4.5,12151200
1996-06-21,4.4,4.5,4.56,4.42,4.55,13801600
1996-06-24,4.25,4.34,4.48,4.31,4.47,7544000
1996-06-25,4.14,4.23,4.39,4.22,4.34,7737600
1996-06-26,4.26,4.35,4.41,4.2,4.31,24068800
1996-06-27,4.32,4.41,4.42,4.28,4.39,7972800
1996-06-28,4.39,4.48,4.58,4.42,4.44,5859200
1996-07-01,4.42,4.52,4.55,4.42,4.48,5490400
1996-07-02,4.41,4.51,4.58,4.48,4.48,4272000
1996-07-03,4.32,4.41,4.5,4.38,4.48,6472000
1996-07-05,4.3,4.39,4.47,4.39,4.41,2642400
1996-07-08,4.27,4.36,4.45,4.36,4.38,5810400
1996-07-09,4.27,4.36,4.41,4.33,4.39,7054400
1996-07-10,4.15,4.23,4.36,4.22,4.33,7583200
1996-07-11,3.98,4.06,4.19,4.0,4.19,13965600
1996-07-12,3.98,4.06,4.11,4.0,4.08,6708000
1996-07-15,3.68,3.76,4.06,3.75,4.03,9891200
1996-07-16,3.69,3.77,3.84,3.56,3.72,15749600
1996-07-17,3.86,3.94,4.06,3.84,3.88,11099200
1996-07-18,4.32,4.41,4.45,4.02,4.03,14577600
1996-07-19,4.01,4.09,4.41,4.03,4.38,7928000
1996-07-22,3.99,4.08,4.09,3.97,4.06,3684800
1996-07-23,3.92,4.0,4.16,3.91,4.11,7219200
1996-07-24,3.72,3.8,3.84,3.7,3.84,18756800
1996-07-25,3.95,4.03,4.03,3.78,3.84,9675200
1996-07-26,3.89,3.97,4.09,3.89,4.03,9187200
1996-07-29,3.73,3.81,3.97,3.81,3.92,5681600
1996-07-30,3.72,3.8,3.88,3.7,3.84,7336800
1996-07-31,3.72,3.8,3.91,3.72,3.78,6652000
1996-08-01,3.78,3.86,3.89,3.75,3.81,4343200
1996-08-02,3.78,3.86,3.97,3.84,3.91,7012800
1996-08-05,3.76,3.84,3.91,3.81,3.89,3353600
1996-08-06,4.06,4.14,4.14,3.81,3.86,7827200
1996-08-07,4.07,4.16,4.2,3.95,4.16,6827200
1996-08-08,4.01,4.09,4.16,4.03,4.12,5006400
1996-08-09,4.01,4.09,4.14,4.03,4.08,2749600
1996-08-12,3.99,4.08,4.12,4.02,4.09,3659200
1996-08-13,3.92,4.0,4.11,4.0,4.08,4657600
1996-08-14,3.98,4.06,4.09,4.0,4.03,4835200
1996-08-15,4.04,4.12,4.17,4.02,4.02,3428800
1996-08-16,3.98,4.06,4.12,4.03,4.11,1737600
1996-08-19,3.95,4.03,4.09,4.02,4.03,2592800
1996-08-20,4.18,4.27,4.3,4.05,4.05,6291200
1996-08-21,4.56,4.66,4.67,4.16,4.23,17182400
1996-08-22,4.38,4.47,4.72,4.44,4.62,9200800
1996-08-23,4.38,4.47,4.56,4.42,4.44,3904000
1996-08-26,4.3,4.39,4.48,4.38,4.47,2936800
1996-08-27,4.39,4.48,4.5,4.36,4.41,3308000
1996-08-28,4.59,4.69,4.73,4.45,4.51,18147200
1996-08-29,4.41,4.5,4.69,4.5,4.66,6544000
1996-08-30,4.27,4.36,4.53,4.34,4.53,6338400
1996-09-03,4.32,4.41,4.47,4.28,4.28,6437600
1996-09-04,4.21,4.3,4.4,4.27,4.39,4982400
1996-09-05,4.09,4.17,4.23,4.09,4.23,8351200
1996-09-06,4.13,4.22,4.25,4.17,4.22,4768000
1996-09-09,4.15,4.24,4.31,4.22,4.23,5467200
1996-09-10,4.04,4.12,4.31,4.12,4.25,4884800
1996-09-11,4.07,4.16,4.22,4.09,4.12,5420000
1996-09-12,4.02,4.11,4.2,4.08,4.16,3806400
1996-09-13,3.95,4.03,4.19,3.94,4.14,13542400
1996-09-16,4.02,4.11,4.2,4.0,4.03,13938400
1996-09-17,4.13,4.22,4.23,4.03,4.12,10749600
1996-09-18,4.09,4.17,4.36,4.17,4.22,22113600
1996-09-19,4.41,4.51,4.53,4.14,4.16,20101600
1996-09-20,4.65,4.75,4.78,4.44,4.52,23103200
1996-09-23,4.61,4.7,4.84,4.67,4.72,11303200
1996-09-24,4.51,4.61,4.73,4.55,4.66,13443200
1996-09-25,4.28,4.38,4.61,4.25,4.59,22736000
1996-09-26,4.73,4.83,4.88,4.62,4.81,34128800
1996-09-27,4.64,4.73,4.83,4.66,4.83,9220000
1996-09-30,4.57,4.66,4.75,4.66,4.72,5514400
1996-10-01,4.6,4.69,4.73,4.62,4.67,8110400
1996-10-02,4.52,4.61,4.77,4.56,4.7,7996000
1996-10-03,4.38,4.47,4.62,4.47,4.62,3924000
1996-10-04,4.26,4.34,4.56,4.28,4.52,9608000
1996-10-07,4.14,4.23,4.36,4.17,4.33,8655200
1996-10-08,4.35,4.44,4.48,4.2,4.28,13790400
1996-10-09,4.44,4.53,4.61,4.47,4.48,11224800
1996-10-10,4.4,4.48,4.59,4.41,4.55,6735200
1996-10-11,4.52,4.61,4.66,4.48,4.53,6987200
1996-10-14,4.61,4.7,4.7,4.61,4.62,6652800
1996-10-15,4.54,4.62,4.77,4.61,4.73,8420000
1996-10-16,4.54,4.62,4.69,4.55,4.64,11666400
1996-10-17,4.52,4.61,4.73,4.61,4.72,6475200
1996-10-18,4.47,4.56,4.66,4.53,4.61,3542400
1996-10-21,4.38,4.47,4.72,4.47,4.53,4098400
1996-10-22,4.23,4.31,4.52,4.25,4.47,10912800
1996-10-23,4.26,4.34,4.38,4.23,4.27,5388800
1996-10-24,4.26,4.34,4.5,4.34,4.36,5434400
1996-10-25,4.15,4.23,4.34,4.22,4.33,3328000
1996-10-28,4.14,4.22,4.33,4.2,4.27,2557600
1996-10-29,4.01,4.09,4.3,4.06,4.28,5767200
1996-10-30,4.17,4.25,4.31,4.09,4.12,5993600
1996-10-31,4.24,4.33,4.39,4.28,4.38,13182400
1996-11-01,4.2,4.28,4.33,4.22,4.33,11614400
1996-11-04,4.14,4.22,4.31,4.2,4.31,2515200
1996-11-05,4.08,4.16,4.25,4.11,4.23,4952800
1996-11-06,4.23,4.31,4.33,4.11,4.14,10140800
1996-11-07,4.29,4.38,4.47,4.28,4.31,7133600
1996-11-08,4.31,4.39,4.5,4.33,4.38,5752000
1996-11-11,4.52,4.61,4.67,4.38,4.39,13075200
1996-11-12,4.78,4.88,5.05,4.64,4.69,31832800
1996-11-13,4.91,5.01,5.11,4.89,4.89,22049600
1996-11-14,5.03,5.12,5.17,5.02,5.02,12971200
1996-11-15,5.21,5.31,5.38,5.17,5.2,25739200
1996-11-18,5.09,5.19,5.52,5.16,5.34,17768000
1996-11-19,5.09,5.19,5.2,5.03,5.12,8841600
1996-11-20,4.95,5.05,5.23,4.98,5.17,8136800
1996-11-21,4.89,4.98,5.06,4.94,5.03,5715200
1996-11-22,4.84,4.94,5.06,4.89,5.02,9350400
1996-11-25,4.84,4.94,5.03,4.84,4.91,5056800
1996-11-26,4.84,4.94,5.09,4.91,4.94,9159200
1996-11-27,4.84,4.94,4.97,4.88,4.97,7591200
1996-11-29,4.84,4.94,4.95,4.92,4.92,1774400
1996-12-02,5.32,5.42,5.42,4.88,4.94,18624000
1996-12-03,5.16,5.27,5.5,5.22,5.48,11695200
1996-12-04,5.19,5.3,5.36,5.22,5.23,4271200
1996-12-05,5.15,5.25,5.31,5.25,5.25,4440800
1996-12-06,4.96,5.06,5.2,5.0,5.03,11951200
1996-12-09,5.04,5.14,5.22,5.08,5.09,5236800
1996-12-10,4.95,5.05,5.25,5.05,5.19,7822400
1996-12-11,4.9,5.0,5.03,4.91,4.91,8084800
1996-12-12,4.81,4.91,5.09,4.91,5.08,4644000
1996-12-13,4.81,4.91,4.95,4.81,4.84,5424800
1996-12-16,4.78,4.88,5.0,4.88,4.95,5973600
1996-12-17,4.9,5.0,5.02,4.81,4.81,7688000
1996-12-18,5.01,5.11,5.16,4.95,5.05,7268800
1996-12-19,5.12,5.22,5.31,5.06,5.12,8404000
1996-12-20,5.0,5.09,5.3,5.08,5.23,3803200
1996-12-23,4.83,4.92,5.12,4.89,5.09,5130400
1996-12-24,4.78,4.88,4.94,4.84,4.91,2452000
1996-12-26,4.67,4.77,4.91,4.72,4.91,5224000
1996-12-27,4.55,4.64,4.75,4.64,4.72,4256800
1996-12-30,4.6,4.69,4.75,4.64,4.64,4024000
1996-12-31,4.58,4.67,4.81,4.59,4.69,6066400
1997-01-02,4.73,4.83,4.83,4.66,4.7,7555200
1997-01-03,4.8,4.89,4.97,4.78,4.86,8307200
1997-01-06,4.96,5.06,5.08,4.83,4.89,9135200
1997-01-07,5.16,5.27,5.31,4.97,5.0,15312000
1997-01-08,5.18,5.28,5.52,5.28,5.38,20921600
1997-01-09,5.07,5.17,5.31,5.09,5.28,10584800
1997-01-10,4.81,4.91,5.11,4.75,5.03,29267200
1997-01-13,4.83,4.92,5.0,4.92,4.95,3499200
1997-01-14,4.79,4.88,4.97,4.81,4.97,8948000
1997-01-15,4.57,4.66,4.88,4.66,4.83,11230400
1997-01-16,4.59,4.68,4.73,4.56,4.72,13397600
1997-01-17,4.59,4.67,4.78,4.62,4.66,10340800
1997-01-20,4.65,4.73,4.81,4.7,4.73,7468800
1997-01-21,4.56,4.64,4.8,4.62,4.75,8404000
1997-01-22,4.66,4.75,4.77,4.42,4.64,11017600
1997-01-23,4.48,4.56,4.78,4.56,4.78,11024000
1997-01-24,4.42,4.5,4.69,4.45,4.61,8070400
1997-01-27,4.37,4.45,4.53,4.36,4.52,6606400
1997-01-28,4.48,4.56,4.7,4.45,4.56,15104800
1997-01-29,4.43,4.52,4.61,4.47,4.59,6321600
1997-01-30,4.59,4.67,4.7,4.56,4.58,8008000
1997-01-31,4.65,4.73,4.78,4.64,4.69,9170400
1997-02-03,4.62,4.7,4.78,4.66,4.75,5179200
1997-02-04,4.48,4.56,4.72,4.53,4.67,8233600
1997-02-05,4.27,4.34,4.59,4.33,4.59,7451200
1997-02-06,4.34,4.42,4.47,4.33,4.42,5673600
1997-02-07,4.48,4.56,4.61,4.42,4.47,8639200
1997-02-10,4.63,4.72,4.82,4.64,4.7,13027200
1997-02-11,4.49,4.57,4.81,4.56,4.77,17097600
1997-02-12,4.75,4.84,4.88,4.5,4.58,10115200
1997-02-13,4.83,4.92,4.95,4.81,4.84,8935200
1997-02-14,4.6,4.69,4.94,4.67,4.91,4157600
1997-02-18,4.88,4.97,4.98,4.69,4.72,13092000
1997-02-19,4.86,4.95,5.03,4.81,4.92,7557600
1997-02-20,4.83,4.92,4.95,4.81,4.95,5615200
1997-02-21,4.53,4.61,4.92,4.58,4.92,8736000
1997-02-24,4.48,4.56,4.58,4.44,4.58,9970400
1997-02-25,4.65,4.73,4.78,4.56,4.56,8947200
1997-02-26,4.56,4.64,4.78,4.62,4.77,7501600
1997-02-27,4.36,4.44,4.67,4.44,4.64,6339200
1997-02-28,4.48,4.56,4.67,4.44,4.44,8727200
1997-03-03,4.51,4.59,4.62,4.5,4.58,4220000
1997-03-04,4.5,4.58,4.72,4.56,4.66,3930400
1997-03-05,4.48,4.56,4.67,4.52,4.61,5776000
1997-03-06,4.34,4.42,4.61,4.42,4.55,4587200
1997-03-07,4.13,4.21,4.52,4.14,4.5,14759200
1997-03-10,4.34,4.42,4.42,4.08,4.23,12310400
1997-03-11,4.18,4.26,4.41,4.22,4.41,7284000
1997-03-12,4.08,4.16,4.34,4.12,4.34,13480000
1997-03-13,4.08,4.16,4.19,4.06,4.12,8441600
1997-03-14,4.08,4.16,4.28,4.16,4.2,7661600
1997-03-17,4.27,4.34,4.38,4.12,4.19,10441600
1997-03-18,4.28,4.36,4.44,4.22,4.41,9860800
1997-03-19,4.74,4.83,4.92,4.78,4.86,56603200
1997-03-20,4.97,5.06,5.08,4.75,4.88,29006400
1997-03-21,5.06,5.16,5.19,4.97,5.02,16352000
1997-03-24,5.03,5.12,5.17,5.02,5.09,9760000
1997-03-25,5.09,5.19,5.25,5.11,5.11,15416000
1997-03-26,5.25,5.34,5.45,5.17,5.19,14589600
1997-03-27,5.05,5.14,5.36,5.09,5.34,13728000
1997-03-31,4.93,5.02,5.16,5.0,5.12,14427200
1997-04-01,4.9,4.98,5.06,4.91,4.91,7922400
1997-04-02,5.01,5.09,5.12,4.94,4.97,9355200
1997-04-03,5.16,5.25,5.31,5.09,5.09,10696800
1997-04-04,5.28,5.38,5.44,5.19,5.23,18067200
1997-04-07,5.33,5.42,5.62,5.39,5.45,16325600
1997-04-08,5.36,5.45,5.48,5.28,5.41,10210400
1997-04-09,5.28,5.38,5.48,5.3,5.47,6904000
1997-04-10,5.15,5.24,5.41,5.23,5.38,6891200
1997-04-11,5.07,5.16,5.22,5.09,5.14,4852000
1997-04-14,5.19,5.28,5.33,5.16,5.16,9820000
1997-04-15,5.16,5.25,5.36,5.2,5.3,11544000
1997-04-16,5.1,5.19,5.27,5.09,5.25,7524000
1997-04-17,5.1,5.19,5.34,5.12,5.19,8196800
1997-04-18,4.95,5.03,5.28,5.02,5.27,15396000
1997-04-21,4.9,4.98,5.14,4.98,5.05,7554400
1997-04-22,4.88,4.97,5.0,4.66,4.98,13208800
1997-04-23,4.95,5.03,5.19,4.95,4.97,9067200
1997-04-24,4.99,5.08,5.16,5.03,5.08,7268800
1997-04-25,4.65,4.73,5.08,4.73,5.08,8506400
1997-04-28,4.75,4.83,5.02,4.61,4.75,19846400
1997-04-29,4.73,4.81,4.97,4.8,4.84,14372800
1997-04-30,4.81,4.89,4.91,4.75,4.78,8090400
1997-05-01,5.13,5.22,5.31,5.09,5.14,35820000
1997-05-02,5.41,5.5,5.5,5.2,5.25,28628800
1997-05-05,5.71,5.81,5.84,5.5,5.55,77996800
1997-05-06,5.58,5.67,5.89,5.61,5.75,30527200
1997-05-07,5.7,5.8,5.84,5.58,5.62,15923200
1997-05-08,5.41,5.5,5.83,5.44,5.73,23970400
1997-05-09,5.31,5.41,5.59,5.25,5.53,22896000
1997-05-12,5.38,5.48,5.59,5.44,5.47,9987200
1997-05-13,5.38,5.47,5.5,5.42,5.5,11094400
1997-05-14,5.28,5.38,5.48,5.34,5.47,6970400
1997-05-15,5.45,5.54,5.55,5.34,5.38,8871200
1997-05-16,5.5,5.59,5.7,5.3,5.31,15148000
1997-05-19,5.42,5.52,5.59,5.47,5.56,4754400
1997-05-20,5.38,5.48,5.52,5.41,5.5,5420800
1997-05-21,5.65,5.75,5.78,5.48,5.5,13360000
1997-05-22,5.68,5.78,5.81,5.66,5.77,7712000
1997-05-23,5.7,5.8,5.81,5.72,5.78,6040000
1997-05-27,6.01,6.11,6.11,5.72,5.72,11692000
1997-05-28,5.87,5.97,6.12,5.88,6.09,10544800
1997-05-29,5.59,5.69,5.98,5.62,5.97,9897600
1997-05-30,5.48,5.58,5.75,5.38,5.38,13027200
1997-06-02,5.55,5.65,5.66,5.53,5.61,7982400
1997-06-03,4.98,5.06,5.55,5.06,5.52,18226400
1997-06-04,5.08,5.17,5.28,5.08,5.12,10855200
1997-06-05,5.21,5.3,5.38,5.16,5.17,6131200
1997-06-06,5.3,5.39,5.44,5.28,5.33,6547200
1997-06-09,5.1,5.19,5.48,5.19,5.42,7568000
1997-06-10,5.1,5.19,5.28,5.12,5.2,6964000
1997-06-11,5.13,5.22,5.3,5.12,5.17,6870400
1997-06-12,5.1,5.19,5.27,5.14,5.22,7674400
1997-06-13,5.07,5.16,5.25,5.11,5.19,13410400
1997-06-16,5.08,5.17,5.25,5.11,5.16,10028000
1997-06-17,5.11,5.2,5.41,5.16,5.16,25666400
1997-06-18,4.95,5.03,5.27,5.0,5.16,13576000
1997-06-19,4.42,4.5,4.56,4.43,4.56,92036000
1997-06-20,4.41,4.48,4.59,4.44,4.55,23633600
1997-06-23,4.39,4.46,4.53,4.45,4.53,12973600
1997-06-24,4.36,4.44,4.56,4.42,4.56,13927200
1997-06-25,4.35,4.42,4.52,4.36,4.44,19012800
1997-06-26,4.33,4.41,4.46,4.4,4.43,6218400
1997-06-27,4.34,4.41,4.47,4.38,4.42,7273600
1997-06-30,4.31,4.38,4.44,4.36,4.44,9099200
1997-07-01,4.27,4.34,4.39,4.31,4.38,10788800
1997-07-02,4.46,4.53,4.53,4.25,4.34,17463200
1997-07-03,4.57,4.64,4.66,4.55,4.55,10907200
1997-07-07,4.63,4.7,4.79,4.64,4.69,10909600
1997-07-08,4.74,4.81,4.83,4.69,4.72,6553600
1997-07-09,4.6,4.67,4.84,4.61,4.83,8542400
1997-07-10,4.45,4.52,4.69,4.48,4.67,16503200
1997-07-11,4.46,4.53,4.59,4.43,4.56,21226400
1997-07-14,4.64,4.71,4.77,4.55,4.58,18138400
1997-07-15,4.61,4.69,4.75,4.66,4.73,7839200
1997-07-16,4.6,4.67,4.73,4.64,4.73,13170400
1997-07-17,4.56,4.63,4.68,4.59,4.67,7616800
1997-07-18,4.56,4.63,4.67,4.61,4.62,8857600
1997-07-21,4.56,4.63,4.64,4.59,4.64,3713600
1997-07-22,4.63,4.7,4.72,4.62,4.64,9199200
1997-07-23,4.56,4.63,4.73,4.61,4.73,11248000
1997-07-24,4.57,4.64,4.66,4.62,4.62,7465600
1997-07-25,4.73,4.8,4.81,4.66,4.69,7769600
1997-07-28,4.65,4.72,4.89,4.72,4.81,5736800
1997-07-29,4.65,4.72,4.8,4.63,4.75,4959200
1997-07-30,4.57,4.64,4.72,4.61,4.72,6549600
1997-07-31,4.61,4.67,4.7,4.61,4.65,5476800
1997-08-01,4.65,4.72,4.75,4.62,4.69,6844000
1997-08-04,4.68,4.75,4.75,4.69,4.72,7805600
1997-08-05,4.84,4.91,4.95,4.75,4.77,9441600
1997-08-06,4.96,5.03,5.16,4.83,4.95,22436800
1997-08-07,4.91,4.98,5.17,4.97,5.16,11870400
1997-08-08,4.78,4.85,5.03,4.83,4.91,8237600
1997-08-11,4.96,5.03,5.12,4.81,4.86,9248800
1997-08-12,4.89,4.96,5.09,4.95,5.06,7332800
1997-08-13,5.04,5.11,5.16,4.95,5.05,13158400
1997-08-14,5.22,5.3,5.31,5.11,5.14,11544000
1997-08-15,4.99,5.06,5.28,5.06,5.27,9603200
1997-08-18,5.11,5.19,5.2,5.0,5.06,6206400
1997-08-19,5.08,5.15,5.2,4.95,5.19,13548800
1997-08-20,5.35,5.43,5.5,5.09,5.17,15033600
1997-08-21,5.11,5.19,5.37,5.04,5.37,18451200
1997-08-22,5.31,5.39,5.39,5.02,5.05,10832800
1997-08-25,5.27,5.34,5.41,5.23,5.39,8069600
1997-08-26,5.03,5.1,5.3,5.09,5.28,13752800
1997-08-27,4.69,4.76,5.19,4.73,5.19,24663200
1997-08-28,4.92,4.99,5.06,4.75,4.77,14046400
1997-08-29,4.85,4.92,4.98,4.86,4.98,6202400
1997-09-02,5.01,5.08,5.11,4.97,4.98,5904000
1997-09-03,5.06,5.13,5.19,5.06,5.08,5786400
1997-09-04,5.04,5.12,5.19,5.06,5.12,6225600
1997-09-05,5.14,5.22,5.28,5.06,5.12,9245600
1997-09-08,5.09,5.16,5.23,5.12,5.22,3404000
1997-09-09,5.08,5.16,5.17,5.09,5.12,7548000
1997-09-10,5.05,5.12,5.16,5.06,5.12,6201600
1997-09-11,5.49,5.57,5.62,5.44,5.47,38915200
1997-09-12,5.58,5.66,5.73,5.53,5.57,18688800
1997-09-15,5.58,5.66,5.75,5.61,5.66,10371200
1997-09-16,5.56,5.64,5.7,5.48,5.66,14139200
1997-09-17,5.5,5.58,5.62,5.53,5.62,10848000
1997-09-18,5.64,5.72,5.77,5.56,5.58,11329600
1997-09-19,6.13,6.22,6.3,5.88,5.88,53201600
1997-09-22,6.42,6.52,6.61,6.38,6.42,37351200
1997-09-23,6.38,6.47,6.64,6.28,6.52,17479200
1997-09-24,6.28,6.37,6.52,6.34,6.48,9432800
1997-09-25,6.26,6.35,6.41,6.3,6.34,5926400
1997-09-26,6.15,6.23,6.44,6.17,6.39,9526400
1997-09-29,6.18,6.27,6.3,6.19,6.27,5675200
1997-09-30,6.21,6.3,6.38,6.22,6.27,8863200
1997-10-01,6.14,6.23,6.39,6.14,6.31,7108800
1997-10-02,6.19,6.27,6.34,6.2,6.24,5793600
1997-10-03,6.11,6.19,6.34,6.16,6.31,7913600
1997-10-06,6.24,6.33,6.48,6.17,6.19,12128800
1997-10-07,6.3,6.38,6.47,6.34,6.38,7437600
1997-10-08,6.32,6.41,6.41,6.31,6.39,5524000
1997-10-09,6.35,6.44,6.47,6.31,6.36,5972000
1997-10-10,6.21,6.29,6.44,6.27,6.44,10496800
1997-10-13,6.4,6.48,6.53,6.28,6.28,7782400
1997-10-14,6.41,6.5,6.59,6.38,6.52,11423200
1997-10-15,6.34,6.42,6.45,6.38,6.45,8856800
1997-10-16,6.14,6.22,6.45,6.19,6.41,9935200
1997-10-17,5.91,5.98,6.16,5.8,6.15,20144000
1997-10-20,6.21,6.29,6.29,6.02,6.03,19004000
1997-10-21,6.17,6.25,6.36,6.2,6.3,7841600
1997-10-22,6.06,6.14,6.27,6.13,6.25,5284800
1997-10-23,6.04,6.12,6.16,5.97,6.0,12029600
1997-10-24,6.09,6.17,6.25,6.09,6.16,11607200
1997-10-27,5.7,5.78,6.12,5.52,6.06,17360800
1997-10-28,6.02,6.1,6.1,5.5,5.55,19151200
1997-10-29,6.04,6.12,6.25,6.05,6.12,15544800
1997-10-30,5.94,6.02,6.16,5.98,6.01,10932800
1997-10-31,5.89,5.97,6.12,5.92,6.11,3795200
1997-11-03,6.03,6.11,6.12,5.95,6.02,3996800
1997-11-04,5.97,6.05,6.16,6.03,6.06,6144000
1997-11-05,5.93,6.01,6.11,5.97,6.05,15754400
1997-11-06,5.91,5.98,6.07,5.97,5.98,8541600
1997-11-07,5.89,5.97,5.98,5.84,5.88,6181600
1997-11-10,5.8,5.88,6.05,5.88,5.97,7820000
1997-11-11,5.81,5.89,5.94,5.78,5.89,4821600
1997-11-12,5.58,5.66,5.86,5.66,5.78,3735200
1997-11-13,5.64,5.72,5.77,5.58,5.72,7707200
1997-11-14,5.98,6.06,6.06,5.69,5.7,8695200
1997-11-17,6.01,6.09,6.14,6.02,6.12,4490400
1997-11-18,5.2,5.27,6.04,5.25,6.0,44504800
1997-11-19,5.3,5.38,5.44,5.06,5.23,17504800
1997-11-20,5.26,5.33,5.47,5.27,5.38,8124000
1997-11-21,5.3,5.37,5.45,5.12,5.34,9267200
1997-11-24,5.08,5.15,5.38,5.09,5.38,6014400
1997-11-25,5.22,5.29,5.41,5.14,5.2,5048800
1997-11-26,5.15,5.22,5.39,5.19,5.34,2074400
1997-11-28,5.18,5.25,5.3,5.17,5.23,1525600
1997-12-01,5.28,5.35,5.42,5.2,5.31,5520800
1997-12-02,5.13,5.2,5.37,5.19,5.33,4308800
1997-12-03,5.2,5.27,5.33,5.1,5.2,5239200
1997-12-04,5.13,5.2,5.34,5.2,5.28,2852800
1997-12-05,5.06,5.12,5.22,5.06,5.12,6219200
1997-12-08,5.24,5.31,5.34,5.08,5.11,8631200
1997-12-09,5.13,5.2,5.38,5.17,5.28,8460800
1997-12-10,5.01,5.08,5.32,5.0,5.17,11936000
1997-12-11,4.82,4.88,5.05,4.81,5.05,12793600
1997-12-12,4.35,4.41,4.69,4.19,4.62,27641600
1997-12-15,4.47,4.53,4.55,4.19,4.44,16588000
1997-12-16,4.28,4.34,4.7,4.28,4.53,13145600
1997-12-17,4.32,4.38,4.45,4.2,4.36,14448800
1997-12-18,4.27,4.33,4.42,4.27,4.38,8961600
1997-12-19,4.55,4.61,4.66,4.27,4.45,27788000
1997-12-22,4.59,4.65,4.7,4.47,4.61,17584000
1997-12-23,4.48,4.54,4.72,4.45,4.66,6749600
1997-12-24,4.57,4.63,4.69,4.56,4.56,2867200
1997-12-26,4.66,4.72,4.72,4.62,4.62,871200
1997-12-29,4.73,4.8,4.84,4.73,4.75,5199200
1997-12-30,4.96,5.02,5.05,4.77,4.79,8182400
1997-12-31,5.09,5.16,5.23,4.95,5.02,13396000
1998-01-02,5.0,5.06,5.11,4.94,5.11,6380800
1998-01-05,5.07,5.13,5.2,5.02,5.02,8916800
1998-01-06,5.24,5.3,5.44,5.11,5.11,12635200
1998-01-07,5.16,5.23,5.31,5.17,5.3,18653600
1998-01-08,5.21,5.27,5.34,5.19,5.2,8851200
1998-01-09,5.09,5.16,5.27,5.12,5.25,6635200
1998-01-12,5.03,5.09,5.23,5.02,5.05,8977600
1998-01-13,4.97,5.03,5.12,4.95,5.09,9136000
1998-01-14,4.8,4.86,5.03,4.84,5.03,6960800
1998-01-15,4.84,4.91,5.0,4.78,4.81,5855200
1998-01-16,4.84,4.91,4.94,4.82,4.91,4971200
1998-01-20,4.89,4.95,4.98,4.89,4.89,4168000
1998-01-21,4.82,4.88,4.97,4.88,4.88,3800000
1998-01-22,4.75,4.81,4.91,4.75,4.84,4307200
1998-01-23,4.72,4.78,4.86,4.62,4.8,5460000
1998-01-26,4.61,4.67,4.81,4.62,4.78,4466400
1998-01-27,4.61,4.67,4.73,4.63,4.63,3863200
1998-01-28,4.68,4.74,4.79,4.65,4.69,7122400
1998-01-29,4.64,4.7,4.77,4.62,4.73,4272000
1998-01-30,4.75,4.81,4.84,4.64,4.75,4761600
1998-02-02,4.74,4.8,4.94,4.78,4.86,9976800
1998-02-03,4.73,4.79,4.83,4.73,4.78,8202400
1998-02-04,4.84,4.91,4.93,4.71,4.75,9240800
1998-02-05,4.87,4.93,5.02,4.92,4.93,8191200
1998-02-06,4.94,5.0,5.08,4.88,4.89,8656000
1998-02-09,5.01,5.08,5.13,5.04,5.05,11158400
1998-02-10,4.97,5.04,5.12,5.02,5.07,11175200
1998-02-11,4.98,5.05,5.11,5.0,5.02,10981600
1998-02-12,5.09,5.16,5.19,4.83,4.94,24822400
1998-02-13,5.36,5.43,5.58,5.11,5.12,24736800
1998-02-17,5.34,5.41,5.55,5.31,5.55,9248000
1998-02-18,5.41,5.48,5.52,5.35,5.42,8688000
1998-02-19,5.41,5.48,5.5,5.44,5.48,5407200
1998-02-20,5.4,5.47,5.58,5.44,5.5,5774400
1998-02-23,5.41,5.48,5.56,5.45,5.53,4862400
1998-02-24,5.15,5.22,5.5,5.19,5.47,13811200
1998-02-25,5.28,5.34,5.42,5.23,5.25,6876800
1998-02-26,5.38,5.45,5.5,5.33,5.38,4103200
1998-02-27,5.45,5.52,5.59,5.42,5.45,6940800
1998-03-02,5.32,5.39,5.56,5.38,5.54,5185600
1998-03-03,5.38,5.45,5.52,5.38,5.41,4000000
1998-03-04,5.41,5.48,5.56,5.45,5.47,2935200
1998-03-05,5.39,5.46,5.52,5.31,5.34,6260000
1998-03-06,5.49,5.56,5.58,5.47,5.47,5942400
1998-03-09,5.38,5.45,5.75,5.45,5.5,10834400
1998-03-10,5.52,5.59,5.62,5.52,5.55,2523200
1998-03-11,5.53,5.6,5.63,5.56,5.61,2916000
1998-03-12,5.48,5.55,5.59,5.45,5.59,3789600
1998-03-13,5.41,5.48,5.59,5.42,5.53,5724000
1998-03-16,5.48,5.55,5.56,5.45,5.45,4919200
1998-03-17,5.38,5.45,5.59,5.45,5.56,2546400
1998-03-18,5.26,5.33,5.47,5.3,5.47,4832800
1998-03-19,5.42,5.49,5.52,5.33,5.36,6726400
1998-03-20,5.34,5.41,5.5,5.41,5.48,5312000
1998-03-23,5.32,5.39,5.48,5.31,5.39,6828000
1998-03-24,5.44,5.51,5.51,5.38,5.38,8208000
1998-03-25,5.48,5.55,5.66,5.44,5.53,11906400
1998-03-26,5.92,6.0,6.18,5.52,5.55,48476800
1998-03-27,5.61,5.69,5.88,5.53,5.84,86673600
1998-03-30,5.6,5.67,5.83,5.66,5.77,19652800
1998-03-31,5.58,5.65,5.71,5.59,5.67,14004800
1998-04-01,5.65,5.72,5.75,5.6,5.64,10943200
1998-04-02,5.76,5.83,5.91,5.7,5.7,13932000
1998-04-03,5.8,5.88,5.92,5.83,5.86,4947200
1998-04-06,5.7,5.77,5.89,5.75,5.85,10699200
1998-04-07,5.52,5.59,5.75,5.56,5.72,11528800
1998-04-08,5.55,5.62,5.62,5.47,5.59,5698400
1998-04-09,5.59,5.66,5.68,5.58,5.58,4539200
1998-04-13,5.79,5.86,5.87,5.64,5.67,9676000
1998-04-14,5.76,5.84,5.86,5.72,5.83,5139200
1998-04-15,5.96,6.03,6.06,5.8,5.85,12397600
1998-04-16,5.97,6.05,6.15,5.98,6.05,8708000
1998-04-17,6.01,6.09,6.1,6.0,6.0,5599200
1998-04-20,6.17,6.25,6.32,6.08,6.09,12816000
1998-04-21,6.06,6.13,6.26,6.05,6.26,4027200
1998-04-22,6.26,6.34,6.38,6.16,6.17,13420000
1998-04-23,6.13,6.21,6.34,6.17,6.34,9706400
1998-04-24,6.27,6.34,6.38,6.22,6.22,10488800
1998-04-27,6.19,6.27,6.46,6.19,6.23,14980800
1998-04-28,6.03,6.1,6.38,6.07,6.34,6315200
1998-04-29,6.25,6.33,6.41,6.14,6.14,10520000
1998-04-30,6.18,6.26,6.48,6.25,6.36,10392800
1998-05-01,6.22,6.3,6.31,6.17,6.26,5008000
1998-05-04,6.16,6.23,6.38,6.2,6.25,4297600
1998-05-05,6.1,6.17,6.24,6.02,6.17,8641600
1998-05-06,6.08,6.16,6.23,6.09,6.19,5926400
1998-05-07,6.15,6.23,6.23,6.08,6.16,3712800
1998-05-08,6.25,6.33,6.44,6.22,6.22,4276000
1998-05-11,5.83,5.91,6.27,5.76,6.27,35230400
1998-05-12,5.68,5.75,6.03,5.72,5.94,16627200
1998-05-13,5.59,5.66,5.79,5.62,5.75,13099200
1998-05-14,5.59,5.66,5.76,5.57,5.61,5256000
1998-05-15,5.6,5.67,5.7,5.59,5.7,5197600
1998-05-18,5.55,5.62,5.77,5.58,5.64,3761600
1998-05-19,5.62,5.69,5.73,5.62,5.67,2452000
1998-05-20,5.52,5.59,5.75,5.58,5.75,3211200
1998-05-21,5.44,5.51,5.62,5.4,5.58,4468000
1998-05-22,5.35,5.42,5.59,5.41,5.52,2334400
1998-05-26,5.11,5.17,5.5,5.14,5.5,10364000
1998-05-27,5.15,5.21,5.22,5.0,5.08,15058400
1998-05-28,5.17,5.23,5.25,5.14,5.22,9158400
1998-05-29,4.93,4.99,5.33,4.99,5.23,5938400
1998-06-01,4.85,4.91,5.08,4.86,4.99,5425600
1998-06-02,5.06,5.12,5.12,4.94,4.97,4083200
1998-06-03,4.94,5.0,5.14,4.96,5.11,3502400
1998-06-04,5.02,5.09,5.09,4.98,5.03,5073600
1998-06-05,5.05,5.11,5.12,5.0,5.07,2612000
1998-06-08,5.0,5.06,5.17,5.05,5.12,3369600
1998-06-09,5.37,5.44,5.48,5.06,5.08,11635200
1998-06-10,5.18,5.25,5.5,5.25,5.38,8192800
1998-06-11,5.04,5.1,5.3,5.05,5.27,7749600
1998-06-12,4.94,5.0,5.14,4.97,5.11,4565600
1998-06-15,4.89,4.95,5.12,4.95,5.0,6804000
1998-06-16,5.15,5.22,5.22,5.0,5.04,7596800
1998-06-17,5.12,5.19,5.31,5.16,5.24,6452800
1998-06-18,5.05,5.12,5.19,5.02,5.16,7408800
1998-06-19,4.87,4.93,5.12,4.8,5.12,14300000
1998-06-22,4.95,5.02,5.08,4.94,4.98,10323200
1998-06-23,5.0,5.06,5.22,5.02,5.06,6876800
1998-06-24,5.19,5.26,5.28,5.0,5.08,7634400
1998-06-25,5.48,5.55,5.59,5.3,5.33,11358400
1998-06-26,5.24,5.3,5.64,5.23,5.5,18100800
1998-06-29,5.28,5.34,5.44,5.27,5.39,6979200
1998-06-30,5.24,5.3,5.33,5.23,5.33,11124000
1998-07-01,5.13,5.2,5.36,5.1,5.31,5217600
1998-07-02,5.11,5.17,5.2,5.08,5.16,4730400
1998-07-06,5.07,5.13,5.26,5.06,5.17,5441600
1998-07-07,5.03,5.09,5.16,5.0,5.12,4391200
1998-07-08,5.14,5.2,5.25,5.06,5.08,5527200
1998-07-09,5.04,5.1,5.2,5.07,5.17,6646400
1998-07-10,4.96,5.02,5.13,5.0,5.08,4236800
1998-07-13,4.92,4.98,5.05,4.92,5.02,7338400
1998-07-14,4.82,4.88,4.98,4.84,4.98,4532000
1998-07-15,4.86,4.91,4.97,4.85,4.85,7216000
1998-07-16,4.92,4.98,5.09,4.95,5.02,5701600
1998-07-17,4.93,4.99,5.0,4.91,4.98,9432000
1998-07-20,5.0,5.06,5.07,4.97,4.99,5640000
1998-07-21,4.89,4.95,5.1,4.94,5.05,4364800
1998-07-22,4.88,4.94,4.99,4.8,4.94,7038400
1998-07-23,4.8,4.86,4.95,4.83,4.91,8520800
1998-07-24,4.68,4.73,4.9,4.67,4.9,6845600
1998-07-27,4.68,4.73,4.77,4.62,4.72,5352800
1998-07-28,4.66,4.72,4.72,4.62,4.69,4659200
1998-07-29,4.45,4.51,4.69,4.5,4.67,7403200
1998-07-30,4.23,4.28,4.45,4.26,4.41,15167200
1998-07-31,3.99,4.04,4.33,4.03,4.33,14546400
1998-08-03,3.83,3.88,4.16,3.87,4.12,12924000
1998-08-04,3.74,3.78,4.02,3.72,3.98,11197600
1998-08-05,3.77,3.82,3.86,3.74,3.8,7171200
1998-08-06,3.77,3.81,3.95,3.8,3.81,8556800
1998-08-07,3.74,3.78,3.86,3.77,3.86,12781600
1998-08-10,3.98,4.02,4.03,3.8,3.81,12116800
1998-08-11,3.81,3.85,3.95,3.77,3.78,8355200
1998-08-12,3.38,3.42,3.45,3.07,3.25,50637600
1998-08-13,3.41,3.45,3.46,3.27,3.41,29881600
1998-08-14,3.33,3.37,3.5,3.35,3.5,10616800
1998-08-17,3.35,3.39,3.44,3.25,3.38,6435200
1998-08-18,3.33,3.38,3.41,3.36,3.41,5304800
1998-08-19,3.19,3.23,3.41,3.19,3.39,5681600
1998-08-20,3.1,3.14,3.25,3.11,3.2,4208000
1998-08-21,3.08,3.12,3.16,3.09,3.14,5464800
1998-08-24,3.02,3.05,3.16,3.01,3.13,5346400
1998-08-25,3.03,3.07,3.09,3.05,3.09,7096800
1998-08-26,3.41,3.45,3.57,3.17,3.2,29804800
1998-08-27,3.32,3.36,3.42,3.28,3.33,8000000
1998-08-28,3.36,3.4,3.41,3.3,3.38,6833600
1998-08-31,3.24,3.28,3.44,3.23,3.44,6020000
1998-09-01,3.41,3.45,3.45,3.2,3.22,7608800
1998-09-02,3.09,3.12,3.44,3.12,3.41,5030400
1998-09-03,3.06,3.1,3.16,2.97,3.06,8179200
1998-09-04,3.02,3.05,3.22,2.95,3.12,6987200
1998-09-08,3.17,3.21,3.25,3.07,3.16,9205600
1998-09-09,3.46,3.5,3.58,3.2,3.23,13612800
1998-09-10,3.31,3.35,3.62,3.34,3.37,15108000
1998-09-11,3.46,3.5,3.62,3.41,3.59,11820800
1998-09-14,3.52,3.56,3.61,3.5,3.55,9260800
1998-09-15,3.77,3.82,3.92,3.55,3.57,17231200
1998-09-16,3.91,3.96,4.03,3.85,3.86,11728000
1998-09-17,3.8,3.84,3.98,3.83,3.84,8712000
1998-09-18,3.94,3.98,3.98,3.88,3.92,4696800
1998-09-21,3.96,4.0,4.03,3.86,3.88,3555200
1998-09-22,3.98,4.02,4.05,4.0,4.02,3613600
1998-09-23,4.18,4.23,4.23,4.03,4.03,6118400
1998-09-24,4.15,4.2,4.32,4.16,4.19,4549600
1998-09-25,4.14,4.18,4.26,4.09,4.11,3707200
1998-09-28,4.31,4.36,4.46,4.24,4.25,6660800
1998-09-29,4.33,4.38,4.41,4.31,4.38,7749600
1998-09-30,4.29,4.34,4.37,4.28,4.31,10460800
1998-10-01,4.07,4.11,4.31,4.11,4.25,28962400
1998-10-02,4.21,4.25,4.3,4.05,4.12,13443200
1998-10-05,4.02,4.06,4.25,3.97,4.19,19281600
1998-10-06,3.96,4.0,4.12,3.88,4.12,9371200
1998-10-07,3.83,3.87,4.02,3.77,3.97,9584000
1998-10-08,3.91,3.95,3.95,3.75,3.75,9472800
1998-10-09,4.14,4.19,4.25,3.98,4.0,5689600
1998-10-12,4.27,4.31,4.49,4.28,4.31,7798400
1998-10-13,4.16,4.2,4.34,4.11,4.22,15376000
1998-10-14,4.0,4.05,4.31,3.98,4.17,7795200
1998-10-15,4.4,4.45,4.52,4.0,4.03,12362400
1998-10-16,4.47,4.52,4.77,4.44,4.6,9110400
1998-10-19,4.72,4.77,4.88,4.45,4.53,7673600
1998-10-20,4.34,4.38,4.75,4.25,4.73,6640800
1998-10-21,4.63,4.68,4.7,4.23,4.38,6100800
1998-10-22,4.48,4.53,4.83,4.52,4.66,7208000
1998-10-23,4.41,4.45,4.59,4.44,4.53,1744000
1998-10-26,4.56,4.61,4.7,4.47,4.5,3844000
1998-10-27,4.5,4.55,4.67,4.48,4.64,4428000
1998-10-28,4.53,4.57,4.66,4.51,4.52,2222400
1998-10-29,4.84,4.89,4.91,4.51,4.61,11519200
1998-10-30,4.59,4.64,4.96,4.63,4.94,6818400
1998-11-02,4.78,4.83,4.93,4.7,4.72,3400800
1998-11-03,4.83,4.88,4.98,4.81,4.81,4791200
1998-11-04,4.99,5.05,5.07,4.89,4.94,8865600
1998-11-05,5.09,5.14,5.27,4.97,4.97,9995200
1998-11-06,5.38,5.44,5.52,5.08,5.09,9488000
1998-11-09,5.35,5.41,5.56,5.28,5.41,9734400
1998-11-10,5.3,5.35,5.47,5.28,5.31,8610400
1998-11-11,5.46,5.52,5.56,5.4,5.4,10937600
1998-11-12,5.5,5.56,5.74,5.53,5.55,14072000
1998-11-13,5.54,5.59,5.64,5.5,5.58,3184800
1998-11-16,5.61,5.67,5.67,5.55,5.62,3889600
1998-11-17,5.58,5.64,5.72,5.47,5.66,5079200
1998-11-18,5.55,5.61,5.74,5.55,5.63,4352800
1998-11-19,5.52,5.58,5.64,5.52,5.62,4277600
1998-11-20,5.6,5.66,5.67,5.56,5.6,2860000
1998-11-23,5.94,6.0,6.0,5.62,5.64,7552800
1998-11-24,5.72,5.78,5.98,5.75,5.92,5600000
1998-11-25,5.85,5.91,5.92,5.56,5.77,7522400
1998-11-27,5.8,5.86,5.92,5.81,5.88,1480000
1998-11-30,5.54,5.59,5.82,5.55,5.81,5229600
1998-12-01,5.68,5.74,5.78,5.5,5.5,6292000
1998-12-02,5.57,5.62,5.83,5.48,5.7,7168800
1998-12-03,5.68,5.74,5.78,5.56,5.6,6422400
1998-12-04,5.58,5.64,5.76,5.5,5.75,5173600
1998-12-07,5.77,5.83,5.87,5.66,5.66,3934400
1998-12-08,5.52,5.58,5.86,5.53,5.78,4730400
1998-12-09,5.55,5.61,5.63,5.53,5.62,3991200
1998-12-10,5.49,5.55,5.62,5.48,5.59,1824000
1998-12-11,5.06,5.12,5.56,4.78,5.54,22278400
1998-12-14,4.62,4.67,5.25,4.59,5.05,25610400
1998-12-15,5.03,5.08,5.11,4.61,4.73,16244000
1998-12-16,4.72,4.77,5.2,4.68,5.08,10540000
1998-12-17,5.43,5.48,5.62,5.32,5.5,24800800
1998-12-18,5.5,5.56,5.59,5.34,5.53,7824800
1998-12-21,5.3,5.35,5.61,5.3,5.56,8358400
1998-12-22,5.68,5.74,5.74,5.35,5.38,7474400
1998-12-23,5.87,5.92,6.03,5.67,5.73,8971200
1998-12-24,5.8,5.85,5.95,5.81,5.95,1768800
1998-12-28,5.82,5.88,5.94,5.78,5.88,3757600
1998-12-29,5.8,5.86,5.88,5.7,5.81,6092000
1998-12-30,5.7,5.75,5.86,5.7,5.84,3753600
1998-12-31,5.79,5.84,5.94,5.73,5.73,3568800
1999-01-04,6.18,6.24,6.25,5.8,5.84,12611200
1999-01-05,6.05,6.11,6.38,5.91,6.13,15236000
1999-01-06,5.84,5.89,6.13,5.79,6.13,8953600
1999-01-07,5.96,6.02,6.14,5.76,5.81,5767200
1999-01-08,6.04,6.1,6.12,6.0,6.07,5077600
1999-01-11,6.07,6.12,6.14,6.06,6.06,3360000
1999-01-12,6.03,6.09,6.13,6.06,6.07,3996000
1999-01-13,6.08,6.13,6.14,5.77,5.83,4131200
1999-01-14,5.91,5.96,6.27,5.95,6.11,8208800
1999-01-15,6.06,6.12,6.15,5.98,5.98,3761600
1999-01-19,6.24,6.3,6.34,6.08,6.11,8180800
1999-01-20,6.08,6.14,6.34,6.09,6.34,5534400
1999-01-21,5.99,6.05,6.18,5.98,6.11,6818400
1999-01-22,6.01,6.06,6.12,5.97,6.02,6466400
1999-01-25,6.19,6.25,6.33,6.05,6.06,7112800
1999-01-26,6.05,6.11,6.31,6.11,6.24,5216800
1999-01-27,6.08,6.14,6.18,5.98,6.14,7924800
1999-01-28,6.07,6.12,6.26,5.84,6.11,5400800
1999-01-29,5.91,5.97,6.13,5.89,6.12,3909600
1999-02-01,5.93,5.98,6.06,5.94,5.95,4028000
1999-02-02,5.69,5.74,5.98,5.73,5.97,5542400
1999-02-03,5.9,5.95,6.16,5.66,5.69,7928000
1999-02-04,5.72,5.77,6.03,5.73,5.94,8226400
1999-02-05,5.7,5.76,5.81,5.58,5.78,7411200
1999-02-08,5.74,5.8,5.91,5.66,5.78,6507200
1999-02-09,5.41,5.46,5.83,5.42,5.83,11270400
1999-02-10,5.5,5.55,5.58,5.39,5.43,9429600
1999-02-11,5.58,5.63,5.66,5.56,5.59,7386400
1999-02-12,5.39,5.45,5.62,5.36,5.61,4164000
1999-02-16,5.23,5.28,5.59,5.21,5.48,5669600
1999-02-17,4.92,4.97,5.29,4.96,5.17,6205600
1999-02-18,5.23,5.28,5.39,5.0,5.06,6944000
1999-02-19,5.24,5.29,5.34,5.19,5.25,4113600
1999-02-22,5.42,5.47,5.51,5.23,5.3,4177600
1999-02-23,5.42,5.47,5.56,5.36,5.55,2572800
1999-02-24,5.39,5.44,5.61,5.4,5.47,3181600
1999-02-25,5.33,5.38,5.39,5.19,5.37,2319200
1999-02-26,4.98,5.03,5.44,4.95,5.41,6217600
1999-03-01,4.98,5.02,5.12,4.71,5.05,10431200
1999-03-02,5.03,5.08,5.31,5.07,5.23,5349600
1999-03-03,4.98,5.02,5.17,4.88,5.16,2443200
1999-03-04,5.65,5.7,5.71,5.16,5.19,19820800
1999-03-05,5.72,5.77,5.86,5.64,5.79,12104000
1999-03-08,5.95,6.01,6.02,5.68,5.8,5923200
1999-03-09,5.88,5.94,6.07,5.91,5.99,8453600
1999-03-10,5.94,6.0,6.17,5.87,5.93,7243200
1999-03-11,5.97,6.03,6.08,5.89,6.06,4234400
1999-03-12,5.91,5.96,6.01,5.83,5.94,5337600
1999-03-15,5.97,6.03,6.06,5.91,5.96,2608800
1999-03-16,6.21,6.27,6.3,6.02,6.02,11964800
1999-03-17,6.08,6.14,6.26,6.11,6.22,2792000
1999-03-18,6.16,6.22,6.24,6.02,6.08,4305600
1999-03-19,6.69,6.75,6.91,6.6,6.88,20636800
1999-03-22,6.48,6.54,6.75,6.48,6.75,8760000
1999-03-23,6.28,6.34,6.54,6.26,6.54,6619200
1999-03-24,6.69,6.75,6.8,6.23,6.39,17846400
1999-03-25,6.93,7.0,7.0,6.82,6.86,17896000
1999-03-26,7.05,7.12,7.26,6.84,6.94,10300000
1999-03-29,7.31,7.38,7.48,7.12,7.14,8391200
1999-03-30,6.97,7.03,7.33,7.03,7.31,6049600
1999-03-31,7.03,7.09,7.36,7.03,7.08,4623200
1999-04-01,6.99,7.05,7.19,7.0,7.1,3301600
1999-04-05,6.89,6.95,7.16,6.94,7.08,3615200
1999-04-06,6.89,6.95,7.25,6.95,6.99,6086400
1999-04-07,6.69,6.75,7.12,6.62,7.03,10157600
1999-04-08,6.67,6.73,6.81,6.61,6.81,7443200
1999-04-09,6.99,7.05,7.12,6.63,6.69,3753600
1999-04-12,6.99,7.05,7.24,6.88,6.88,4007200
1999-04-13,7.03,7.09,7.22,7.02,7.12,3653600
1999-04-14,7.1,7.16,7.27,7.12,7.14,7338400
1999-04-15,6.99,7.05,7.2,6.94,7.19,3305600
1999-04-16,7.37,7.43,7.48,7.11,7.25,8661600
1999-04-19,7.3,7.36,7.53,7.16,7.45,9777600
1999-04-20,7.29,7.35,7.52,7.27,7.44,3962400
1999-04-21,7.41,7.47,7.49,7.23,7.38,3138400
1999-04-22,7.66,7.73,7.8,7.5,7.5,10244000
1999-04-23,7.87,7.94,8.09,7.59,7.77,7548000
1999-04-26,7.93,8.0,8.12,7.88,7.89,11050400
1999-04-27,8.06,8.12,8.19,7.98,8.03,8596000
1999-04-28,8.03,8.09,8.31,8.03,8.11,8924800
1999-04-29,7.84,7.91,8.13,7.91,8.09,7620800
1999-04-30,7.85,7.92,8.06,7.67,7.95,8200000
1999-05-03,8.01,8.08,8.22,7.91,7.93,6412800
1999-05-04,7.81,7.88,8.2,7.88,8.11,3125600
1999-05-05,7.84,7.91,7.97,7.7,7.95,4782400
1999-05-06,8.06,8.12,8.25,7.83,7.84,5260000
1999-05-07,8.42,8.49,8.5,7.94,8.14,9484000
1999-05-10,8.98,9.05,9.36,8.45,8.49,13172000
1999-05-11,8.95,9.03,9.27,8.78,9.05,9380800
1999-05-12,9.13,9.21,9.34,9.0,9.03,8890400
1999-05-13,9.1,9.18,9.25,9.06,9.22,6715200
1999-05-14,8.96,9.04,9.23,9.0,9.1,9319200
1999-05-17,9.13,9.2,9.2,8.94,8.94,4980800
1999-05-18,9.23,9.3,9.39,9.16,9.25,8110400
1999-05-19,9.65,9.73,9.8,9.3,9.31,9780800
1999-05-20,9.95,10.03,10.13,9.8,9.81,11228000
1999-05-21,9.82,9.91,10.12,9.8,10.09,6323200
1999-05-24,9.77,9.85,9.93,9.47,9.81,9307200
1999-05-25,9.47,9.55,9.92,9.5,9.84,20623200
1999-05-26,9.12,9.2,9.57,8.47,9.56,24132800
1999-05-27,9.23,9.31,9.39,9.08,9.14,13496800
1999-05-28,9.19,9.27,9.5,9.23,9.33,5826400
1999-06-01,8.99,9.06,9.31,8.92,9.24,5622400
1999-06-02,9.3,9.38,9.5,8.94,9.5,15565600
1999-06-03,9.11,9.19,9.31,9.12,9.3,4373600
1999-06-04,8.99,9.07,9.27,9.0,9.2,4340000
1999-06-07,8.67,8.74,9.09,8.38,9.08,11028800
1999-06-08,8.41,8.48,8.73,8.41,8.66,5417600
1999-06-09,8.82,8.9,8.92,8.41,8.53,4496800
1999-06-10,8.71,8.78,8.94,8.7,8.8,3654400
1999-06-11,8.41,8.48,8.83,8.47,8.77,3783200
1999-06-14,8.57,8.64,8.75,8.45,8.48,2402400
1999-06-15,8.78,8.86,9.16,8.63,8.69,5747200
1999-06-16,9.17,9.25,9.31,8.96,8.97,5071200
1999-06-17,9.16,9.23,9.3,9.09,9.2,7026400
1999-06-18,10.23,10.32,10.33,9.61,9.62,29459200
1999-06-21,10.28,10.37,10.59,10.02,10.14,19841600
1999-06-22,10.74,10.83,11.03,10.25,10.28,13452000
1999-06-23,10.89,10.98,11.01,10.62,10.62,11219200
1999-06-24,10.5,10.59,10.97,10.38,10.97,9212800
1999-06-25,10.33,10.42,10.91,10.32,10.58,4140800
1999-06-28,10.61,10.7,10.83,10.49,10.5,5960800
1999-06-29,10.85,10.94,10.95,10.69,10.72,3501600
1999-06-30,10.19,10.27,11.0,10.27,10.94,10644000
1999-07-01,10.57,10.66,10.75,10.1,10.34,7425600
1999-07-02,10.55,10.63,11.05,10.56,10.83,6020000
1999-07-06,10.54,10.62,10.75,10.47,10.62,5096800
1999-07-07,10.53,10.62,10.65,10.16,10.54,2712800
1999-07-08,10.51,10.59,10.75,10.36,10.45,4436800
1999-07-09,10.69,10.77,11.06,10.77,10.78,6947200
1999-07-12,10.9,10.98,11.0,10.5,10.86,4828000
1999-07-13,10.86,10.95,11.14,10.8,10.9,4836000
1999-07-14,11.16,11.25,11.27,11.0,11.0,7978400
1999-07-15,11.16,11.25,11.47,11.08,11.26,6679200
1999-07-16,11.16,11.25,11.33,11.09,11.21,5057600
1999-07-19,11.38,11.47,11.7,11.22,11.22,7548800
1999-07-20,11.08,11.17,11.52,11.12,11.42,6203200
1999-07-21,11.19,11.28,11.44,11.12,11.25,5028000
1999-07-22,10.59,10.67,11.28,10.66,11.27,6952800
1999-07-23,10.74,10.83,10.99,10.7,10.75,4752000
1999-07-26,10.63,10.71,10.94,10.59,10.62,7619200
1999-07-27,10.84,10.93,10.94,10.65,10.77,4739200
1999-07-28,10.74,10.83,10.98,10.7,10.93,3938400
1999-07-29,10.51,10.59,10.88,10.59,10.72,9651200
1999-07-30,10.63,10.72,10.91,10.68,10.68,3753600
1999-08-02,10.59,10.67,10.97,10.5,10.67,3297600
1999-08-03,10.77,10.85,10.88,10.64,10.78,3716000
1999-08-04,10.34,10.42,10.95,10.38,10.86,4320000
1999-08-05,10.85,10.94,10.98,10.31,10.38,7951200
1999-08-06,10.8,10.89,11.03,10.67,10.85,4503200
1999-08-09,10.8,10.89,11.01,10.71,10.97,3851200
1999-08-10,10.75,10.84,10.89,10.78,10.8,7600000
1999-08-11,10.8,10.88,10.91,10.71,10.88,22321600
1999-08-12,10.67,10.75,10.93,10.58,10.87,3567200
1999-08-13,11.03,11.12,11.22,10.88,10.88,16993600
1999-08-16,11.41,11.5,11.53,11.22,11.27,8788800
1999-08-17,11.9,11.99,12.0,11.56,11.61,8701600
1999-08-18,11.8,11.9,12.12,11.87,11.91,7116800
1999-08-19,11.89,11.98,12.0,11.31,11.78,20215200
1999-08-20,12.28,12.38,12.39,11.99,11.99,7283200
1999-08-23,13.02,13.12,13.16,12.42,12.47,13044000
1999-08-24,12.78,12.88,13.16,12.7,12.86,6102400
1999-08-25,12.39,12.49,12.95,12.44,12.95,9248000
1999-08-26,12.14,12.23,12.78,12.21,12.45,5470400
1999-08-27,12.26,12.36,12.48,12.11,12.38,6287200
1999-08-30,12.07,12.16,12.71,12.14,12.41,4251200
1999-08-31,12.35,12.45,12.53,11.86,12.17,5440000
1999-09-01,12.2,12.3,12.64,12.12,12.63,6166400
1999-09-02,12.25,12.34,12.5,12.14,12.23,2830400
1999-09-03,13.02,13.12,13.16,12.55,12.59,7052800
1999-09-07,12.97,13.08,13.21,12.91,13.03,3740000
1999-09-08,12.65,12.75,13.05,12.65,13.03,6497600
1999-09-09,12.84,12.94,12.94,12.52,12.75,7180000
1999-09-10,12.8,12.9,13.08,12.8,13.04,3905600
1999-09-13,12.7,12.8,12.83,12.38,12.75,4894400
1999-09-14,13.09,13.2,13.22,12.58,12.61,8622400
1999-09-15,11.82,11.91,13.41,11.88,13.12,19216800
1999-09-16,12.14,12.23,12.54,11.92,12.09,15154400
1999-09-17,13.02,13.12,13.44,13.03,13.12,32128000
1999-09-20,13.45,13.56,13.72,13.28,13.43,11098400
1999-09-21,13.17,13.27,13.67,13.06,13.62,6748000
1999-09-22,13.28,13.39,13.62,13.28,13.34,9153600
1999-09-23,13.41,13.52,14.0,13.38,13.5,11075200
1999-09-24,13.72,13.82,13.84,13.3,13.44,8616000
1999-09-27,14.12,14.23,14.34,13.84,13.86,9145600
1999-09-28,13.73,13.83,14.16,13.61,14.12,12134400
1999-09-29,13.66,13.77,14.25,13.72,13.83,7503200
1999-09-30,14.08,14.19,14.26,13.42,14.2,11580800
1999-10-01,14.04,14.15,14.23,13.8,14.17,5868800
1999-10-04,14.62,14.73,14.75,14.16,14.35,6692000
1999-10-05,14.23,14.34,15.24,13.97,14.77,14446400
1999-10-06,14.46,14.57,14.66,14.36,14.45,5610400
1999-10-07,14.31,14.41,14.65,14.15,14.62,7252800
1999-10-08,14.22,14.33,14.45,14.06,14.45,3543200
1999-10-11,14.89,15.0,15.09,14.38,14.41,7292800
1999-10-12,14.65,14.76,15.25,14.69,14.98,7396800
1999-10-13,14.52,14.62,14.91,14.38,14.62,8777600
1999-10-14,14.66,14.77,14.88,14.56,14.64,6943200
1999-10-15,14.56,14.67,15.01,14.32,14.37,10833600
1999-10-18,14.59,14.7,14.73,14.2,14.64,8832800
1999-10-19,15.0,15.12,15.37,14.72,14.79,8572800
1999-10-20,15.59,15.71,15.93,15.25,15.27,10516800
1999-10-21,15.87,15.98,16.1,15.25,15.5,5240000
1999-10-22,15.98,16.1,16.41,15.97,16.07,6364800
1999-10-25,15.73,15.84,16.19,15.62,16.06,5492800
1999-10-26,15.61,15.73,16.16,15.7,15.87,4448000
1999-10-27,15.56,15.67,15.97,15.38,15.84,4274400
1999-10-28,16.5,16.62,16.62,15.88,16.0,8483600
1999-10-29,17.35,17.48,17.56,16.98,17.12,8604800
1999-11-01,17.01,17.14,18.0,17.09,17.72,7445200
1999-11-02,16.89,17.02,17.62,16.84,17.25,5580800
1999-11-03,17.08,17.2,17.44,16.89,17.27,7248000
1999-11-04,17.09,17.22,17.75,16.78,17.56,9234000
1999-11-05,17.54,17.67,18.0,17.34,17.81,6820800
1999-11-08,17.71,17.84,18.47,17.44,17.48,6008000
1999-11-09,17.87,18.0,18.25,17.44,18.24,8079200
1999-11-10,18.11,18.25,18.5,17.88,17.98,4449200
1999-11-11,17.97,18.11,18.5,18.0,18.48,3371200
1999-11-12,18.64,18.78,18.97,17.78,18.38,3985200
1999-11-15,18.32,18.45,19.75,18.23,18.98,7449600
1999-11-16,19.0,19.14,19.16,18.59,18.86,4802000
1999-11-17,18.61,18.75,19.64,18.59,19.39,8992400
1999-11-18,18.89,19.03,19.31,18.44,19.11,9082400
1999-11-19,18.77,18.91,19.38,18.78,19.11,5306800
1999-11-22,18.87,19.02,19.19,18.64,18.78,6298400
1999-11-23,18.55,18.69,19.09,18.31,19.06,5994400
1999-11-24,18.63,18.77,18.91,18.5,18.5,4105200
1999-11-26,18.32,18.45,18.88,18.15,18.88,2009600
1999-11-29,17.76,17.89,18.52,17.81,18.06,6532800
1999-11-30,17.04,17.17,17.77,17.03,17.77,11107600
1999-12-01,16.52,16.64,17.11,16.59,16.97,9156000
1999-12-02,17.03,17.16,17.3,16.58,16.72,11634000
1999-12-03,16.55,16.67,17.77,16.61,17.75,8816400
1999-12-06,15.66,15.78,16.66,15.75,16.62,14304400
1999-12-07,15.04,15.16,15.75,14.97,15.64,13360000
1999-12-08,16.81,16.94,17.31,15.03,15.03,14882400
1999-12-09,16.25,16.38,17.72,15.75,17.34,7206800
1999-12-10,15.54,15.66,16.75,15.16,16.73,9044800
1999-12-13,14.93,15.05,15.88,15.0,15.78,12854400
1999-12-14,15.04,15.16,15.72,15.0,15.22,8088000
1999-12-15,15.35,15.47,15.67,15.0,15.5,11334000
1999-12-16,15.82,15.94,16.84,15.53,16.14,30246400
1999-12-17,16.75,16.88,17.97,16.81,17.78,33308800
1999-12-20,16.19,16.31,16.97,16.22,16.97,8723600
1999-12-21,15.73,15.84,16.34,15.47,16.31,10080400
1999-12-22,16.59,16.72,16.86,15.69,15.94,9315200
1999-12-23,16.63,16.75,17.25,16.45,17.23,5443200
1999-12-27,16.07,16.19,17.02,16.03,16.64,4499600
1999-12-28,16.41,16.53,16.75,16.0,16.19,4936800
1999-12-29,16.37,16.48,16.66,16.33,16.38,2794000
1999-12-30,16.38,16.5,16.97,16.27,16.44,3032000
1999-12-31,16.69,16.81,16.88,16.5,16.52,2882000
2000-01-03,16.27,16.39,16.88,16.06,16.81,7384400
2000-01-04,14.91,15.02,16.45,14.98,15.75,7813200
2000-01-05,15.2,15.31,15.69,14.56,14.56,14927200
2000-01-06,15.33,15.44,15.66,15.16,15.36,10221200
2000-01-07,16.07,16.19,16.19,15.22,15.39,8253200
2000-01-10,16.69,16.81,16.81,15.91,16.34,10987200
2000-01-11,15.55,15.66,16.81,15.59,16.8,9616000
2000-01-12,15.47,15.58,15.84,15.44,15.69,8051200
2000-01-13,16.29,16.41,16.5,15.69,15.7,5527200
2000-01-14,16.46,16.58,16.84,16.41,16.66,5136800
2000-01-18,15.89,16.0,16.47,16.0,16.27,5201600
2000-01-19,15.67,15.78,16.09,15.62,15.93,4559200
2000-01-20,15.84,15.95,16.16,15.38,15.91,4248800
2000-01-21,15.61,15.72,16.22,15.5,16.12,6900000
2000-01-24,15.03,15.14,15.88,15.03,15.77,5895600
2000-01-25,15.64,15.75,15.84,14.72,15.04,7566000
2000-01-26,15.19,15.3,16.06,15.23,15.78,4466000
2000-01-27,15.56,15.67,16.0,15.2,15.2,5864400
2000-01-28,14.29,14.39,15.47,14.16,15.3,5712000
2000-01-31,13.67,13.77,14.53,13.36,14.28,16459200
2000-02-01,13.87,13.97,14.22,13.78,13.97,6765600
2000-02-02,15.22,15.33,15.41,13.91,13.98,13409600
2000-02-03,17.14,17.27,17.28,15.84,15.95,19747200
2000-02-04,18.37,18.5,18.62,16.75,17.18,13516800
2000-02-07,19.13,19.27,19.36,18.06,18.44,12919200
2000-02-08,20.79,20.94,21.0,19.19,19.39,14297200
2000-02-09,21.74,21.89,21.94,20.72,20.97,15321600
2000-02-10,22.65,22.81,22.81,21.06,21.64,13175600
2000-02-11,22.45,22.61,22.81,21.72,22.5,7216800
2000-02-14,22.25,22.41,22.5,21.27,22.03,6994800
2000-02-15,22.06,22.22,23.0,21.56,22.1,7082400
2000-02-16,24.37,24.55,24.69,21.88,22.0,10723600
2000-02-17,25.21,25.39,25.53,24.03,24.75,10482400
2000-02-18,24.39,24.56,25.67,24.25,25.66,6311200
2000-02-22,24.4,24.57,24.91,22.61,24.45,7825600
2000-02-23,24.73,24.91,26.25,23.86,24.38,7614800
2000-02-24,26.41,26.59,26.66,24.25,25.28,6901200
2000-02-25,24.45,24.62,26.11,24.5,25.88,4176000
2000-02-28,24.28,24.45,24.91,23.75,24.38,6549600
2000-02-29,25.32,25.5,25.75,24.78,25.0,6718800
2000-03-01,24.92,25.09,25.56,24.69,25.55,5105200
2000-03-02,20.01,20.16,24.06,20.0,24.06,24963600
2000-03-03,22.5,22.66,22.93,20.63,21.05,18611200
2000-03-06,21.3,21.45,22.41,21.0,22.31,6946400
2000-03-07,20.15,20.3,21.97,20.14,21.95,6066400
2000-03-08,19.63,19.77,20.41,19.62,20.39,8405600
2000-03-09,19.39,19.53,20.34,19.25,19.91,10022000
2000-03-10,20.67,20.81,21.42,19.86,19.88,15000800
2000-03-13,20.39,20.53,21.16,20.12,20.19,6446400
2000-03-14,20.22,20.36,22.22,20.0,21.88,12852800
2000-03-15,20.74,20.89,21.61,20.0,20.75,9849600
2000-03-16,23.44,23.61,23.69,19.5,21.14,22378000
2000-03-17,21.77,21.92,22.84,21.48,22.25,18887600
2000-03-20,21.7,21.86,22.48,21.41,22.05,8595200
2000-03-21,22.76,22.92,23.02,21.28,21.89,10534000
2000-03-22,25.32,25.5,25.5,22.98,23.7,16744800
2000-03-23,26.46,26.64,27.39,24.75,25.14,12223600
2000-03-24,26.86,27.05,27.5,26.34,26.41,7835600
2000-03-27,28.21,28.41,28.67,27.0,27.22,6834400
2000-03-28,27.59,27.78,28.84,27.5,28.19,6964400
2000-03-29,27.65,27.84,28.41,26.97,27.75,5551200
2000-03-30,26.61,26.8,29.0,26.75,27.38,6503200
2000-03-31,27.64,27.83,28.75,26.67,27.06,7458000
2000-04-03,26.21,26.39,28.62,25.75,28.27,10012400
2000-04-04,25.26,25.44,27.25,22.06,27.11,20696400
2000-04-05,26.61,26.8,27.62,24.5,25.25,9953200
2000-04-06,28.46,28.66,28.66,27.03,27.34,10676000
2000-04-07,31.04,31.25,31.25,28.91,28.98,11309200
2000-04-10,29.1,29.3,31.12,29.0,30.71,6682800
2000-04-11,29.67,29.88,30.5,27.84,28.69,9586000
2000-04-12,27.82,28.02,30.25,27.5,30.0,10696800
2000-04-13,28.2,28.39,29.5,27.0,28.33,11635200
2000-04-14,24.29,24.45,27.73,23.8,27.72,14822800
2000-04-17,28.13,28.33,28.33,24.42,24.53,10586800
2000-04-18,29.05,29.25,30.41,28.33,28.89,8886000
2000-04-19,27.96,28.16,29.31,27.91,28.94,5971600
2000-04-20,27.96,28.16,28.62,26.62,28.2,6578800
2000-04-24,26.01,26.19,28.0,24.25,26.92,9034800
2000-04-25,29.8,30.0,30.38,26.0,26.7,14261600
2000-04-26,28.52,28.72,30.19,28.08,29.64,10008800
2000-04-27,30.65,30.86,31.12,26.75,27.02,11139200
2000-04-28,30.03,30.23,31.97,29.5,31.2,11328800
2000-05-01,32.45,32.67,32.75,30.53,30.55,8049200
2000-05-02,28.68,28.88,32.19,28.81,32.16,6946800
2000-05-03,27.99,28.19,29.91,26.0,28.94,12529600
2000-05-04,28.29,28.48,28.69,27.06,28.38,6709600
2000-05-05,29.72,29.92,30.2,27.84,27.94,6605600
2000-05-08,27.16,27.34,29.44,27.25,29.06,5495200
2000-05-09,27.89,28.08,29.41,26.34,27.88,9874800
2000-05-10,26.37,26.55,28.41,26.44,27.31,10190400
2000-05-11,26.91,27.09,27.56,25.41,27.33,10963200
2000-05-12,26.86,27.05,28.34,26.62,27.23,4381600
2000-05-15,27.31,27.5,27.66,26.56,27.34,5064800
2000-05-16,30.76,30.97,31.22,28.11,28.12,11287200
2000-05-17,29.87,30.08,30.72,29.12,29.78,6428400
2000-05-18,28.55,28.75,31.06,28.75,30.02,5727200
2000-05-19,27.2,27.39,29.31,27.34,28.5,8564000
2000-05-22,27.23,27.42,27.53,25.75,27.53,11500400
2000-05-23,27.05,27.23,28.75,26.81,27.36,10874800
2000-05-24,26.35,26.53,27.34,25.56,26.88,13330400
2000-05-25,25.95,26.12,28.12,25.88,26.95,5880400
2000-05-26,25.53,25.7,26.62,25.41,26.22,4354400
2000-05-30,28.94,29.14,29.19,26.66,26.66,6782800
2000-05-31,27.95,28.14,29.78,28.12,28.56,6144800
2000-06-01,29.42,29.62,29.98,28.47,28.96,6863200
2000-06-02,31.04,31.25,31.97,30.39,30.39,5660400
2000-06-05,31.95,32.17,33.0,31.19,31.25,10037200
2000-06-06,28.72,28.92,31.83,28.88,31.83,13826400
2000-06-07,28.38,28.58,30.0,28.06,29.75,11221600
2000-06-08,29.39,29.59,30.34,29.05,29.38,8131200
2000-06-09,29.97,30.17,30.5,29.88,30.23,4936000
2000-06-12,30.11,30.31,31.25,30.31,31.22,8233600
2000-06-13,31.58,31.8,31.92,30.06,30.79,8335200
2000-06-14,30.26,30.47,32.62,30.0,32.23,11954400
2000-06-15,30.97,31.19,31.73,29.94,30.75,9943600
2000-06-16,29.86,30.06,30.19,28.47,30.03,17876800
2000-06-19,31.63,31.84,32.12,29.67,29.68,9478400
2000-06-20,32.59,32.81,32.98,31.38,31.56,11540400
2000-06-21,31.98,32.2,32.75,31.19,32.09,5958800
2000-06-22,30.06,30.27,32.25,30.09,32.01,4679600
2000-06-23,29.24,29.44,30.84,29.12,30.53,4730800
2000-06-26,30.96,31.17,31.75,29.44,29.84,4722400
2000-06-27,29.31,29.52,30.93,29.52,30.63,5097600
2000-06-28,30.99,31.2,31.48,29.91,30.11,5057200
2000-06-29,30.85,31.06,32.0,30.66,30.96,4454400
2000-06-30,32.28,32.5,32.5,31.19,31.49,5107200
2000-07-03,31.76,31.97,32.45,31.64,32.25,1652800
2000-07-05,31.71,31.92,32.03,31.0,31.43,5099200
2000-07-06,33.51,33.73,33.75,31.38,32.14,10177600
2000-07-07,34.12,34.34,34.83,32.78,33.41,7556400
2000-07-10,33.62,33.84,34.42,33.12,33.98,5060400
2000-07-11,34.33,34.56,35.44,33.5,33.86,5798000
2000-07-12,34.89,35.12,35.25,34.62,35.15,3848800
2000-07-13,34.24,34.47,35.83,34.17,35.25,4286800
2000-07-14,33.82,34.05,34.94,33.5,34.94,5538400
2000-07-17,33.54,33.77,34.42,33.38,34.41,3456400
2000-07-18,32.52,32.73,33.81,32.5,33.78,3682400
2000-07-19,32.27,32.48,33.95,31.91,33.05,4300800
2000-07-20,34.08,34.31,34.44,32.62,33.16,5474000
2000-07-21,33.45,33.67,34.53,32.84,34.05,7378400
2000-07-24,31.09,31.3,33.62,30.84,33.29,6861200
2000-07-25,31.51,31.72,32.03,30.75,31.76,6166800
2000-07-26,30.78,30.98,31.64,30.5,31.37,5663600
2000-07-27,28.19,28.38,32.06,27.44,30.76,12136400
2000-07-28,27.66,27.84,29.28,26.56,28.51,6603600
2000-07-31,28.44,28.62,28.81,25.75,28.02,11458000
2000-08-01,28.42,28.61,29.56,28.25,29.38,5923200
2000-08-02,28.89,29.08,29.71,28.5,28.77,5342000
2000-08-03,28.25,28.44,28.62,27.0,27.58,7311600
2000-08-04,28.99,29.19,29.89,28.47,29.03,3659600
2000-08-07,30.31,30.52,30.55,28.62,29.33,4090000
2000-08-08,30.16,30.36,30.8,29.42,30.41,3934800
2000-08-09,28.89,29.08,31.0,29.0,30.81,3711200
2000-08-10,28.02,28.2,29.19,28.02,29.19,4460000
2000-08-11,28.7,28.89,29.3,27.53,28.06,3412800
2000-08-14,30.2,30.41,30.45,28.81,29.19,4078800
2000-08-15,29.83,30.03,30.88,29.5,30.38,3042000
2000-08-16,28.79,28.98,30.86,28.25,29.94,3816400
2000-08-17,31.01,31.22,31.25,28.88,28.89,6036400
2000-08-18,30.44,30.64,31.03,30.09,30.83,4222800
2000-08-21,29.77,29.97,31.0,29.5,30.9,2968800
2000-08-22,30.36,30.56,31.0,30.0,30.12,2986400
2000-08-23,31.31,31.52,31.69,29.91,30.08,3900400
2000-08-24,32.16,32.38,32.39,30.58,31.55,5270400
2000-08-25,32.01,32.22,32.53,31.67,32.22,2720400
2000-08-28,32.38,32.59,33.38,32.08,32.59,4372400
2000-08-29,32.69,32.91,33.31,32.62,32.91,2580800
2000-08-30,32.18,32.39,32.75,31.83,32.66,2578000
2000-08-31,32.28,32.5,33.38,32.12,32.5,3675600
2000-09-01,33.6,33.83,34.06,32.88,33.23,4194800
2000-09-05,33.09,33.31,34.25,33.31,34.0,2023600
2000-09-06,31.66,31.88,33.44,31.72,33.27,3550400
2000-09-07,34.01,34.23,34.25,32.28,32.38,5596400
2000-09-08,33.25,33.47,34.5,32.89,33.91,4988000
2000-09-11,31.6,31.81,33.2,31.38,33.19,6669200
2000-09-12,30.5,30.7,32.28,30.38,31.5,6545600
2000-09-13,31.28,31.48,32.12,30.44,30.45,8358000
2000-09-14,31.14,31.34,31.94,31.0,31.78,6306000
2000-09-15,32.94,33.16,34.06,32.5,32.77,20242400
2000-09-18,35.26,35.5,35.88,33.5,33.58,15124400
2000-09-19,37.97,38.22,39.39,35.5,35.84,19066800
2000-09-20,39.18,39.44,39.72,36.69,37.52,11589200
2000-09-21,38.99,39.25,39.81,38.59,38.91,9903600
2000-09-22,37.14,37.39,38.38,37.06,37.69,11998800
2000-09-25,36.66,36.91,38.5,36.69,38.11,9363600
2000-09-26,37.58,37.83,37.95,36.28,36.72,7230800
2000-09-27,36.85,37.09,38.12,36.5,38.0,7342000
2000-09-28,39.87,40.12,40.5,37.06,37.34,12957600
2000-09-29,38.56,38.81,40.06,38.41,38.98,15857600
2000-10-02,40.49,40.75,41.77,39.0,39.34,14673600
2000-10-03,40.6,40.86,42.55,40.84,41.12,12944400
2000-10-04,39.24,39.5,41.17,38.75,40.63,16005600
2000-10-05,36.89,37.12,40.25,36.68,39.06,10928000
2000-10-06,36.67,36.91,38.59,35.08,37.0,12732800
2000-10-09,37.18,37.42,38.12,36.17,37.03,6672800
2000-10-10,35.69,35.92,37.16,35.03,36.42,9878400
2000-10-11,37.43,37.67,37.88,34.98,35.0,14562000
2000-10-12,32.49,32.7,37.88,32.31,37.84,14028800
2000-10-13,36.05,36.28,36.38,32.5,32.78,10051600
2000-10-16,35.22,35.45,37.22,35.38,36.19,6971600
2000-10-17,33.02,33.23,34.02,31.48,34.0,16645600
2000-10-18,32.06,32.27,34.28,30.73,32.06,9762000
2000-10-19,34.17,34.39,34.5,32.75,33.31,7580800
2000-10-20,34.79,35.02,35.16,33.88,34.0,6848000
2000-10-23,34.91,35.14,35.81,33.5,34.81,6264400
2000-10-24,33.58,33.8,36.34,33.75,35.75,7648400
2000-10-25,33.53,33.75,36.19,32.81,33.2,6066000
2000-10-26,35.98,36.22,36.28,32.0,34.02,8159800
2000-10-27,37.16,37.41,37.75,35.22,36.45,8126600
2000-10-30,34.59,34.81,38.88,34.75,37.28,6468200
2000-10-31,37.79,38.03,38.07,34.62,35.23,8094400
2000-11-01,38.38,38.62,38.69,36.81,37.62,7106400
2000-11-02,40.15,40.41,41.5,39.22,39.25,7077200
2000-11-03,40.08,40.34,41.88,39.88,41.2,5569200
2000-11-06,41.36,41.62,43.66,40.94,42.41,10552400
2000-11-07,40.86,41.12,41.5,39.0,39.91,7816000
2000-11-08,39.87,40.12,42.19,39.12,42.13,7387400
2000-11-09,41.32,41.59,41.81,38.47,39.09,7166600
2000-11-10,38.47,38.72,41.12,38.16,40.25,7806200
2000-11-13,35.8,36.03,38.62,35.5,37.19,6598800
2000-11-14,40.55,40.81,41.0,37.5,38.0,6372200
2000-11-15,40.33,40.59,40.84,39.34,40.12,4448800
2000-11-16,40.49,40.75,42.03,39.62,39.94,5068000
2000-11-17,41.11,41.38,42.34,39.34,39.44,7961200
2000-11-20,37.75,38.0,40.06,37.28,39.41,6724600
2000-11-21,39.74,40.0,40.09,36.75,37.81,8485600
2000-11-22,35.92,36.16,39.94,36.09,39.34,7444200
2000-11-24,37.69,37.94,38.12,36.59,37.31,2708600
2000-11-27,34.18,34.41,36.5,34.12,36.31,11166800
2000-11-28,32.18,32.39,34.22,32.22,34.16,12416400
2000-11-29,31.95,32.16,33.94,31.12,31.2,9139800
2000-11-30,31.48,31.69,33.0,31.12,31.34,9835000
2000-12-01,33.44,33.66,35.19,32.0,33.0,7363000
2000-12-04,33.81,34.03,34.69,32.31,33.75,6879200
2000-12-05,38.1,38.34,38.78,34.25,35.28,9599600
2000-12-06,33.38,33.59,37.69,32.69,36.81,16013400
2000-12-07,31.3,31.5,34.81,31.16,32.92,11310000
2000-12-08,33.97,34.19,35.97,33.03,33.34,9743800
2000-12-11,36.82,37.06,37.13,34.62,35.0,6810200
2000-12-12,35.12,35.34,37.47,35.06,36.56,3928000
2000-12-13,32.88,33.09,36.03,32.75,36.03,5060400
2000-12-14,28.47,28.66,30.38,28.25,29.25,23094400
2000-12-15,31.02,31.22,31.72,29.19,29.5,21335000
2000-12-18,31.58,31.78,32.66,31.25,31.75,8495200
2000-12-19,31.79,32.0,34.5,31.97,32.69,9614600
2000-12-20,28.44,28.62,31.81,28.31,30.49,10588000
2000-12-21,29.71,29.91,30.94,28.25,28.88,7399600
2000-12-22,32.63,32.84,32.94,30.69,31.0,5164200
2000-12-26,32.76,32.97,33.41,31.25,32.69,3347600
2000-12-27,32.54,32.75,33.88,32.12,33.67,4227400
2000-12-28,30.61,30.81,32.75,30.03,32.22,6041800
2000-12-29,28.91,29.09,31.0,28.31,30.84,7619600
2001-01-02,23.22,23.37,29.25,22.38,29.19,16813400
2001-01-03,28.79,28.97,30.06,22.03,23.22,15257000
2001-01-04,26.71,26.88,29.38,26.5,28.5,9609600
2001-01-05,25.59,25.75,27.5,25.0,26.75,8422200
2001-01-08,24.63,24.78,25.75,22.75,24.97,8495600
2001-01-09,24.75,24.91,27.19,24.69,24.84,6550600
2001-01-10,22.73,22.88,25.22,22.81,24.53,14141800
2001-01-11,23.88,24.03,25.88,22.59,22.59,11450800
2001-01-12,25.06,25.22,26.28,24.59,25.0,10660000
2001-01-16,25.28,25.44,26.34,24.41,25.31,6434000
2001-01-17,26.58,26.75,27.44,25.88,26.41,9895400
2001-01-18,27.83,28.0,29.19,26.06,26.84,12529400
2001-01-19,28.94,29.12,30.0,28.66,29.41,10374400
2001-01-22,29.78,29.97,30.81,28.69,28.78,10547200
2001-01-23,29.53,29.72,30.0,28.94,29.84,6972000
2001-01-24,29.87,30.06,30.22,29.0,30.12,8105600
2001-01-25,28.35,28.53,29.88,27.88,29.81,10328400
2001-01-26,28.85,29.03,29.5,28.31,28.62,5026800
2001-01-29,26.83,27.0,29.25,26.7,29.16,10978400
2001-01-30,26.21,26.38,27.44,25.53,27.03,13083800
2001-01-31,21.71,21.84,24.5,21.19,23.66,38108400
2001-02-01,22.58,22.72,22.84,22.09,22.22,23636600
2001-02-02,21.65,21.78,23.22,21.75,23.12,10865000
2001-02-05,22.55,22.69,22.75,21.81,21.97,8620800
2001-02-06,21.86,22.0,22.81,21.28,22.19,13664200
2001-02-07,20.03,20.16,21.88,19.91,21.55,16924200
2001-02-08,17.86,17.97,20.89,17.91,20.44,24277000
2001-02-09,17.58,17.69,18.5,17.62,18.31,16247400
2001-02-12,18.82,18.94,18.97,17.66,17.84,8306800
2001-02-13,18.48,18.59,19.44,18.53,19.09,10268800
2001-02-14,19.91,20.03,20.12,17.97,18.5,9137600
2001-02-15,19.35,19.47,20.69,19.12,20.5,11728600
2001-02-16,18.04,18.16,19.38,18.0,18.78,15528800
2001-02-20,17.02,17.12,18.46,17.03,17.94,11586000
2001-02-21,14.94,15.03,17.25,15.0,16.91,22444400
2001-02-22,15.12,15.22,15.84,14.22,15.34,32092800
2001-02-23,16.21,16.31,16.44,14.78,15.5,12996200
2001-02-26,15.74,15.84,16.78,15.56,16.75,10706000
2001-02-27,15.15,15.25,16.25,14.89,15.75,14330400
2001-02-28,14.44,14.53,15.81,13.3,15.72,16653000
2001-03-01,13.94,14.03,14.81,13.56,14.44,11879600
2001-03-02,13.76,13.84,14.5,13.12,13.66,13925000
2001-03-05,13.45,13.53,14.47,13.38,14.09,8714600
2001-03-06,14.16,14.25,14.34,13.69,13.84,17270600
2001-03-07,14.25,14.34,14.72,14.0,14.42,9144000
2001-03-08,13.48,13.56,14.88,13.53,14.48,9673400
2001-03-09,13.38,13.47,13.94,12.31,13.47,15267200
2001-03-12,12.92,13.0,13.5,12.88,12.91,6563600
2001-03-13,13.6,13.69,13.91,12.72,13.38,7086600
2001-03-14,12.98,13.06,13.66,12.66,12.97,6756400
2001-03-15,12.42,12.5,13.94,12.28,13.62,9095600
2001-03-16,14.22,14.31,14.69,13.62,13.72,27958000
2001-03-19,15.78,15.88,16.0,14.25,14.59,17031800
2001-03-20,16.3,16.41,17.06,15.75,16.31,16440400
2001-03-21,16.18,16.28,17.38,15.97,16.47,11570800
2001-03-22,17.89,18.0,18.03,15.66,16.19,12184600
2001-03-23,17.74,17.84,18.97,17.16,18.78,9275000
2001-03-26,16.7,16.8,18.5,16.38,18.35,8606200
2001-03-27,18.19,18.3,18.55,16.77,16.85,10526800
2001-03-28,16.89,16.99,17.95,16.8,17.65,12473800
2001-03-29,16.19,16.28,17.43,16.06,16.5,8812400
2001-03-30,17.38,17.49,18.94,16.43,16.5,10839800
2001-04-02,16.9,17.0,17.78,16.73,17.56,7787200
2001-04-03,15.35,15.44,16.75,14.99,16.6,13911600
2001-04-04,14.67,14.76,16.36,14.73,15.15,10126600
2001-04-05,17.35,17.45,17.55,15.62,15.68,9681000
2001-04-06,16.93,17.02,17.23,15.88,16.9,9332600
2001-04-09,17.81,17.92,17.92,16.81,17.09,7271000
2001-04-10,20.56,20.68,21.73,18.83,19.0,24507800
2001-04-11,20.25,20.36,20.62,19.8,20.33,14356400
2001-04-12,20.41,20.53,20.62,19.61,19.83,8345800
2001-04-16,20.3,20.42,21.83,19.5,20.3,18172200
2001-04-17,20.45,20.58,20.6,19.5,19.73,9180400
2001-04-18,22.84,22.97,24.4,20.92,21.08,17754200
2001-04-19,23.88,24.02,24.1,22.42,22.53,12404800
2001-04-20,22.85,22.98,24.07,22.36,23.5,9952400
2001-04-23,21.36,21.49,22.62,21.05,22.53,6175400
2001-04-24,21.24,21.36,22.75,21.27,21.68,7051000
2001-04-25,22.2,22.33,22.62,21.12,21.48,5446600
2001-04-26,22.2,22.33,24.02,22.33,23.34,8301200
2001-04-27,22.68,22.81,23.4,21.84,23.25,5407600
2001-04-30,22.33,22.46,23.9,21.85,23.0,9343200
2001-05-01,21.9,22.02,22.08,20.13,21.83,14460200
2001-05-02,21.29,21.42,22.75,21.1,22.12,12565600
2001-05-03,20.2,20.32,21.12,19.99,20.62,8180800
2001-05-04,20.56,20.68,21.45,19.52,19.81,9488200
2001-05-07,20.47,20.59,21.52,20.33,20.53,5545000
2001-05-08,20.91,21.03,21.88,20.25,21.12,6194000
2001-05-09,20.64,20.76,21.37,20.25,20.52,5112800
2001-05-10,20.02,20.14,21.45,20.03,21.4,4206200
2001-05-11,19.81,19.93,20.48,19.47,20.12,4183800
2001-05-14,19.46,19.58,20.32,19.27,19.83,5371400
2001-05-15,19.28,19.4,19.77,19.08,19.5,7653800
2001-05-16,20.42,20.55,20.68,18.88,19.05,10348000
2001-05-17,21.67,21.8,22.12,20.62,20.63,8416400
2001-05-18,21.13,21.25,21.5,21.05,21.26,4414000
2001-05-21,22.61,22.75,22.83,21.38,21.5,7026600
2001-05-22,23.0,23.14,23.87,22.65,22.91,6346800
2001-05-23,22.11,22.24,22.95,22.13,22.91,4788600
2001-05-24,22.59,22.73,22.86,21.67,22.25,5319800
2001-05-25,22.22,22.35,22.71,21.75,22.58,2934000
2001-05-29,20.72,20.84,22.15,20.24,22.09,5576400
2001-05-30,19.94,20.06,20.71,19.42,20.31,6748000
2001-05-31,19.77,19.89,21.3,19.85,20.07,7268200
2001-06-01,20.17,20.29,20.66,19.01,20.1,7841600
2001-06-04,20.05,20.17,20.67,19.58,20.33,5020400
2001-06-05,20.72,20.84,21.27,20.02,20.16,5132000
2001-06-06,20.32,20.43,21.11,20.12,20.95,4680800
2001-06-07,21.3,21.42,21.59,20.15,20.33,4609400
2001-06-08,20.89,21.01,21.35,20.67,21.33,2752200
2001-06-11,21.02,21.15,22.12,20.67,21.38,10909000
2001-06-12,20.47,20.59,21.06,19.84,20.67,8004000
2001-06-13,19.97,20.09,21.05,20.0,20.68,6742800
2001-06-14,19.39,19.5,20.1,18.9,19.85,11826000
2001-06-15,19.66,19.78,21.0,19.0,19.3,19427000
2001-06-18,20.15,20.27,20.36,19.38,19.63,7543000
2001-06-19,21.25,21.38,21.85,21.0,21.0,13882400
2001-06-20,22.52,22.65,22.84,20.98,21.0,10851000
2001-06-21,22.52,22.66,23.15,22.35,22.51,9827200
2001-06-22,21.67,21.79,22.88,21.5,22.8,5599000
2001-06-25,22.14,22.26,22.29,21.62,21.99,4447400
2001-06-26,22.2,22.33,22.56,21.7,21.85,5644000
2001-06-27,22.05,22.17,22.67,22.0,22.27,6150200
2001-06-28,23.3,23.43,24.07,22.41,22.42,9316400
2001-06-29,23.37,23.5,24.0,23.25,23.67,9215200
2001-07-02,23.34,23.48,23.92,23.17,23.45,6476800
2001-07-03,22.52,22.65,23.08,22.5,23.05,5517200
2001-07-05,22.21,22.33,23.15,22.3,22.4,4041000
2001-07-06,21.56,21.68,22.08,21.25,22.07,8926400
2001-07-09,21.87,21.99,22.1,21.44,21.51,9362600
2001-07-10,21.36,21.48,22.71,21.44,22.15,9782200
2001-07-11,20.6,20.72,21.35,20.48,21.31,9612400
2001-07-12,21.35,21.47,21.75,21.36,21.62,9883400
2001-07-13,20.07,20.18,21.57,19.91,21.48,18291800
2001-07-16,19.61,19.72,20.42,19.27,20.25,10508800
2001-07-17,20.47,20.58,21.0,19.5,19.53,9421600
2001-07-18,19.91,20.02,20.58,19.95,20.36,6385600
2001-07-19,20.82,20.94,21.45,20.41,20.45,7171600
2001-07-20,20.23,20.34,21.12,20.15,20.58,4848000
2001-07-23,20.18,20.3,21.05,20.15,20.52,5834800
2001-07-24,19.88,19.99,20.75,19.92,20.3,8158000
2001-07-25,20.87,20.99,21.23,20.25,20.36,9245000
2001-07-26,21.38,21.5,21.73,20.14,20.75,6531200
2001-07-27,21.41,21.53,22.19,21.35,21.5,4719000
2001-07-30,20.16,20.27,20.73,19.0,20.14,22180000
2001-07-31,18.64,18.75,20.08,18.73,20.08,11909000
2001-08-01,19.2,19.31,19.77,18.92,18.96,11739800
2001-08-02,19.17,19.27,19.62,18.5,19.58,7271400
2001-08-03,18.86,18.97,19.23,18.58,19.05,5853200
2001-08-06,18.28,18.38,18.92,18.26,18.77,5311000
2001-08-07,17.11,17.21,18.4,17.05,18.3,13485200
2001-08-08,16.94,17.03,17.87,16.85,17.12,8426000
2001-08-09,17.29,17.39,17.69,16.75,16.75,8114000
2001-08-10,16.93,17.02,17.33,16.52,17.27,10730600
2001-08-13,17.83,17.92,18.0,16.9,17.16,6181600
2001-08-14,17.15,17.25,18.0,17.25,18.0,6751400
2001-08-15,16.67,16.76,17.52,16.75,17.25,3944800
2001-08-16,17.03,17.12,17.14,16.5,16.5,4075400
2001-08-17,16.29,16.38,16.97,16.3,16.81,3214400
2001-08-20,17.02,17.11,17.45,16.0,16.29,5000800
2001-08-21,16.63,16.73,17.77,16.73,17.24,7657800
2001-08-22,17.19,17.29,17.55,16.05,17.0,6888600
2001-08-23,17.15,17.25,17.81,17.2,17.26,5365400
2001-08-24,17.79,17.89,17.95,17.27,17.51,4831200
2001-08-27,17.84,17.94,18.35,17.31,17.95,7574200
2001-08-28,16.94,17.03,18.09,16.85,18.03,5867000
2001-08-29,16.75,16.84,17.52,16.52,16.94,5667200
2001-08-30,16.28,16.37,16.51,15.61,16.41,9635000
2001-08-31,16.71,16.81,17.13,15.98,16.05,8971600
2001-09-04,15.97,16.06,17.16,16.0,16.7,4885400
2001-09-05,16.01,16.1,16.67,15.5,16.09,7284400
2001-09-06,15.28,15.36,16.33,15.19,16.0,9486000
2001-09-07,15.97,16.06,16.19,14.9,14.9,9572000
2001-09-10,16.34,16.43,16.7,15.52,15.94,10441800
2001-09-17,15.04,15.12,16.22,14.9,15.07,9278600
2001-09-18,14.97,15.05,15.56,14.77,15.17,9046600
2001-09-19,12.98,13.05,14.52,12.3,13.77,22127400
2001-09-20,12.9,12.98,13.2,11.93,12.68,11141600
2001-09-21,12.47,12.53,13.35,11.99,12.03,13191400
2001-09-24,12.58,12.65,13.0,12.31,13.0,13773600
2001-09-25,12.47,12.53,12.8,12.23,12.65,6509000
2001-09-26,11.89,11.95,12.77,11.8,12.77,8144200
2001-09-27,11.36,11.42,11.82,11.25,11.77,13840600
2001-09-28,11.93,11.99,12.11,11.1,11.57,15199800
2001-10-01,11.98,12.04,12.17,11.8,11.98,8148800
2001-10-02,12.13,12.19,12.48,11.63,11.94,9519600
2001-10-03,13.82,13.9,14.34,11.73,11.88,20025400
2001-10-04,14.25,14.32,15.4,13.85,14.07,12103600
2001-10-05,14.37,14.44,14.98,13.6,14.01,6360800
2001-10-08,14.89,14.97,15.09,13.85,14.25,6339000
2001-10-09,14.34,14.41,15.1,14.02,14.98,5030000
2001-10-10,14.57,14.65,15.07,14.2,14.4,5302000
2001-10-11,15.86,15.94,16.31,15.0,15.04,8728800
2001-10-12,15.82,15.9,16.2,15.2,15.83,8581400
2001-10-15,15.42,15.49,15.85,15.33,15.49,6227400
2001-10-16,15.45,15.52,16.0,15.32,15.75,6363800
2001-10-17,14.32,14.39,16.05,14.34,16.04,7573600
2001-10-18,14.52,14.59,15.05,14.19,14.31,4903400
2001-10-19,14.98,15.06,15.27,14.53,14.59,5384000
2001-10-22,15.44,15.52,15.62,14.99,15.02,4704400
2001-10-23,15.56,15.64,16.05,15.05,15.68,6145200
2001-10-24,16.69,16.77,16.95,15.64,15.85,7220600
2001-10-25,16.43,16.51,16.86,15.77,16.31,13962800
2001-10-26,16.26,16.34,16.7,16.22,16.48,6751200
2001-10-29,15.09,15.17,16.26,15.15,16.25,8029800
2001-10-30,14.3,14.38,15.44,14.28,14.99,9805200
2001-10-31,13.13,13.2,13.31,12.07,12.07,46077600
2001-11-01,13.5,13.57,13.9,13.1,13.23,13796200
2001-11-02,13.41,13.48,13.75,13.15,13.57,10423400
2001-11-05,14.05,14.12,14.19,13.66,13.69,5651200
2001-11-06,14.22,14.29,14.31,13.65,13.94,7648800
2001-11-07,14.95,15.03,15.56,14.15,14.26,10492200
2001-11-08,14.41,14.48,15.36,14.41,15.23,8698200
2001-11-09,14.32,14.4,14.78,14.12,14.43,6453400
2001-11-12,14.43,14.5,14.69,13.27,14.38,5878400
2001-11-13,15.26,15.34,15.6,14.78,14.86,11205800
2001-11-14,15.59,15.67,15.9,15.12,15.59,5430400
2001-11-15,15.8,15.89,16.44,15.55,15.62,8547400
2001-11-16,15.87,15.95,16.38,15.75,16.18,4456000
2001-11-19,16.74,16.83,16.91,16.06,16.1,6707000
2001-11-20,16.02,16.1,17.12,16.09,16.77,8401000
2001-11-21,16.01,16.09,16.26,15.77,15.77,6012000
2001-11-23,16.49,16.58,16.71,16.16,16.23,1115000
2001-11-26,17.38,17.47,17.48,16.5,16.7,6900800
2001-11-27,17.03,17.12,17.5,16.75,17.4,7570400
2001-11-28,15.95,16.03,16.91,16.01,16.91,6677800
2001-11-29,16.72,16.81,16.83,16.16,16.16,5866800
2001-11-30,15.96,16.04,16.5,15.94,16.5,6713600
2001-12-03,15.9,15.98,16.24,15.59,15.95,7717000
2001-12-04,17.08,17.17,17.19,15.8,16.02,7204000
2001-12-05,18.23,18.32,18.75,17.23,17.3,9821400
2001-12-06,18.54,18.64,18.8,18.05,18.35,5810800
2001-12-07,18.15,18.25,18.47,17.83,18.24,5093200
2001-12-10,17.77,17.86,18.31,17.74,17.97,4384400
2001-12-11,16.9,16.99,17.9,16.83,17.88,10672000
2001-12-12,15.81,15.89,17.05,15.5,17.0,17519200
2001-12-13,15.24,15.31,15.6,15.0,15.4,12668200
2001-12-14,15.83,15.91,16.49,15.2,15.2,19617000
2001-12-17,15.69,15.77,16.17,15.46,15.88,8912400
2001-12-18,16.42,16.5,16.58,15.8,15.82,7607000
2001-12-19,16.23,16.31,16.61,15.82,16.19,6999600
2001-12-20,15.26,15.34,16.38,15.27,16.28,5170200
2001-12-21,15.65,15.73,15.99,15.15,15.3,5456600
2001-12-24,15.41,15.48,15.82,15.38,15.65,1534000
2001-12-26,15.26,15.34,15.98,15.32,15.66,3168600
2001-12-27,15.83,15.91,15.94,15.38,15.38,3587600
2001-12-28,16.04,16.12,16.42,15.98,16.05,4007000
2001-12-31,15.45,15.52,16.15,15.52,16.12,3769200
2002-01-02,15.85,15.92,16.0,15.1,15.57,6320600
2002-01-03,16.46,16.54,16.77,15.5,15.91,6766600
2002-01-04,17.87,17.95,18.47,17.56,18.06,16557800
2002-01-07,18.0,18.08,18.62,17.89,18.38,7604000
2002-01-08,18.23,18.32,18.57,17.72,18.09,5666800
2002-01-09,18.73,18.82,19.6,18.41,18.58,11211000
2002-01-10,18.14,18.23,18.98,18.05,18.77,7936400
2002-01-11,17.93,18.01,18.59,17.75,18.23,6613200
2002-01-14,17.72,17.8,18.05,17.45,17.86,6059000
2002-01-15,18.05,18.14,18.45,17.75,17.75,7610000
2002-01-16,17.47,17.55,18.14,17.52,17.9,7568400
2002-01-17,17.89,17.98,18.15,17.7,17.73,7506000
2002-01-18,17.21,17.29,17.78,17.1,17.48,6183600
2002-01-22,16.94,17.02,17.4,16.85,17.39,5932000
2002-01-23,17.26,17.34,17.58,16.93,17.1,4872800
2002-01-24,17.84,17.92,18.08,17.41,17.5,5718800
2002-01-25,16.97,17.05,17.77,16.95,17.75,6945800
2002-01-28,17.5,17.58,17.69,17.27,17.36,7497600
2002-01-29,17.49,17.58,18.17,17.3,17.98,9107000
2002-01-30,16.99,17.07,17.65,16.62,17.59,8094200
2002-01-31,16.77,16.85,17.23,16.75,17.16,6263600
2002-02-01,17.88,17.97,18.65,17.5,17.55,14064600
2002-02-04,17.36,17.44,18.14,17.22,17.95,5966400
2002-02-05,17.27,17.35,18.05,17.3,17.33,7168800
2002-02-06,16.89,16.97,17.67,16.83,17.56,5288800
2002-02-07,16.82,16.9,17.47,16.51,17.0,6868600
2002-02-08,17.82,17.9,17.92,17.0,17.02,4220600
2002-02-11,18.16,18.25,18.3,17.53,17.81,5572800
2002-02-12,18.04,18.12,18.45,17.79,17.99,4280000
2002-02-13,18.64,18.73,18.8,18.08,18.12,6425600
2002-02-14,18.42,18.5,18.88,18.25,18.74,5822400
2002-02-15,17.76,17.84,18.6,17.82,18.47,6719200
2002-02-19,17.2,17.28,18.2,17.07,17.78,7398200
2002-02-20,17.39,17.47,17.7,16.94,17.51,6567400
2002-02-21,16.86,16.94,17.73,16.94,17.42,4972600
2002-02-22,17.48,17.57,17.9,16.78,17.01,7550600
2002-02-25,18.06,18.15,18.25,17.55,17.58,5696400
2002-02-26,18.43,18.51,18.66,17.75,18.23,5648200
2002-02-27,18.56,18.65,19.22,18.32,18.61,8060600
2002-02-28,18.11,18.19,18.72,18.18,18.55,5443600
2002-03-01,19.18,19.27,19.27,18.34,18.42,5847800
2002-03-04,20.38,20.48,20.5,19.12,19.27,11305600
2002-03-05,19.9,19.99,20.38,19.58,20.38,6674600
2002-03-06,20.08,20.17,20.17,19.41,19.73,6983600
2002-03-07,19.31,19.4,20.25,19.3,20.17,8463800
2002-03-08,19.43,19.52,20.5,19.36,19.77,8101400
2002-03-11,20.08,20.17,20.38,19.48,19.66,7774400
2002-03-12,18.97,19.06,19.58,18.73,19.45,9651400
2002-03-13,18.68,18.76,19.5,18.66,18.91,5694200
2002-03-14,18.21,18.3,18.97,18.2,18.68,7182800
2002-03-15,19.5,19.59,19.67,18.79,19.0,13468200
2002-03-18,19.25,19.34,19.88,19.15,19.55,8115000
2002-03-19,19.63,19.72,19.98,19.2,19.3,4861200
2002-03-20,19.17,19.25,19.83,19.25,19.66,3919000
2002-03-21,19.47,19.56,19.67,18.95,19.35,3734400
2002-03-22,19.79,19.88,20.0,19.07,19.5,5342000
2002-03-25,18.94,19.02,19.98,19.02,19.7,4975600
2002-03-26,19.27,19.35,19.83,19.08,19.1,4279200
2002-03-27,19.34,19.42,19.6,18.88,19.34,3745400
2002-03-28,20.06,20.15,20.68,20.0,20.03,9659800
2002-04-01,20.22,20.31,20.5,19.59,19.92,5711400
2002-04-02,19.27,19.35,19.79,19.08,19.79,9138800
2002-04-03,19.25,19.33,19.74,19.2,19.6,6514000
2002-04-04,19.07,19.16,19.5,18.81,19.08,6598400
2002-04-05,18.85,18.93,19.62,18.93,19.18,4972200
2002-04-08,19.35,19.43,19.49,18.53,18.87,6066400
2002-04-09,18.74,18.82,19.9,18.82,19.52,6188000
2002-04-10,18.92,19.0,19.48,18.58,18.95,8460800
2002-04-11,18.11,18.18,19.22,18.14,18.96,5492200
2002-04-12,19.44,19.52,19.88,18.5,18.51,8763200
2002-04-15,19.6,19.69,20.09,19.48,19.7,7525000
2002-04-16,19.97,20.06,20.25,19.86,19.95,5715600
2002-04-17,19.66,19.75,20.16,19.56,20.05,7777800
2002-04-18,19.66,19.75,19.95,19.23,19.8,4730400
2002-04-19,19.57,19.66,19.97,19.49,19.91,3385800
2002-04-22,19.31,19.39,19.61,19.05,19.6,3070400
2002-04-23,18.45,18.53,19.44,18.36,19.34,6779200
2002-04-24,18.31,18.39,19.29,18.29,18.92,9626000
2002-04-25,18.87,18.95,19.12,18.02,18.2,8642800
2002-04-26,18.92,19.0,19.5,18.93,18.99,8826800
2002-04-29,18.53,18.61,19.17,18.27,19.02,7898400
2002-04-30,19.89,19.98,20.25,18.7,18.76,13450200
2002-05-01,19.97,20.06,20.24,19.06,20.1,13949000
2002-05-02,18.84,18.92,20.24,18.91,19.8,7719400
2002-05-03,18.67,18.75,19.28,18.39,19.08,8884800
2002-05-06,18.05,18.12,19.27,18.12,18.81,4638000
2002-05-07,18.1,18.17,18.69,17.52,18.42,8918200
2002-05-08,20.62,20.7,20.72,18.7,18.75,12146600
2002-05-09,19.83,19.92,20.88,19.76,20.15,11683600
2002-05-10,19.29,19.38,20.15,19.22,19.94,6905800
2002-05-13,20.28,20.37,20.5,19.0,19.4,7018600
2002-05-14,21.4,21.49,21.55,20.79,20.82,10529800
2002-05-15,20.93,21.02,21.66,20.9,21.4,10814200
2002-05-16,20.76,20.85,20.98,20.52,20.85,6710400
2002-05-17,20.46,20.55,21.16,19.92,21.04,10014800
2002-05-20,19.45,19.53,20.42,19.22,20.42,9919000
2002-05-21,18.49,18.58,19.87,18.1,19.67,12248800
2002-05-22,18.39,18.47,18.75,17.78,18.23,10477200
2002-05-23,18.47,18.56,18.69,17.95,18.58,8259200
2002-05-24,18.75,18.83,19.08,18.32,18.35,7631600
2002-05-28,18.26,18.33,19.15,18.0,19.15,5233000
2002-05-29,17.85,17.92,18.35,17.9,18.31,6892200
2002-05-30,18.19,18.26,18.59,17.83,17.87,8701000
2002-05-31,17.97,18.05,18.81,18.0,18.55,5854000
2002-06-03,17.57,17.65,18.33,17.53,18.0,6617800
2002-06-04,17.84,17.92,18.21,17.55,17.69,7472000
2002-06-05,18.11,18.18,18.34,17.63,18.0,7323200
2002-06-06,17.52,17.6,18.18,17.5,18.1,7814600
2002-06-07,17.86,17.94,18.17,17.27,17.41,9794600
2002-06-10,18.71,18.8,19.51,17.96,18.07,12626400
2002-06-11,18.45,18.53,19.42,18.5,19.06,8904200
2002-06-12,18.57,18.66,18.8,17.86,18.27,8952600
2002-06-13,18.02,18.09,18.69,18.05,18.65,11448400
2002-06-14,15.62,15.69,16.32,15.53,16.32,34727400
2002-06-17,14.8,14.86,15.84,14.82,15.82,19467400
2002-06-18,14.98,15.05,15.49,14.84,14.86,14654600
2002-06-19,13.48,13.54,15.06,13.54,15.01,23265000
2002-06-20,13.84,13.9,14.15,13.57,13.68,12111800
2002-06-21,13.16,13.21,13.76,13.07,13.5,16155200
2002-06-24,13.52,13.57,14.23,13.03,13.05,8902800
2002-06-25,13.69,13.74,14.62,13.65,13.93,11727400
2002-06-26,13.75,13.8,13.99,13.05,13.18,12236600
2002-06-27,13.89,13.94,14.41,13.28,14.32,10646600
2002-06-28,14.2,14.25,14.58,13.67,13.68,8687600
2002-07-01,13.45,13.5,14.43,13.4,14.31,7553800
2002-07-02,13.15,13.2,13.57,12.73,13.4,9162400
2002-07-03,13.47,13.52,13.57,12.8,13.14,5855600
2002-07-05,14.26,14.31,14.4,13.72,13.73,4404200
2002-07-08,13.77,13.82,14.49,13.73,14.15,5032800
2002-07-09,13.56,13.61,13.98,13.5,13.74,5566400
2002-07-10,13.23,13.28,14.13,13.22,13.7,7886400
2002-07-11,12.83,12.88,13.01,11.88,12.35,15291600
2002-07-12,12.73,12.78,13.37,12.56,13.05,10542600
2002-07-15,13.19,13.24,13.35,12.3,12.6,10187400
2002-07-16,13.23,13.28,14.0,13.02,13.16,8424400
2002-07-17,13.39,13.44,13.9,13.25,13.68,7836400
2002-07-18,12.89,12.94,13.56,12.89,13.37,5890400
2002-07-19,12.15,12.19,12.93,12.15,12.8,8239000
2002-07-22,12.23,12.27,12.58,11.74,12.26,8876000
2002-07-23,11.9,11.95,12.61,11.79,12.2,7278800
2002-07-24,12.78,12.83,12.89,11.7,11.75,10469800
2002-07-25,11.67,11.72,12.75,11.52,12.55,9611000
2002-07-26,12.2,12.24,12.38,11.55,11.75,6008200
2002-07-29,12.76,12.81,12.91,12.24,12.4,5878200
2002-07-30,12.42,12.47,12.75,12.15,12.62,7385000
2002-07-31,11.93,11.98,12.38,11.86,12.28,8831600
2002-08-01,8.38,8.41,9.18,8.38,9.17,47625000
2002-08-02,8.69,8.73,8.82,8.41,8.6,16076800
2002-08-05,8.32,8.35,8.95,8.24,8.86,8884000
2002-08-06,8.66,8.69,8.75,8.45,8.53,9637600
2002-08-07,8.78,8.81,8.91,8.28,8.81,8754800
2002-08-08,8.85,8.89,8.97,8.52,8.69,6717600
2002-08-09,8.82,8.85,9.02,8.62,8.82,4874800
2002-08-12,9.02,9.05,9.15,8.75,8.77,5397400
2002-08-13,8.9,8.94,9.5,8.85,9.02,8508400
2002-08-14,9.6,9.64,9.72,8.85,8.85,6437800
2002-08-15,9.93,9.97,10.1,9.51,9.68,6561000
2002-08-16,10.03,10.07,10.23,9.71,9.85,4739200
2002-08-19,10.4,10.44,10.49,9.9,10.05,3842000
2002-08-20,10.05,10.09,10.56,9.98,10.35,5373600
2002-08-21,10.13,10.17,10.36,9.81,10.1,8563400
2002-08-22,10.34,10.39,10.44,10.06,10.07,4054800
2002-08-23,10.2,10.24,10.39,10.15,10.26,3811000
2002-08-26,10.4,10.44,10.51,10.22,10.23,4037400
2002-08-27,10.37,10.41,10.62,10.32,10.49,5328000
2002-08-28,9.95,9.99,10.3,9.9,10.27,5698600
2002-08-29,10.12,10.16,10.33,9.76,9.85,5228800
2002-08-30,10.01,10.05,10.31,9.99,10.11,3853000
2002-09-03,9.17,9.21,9.95,9.08,9.81,9882400
2002-09-04,9.5,9.54,9.64,9.26,9.28,5170800
2002-09-05,9.13,9.16,9.45,9.1,9.4,4597400
2002-09-06,9.59,9.63,9.72,9.38,9.38,4428800
2002-09-09,9.69,9.73,9.86,9.3,9.47,4765800
2002-09-10,9.61,9.65,9.77,9.09,9.76,7210800
2002-09-11,9.55,9.59,10.12,9.51,9.85,5158600
2002-09-12,9.19,9.23,9.57,9.18,9.35,10346400
2002-09-13,10.34,10.39,10.41,10.0,10.27,21271800
2002-09-16,10.06,10.1,10.51,10.01,10.4,7771800
2002-09-17,9.94,9.98,10.34,9.91,10.27,6211400
2002-09-18,9.93,9.97,10.2,9.76,9.94,6145600
2002-09-19,9.78,9.81,9.97,9.7,9.84,5185200
2002-09-20,9.74,9.77,10.0,9.62,9.85,8213600
2002-09-23,9.42,9.45,9.77,9.34,9.66,5789400
2002-09-24,9.76,9.79,9.84,9.27,9.4,5158000
2002-09-25,9.88,9.91,10.08,9.45,9.45,5702200
2002-09-26,9.86,9.89,10.19,9.55,9.92,4962800
2002-09-27,9.84,9.87,10.14,9.69,9.82,4641400
2002-09-30,9.52,9.55,9.8,9.45,9.65,5108200
2002-10-01,9.68,9.71,9.79,9.24,9.56,8721800
2002-10-02,9.97,10.0,10.22,9.57,9.68,8007800
2002-10-03,10.45,10.48,10.93,9.93,9.97,10205200
2002-10-04,10.13,10.16,10.68,10.02,10.5,9026800
2002-10-07,9.97,10.01,10.26,9.93,10.07,5549200
2002-10-08,9.95,9.98,10.14,9.9,10.11,7522600
2002-10-09,9.06,9.09,9.93,8.85,9.81,23236400
2002-10-10,10.19,10.22,10.25,8.91,9.15,10187600
2002-10-11,10.95,10.99,11.1,10.2,10.27,9142600
2002-10-14,11.26,11.3,11.38,10.52,10.52,5269600
2002-10-15,11.51,11.55,12.08,11.27,11.9,10951000
2002-10-16,11.06,11.1,11.49,10.93,11.12,7465000
2002-10-17,11.43,11.47,11.94,11.28,11.65,6026800
2002-10-18,11.87,11.9,12.11,11.07,11.43,5683600
2002-10-21,12.42,12.45,12.64,11.46,11.8,7446800
2002-10-22,11.97,12.01,12.21,11.69,12.15,5515200
2002-10-23,12.29,12.32,12.48,11.98,12.03,6114000
2002-10-24,12.28,12.32,12.82,12.03,12.32,6280000
2002-10-25,11.84,11.88,12.15,11.49,12.14,9105800
2002-10-28,11.7,11.74,12.6,11.52,12.55,9177800
2002-10-29,11.31,11.35,11.98,11.05,11.85,7601800
2002-10-30,11.79,11.82,11.98,11.23,11.4,6005400
2002-10-31,11.78,11.82,12.11,11.68,11.8,5495800
2002-11-01,12.2,12.23,12.27,11.53,11.77,5516600
2002-11-04,13.65,13.69,14.23,12.26,12.55,17288000
2002-11-05,12.87,12.91,13.05,12.52,12.99,12579000
2002-11-06,13.0,13.04,13.27,12.6,12.98,8589000
2002-11-07,12.75,12.79,13.1,12.61,12.75,5735000
2002-11-08,12.81,12.85,13.1,12.76,12.84,4480200
2002-11-11,12.31,12.35,12.91,12.33,12.8,4135400
2002-11-12,13.19,13.23,13.65,12.38,12.38,7756600
2002-11-13,13.52,13.56,13.65,12.82,13.07,6797800
2002-11-14,13.99,14.03,14.06,13.59,13.69,5731800
2002-11-15,14.43,14.48,14.56,13.63,13.97,5719200
2002-11-18,13.86,13.9,14.38,13.68,14.3,8582400
2002-11-19,13.65,13.69,13.88,13.52,13.68,7173400
2002-11-20,14.15,14.2,14.33,13.55,13.75,6316800
2002-11-21,15.05,15.1,15.24,14.2,14.3,7459400
2002-11-22,14.86,14.9,15.03,14.32,14.45,5613800
2002-11-25,15.09,15.14,15.26,14.65,14.9,4658200
2002-11-26,14.39,14.44,15.12,14.26,14.95,8381400
2002-11-27,14.94,14.99,15.23,14.6,14.62,5578400
2002-11-29,14.72,14.77,15.23,14.7,15.1,1866000
2002-12-02,14.33,14.38,15.54,14.27,15.27,9529200
2002-12-03,13.8,13.85,14.55,13.64,14.49,8566600
2002-12-04,13.05,13.09,13.74,13.02,13.57,8762400
2002-12-05,12.88,12.93,13.39,12.9,13.28,7320800
2002-12-06,13.0,13.05,13.2,12.5,12.69,4615200
2002-12-09,12.39,12.43,13.06,12.42,13.06,6852000
2002-12-10,12.96,13.01,13.19,12.53,12.56,8013800
2002-12-11,12.93,12.97,13.14,12.74,12.96,6763800
2002-12-12,12.89,12.94,13.25,12.61,13.18,9110200
2002-12-13,12.85,12.9,13.3,12.85,13.01,13375600
2002-12-16,13.24,13.28,13.41,12.74,12.88,8297400
2002-12-17,13.38,13.42,13.71,13.15,13.2,5956200
2002-12-18,12.97,13.02,13.38,12.88,13.38,4237400
2002-12-19,12.73,12.77,13.4,12.56,12.86,7044400
2002-12-20,12.83,12.87,13.23,12.73,13.18,7413800
2002-12-23,13.23,13.27,13.35,12.81,12.9,4041000
2002-12-24,13.07,13.11,13.39,13.1,13.15,1317600
2002-12-26,12.8,12.85,13.35,12.77,13.15,2858000
2002-12-27,12.55,12.59,13.0,12.55,12.8,3934000
2002-12-30,12.41,12.44,12.72,12.14,12.65,4917800
2002-12-31,12.36,12.4,12.56,12.24,12.43,4394200
2003-01-02,12.76,12.8,12.94,12.28,12.5,6215000
2003-01-03,13.11,13.15,13.18,12.5,12.75,5776000
2003-01-06,13.71,13.76,13.87,13.18,13.18,6160400
2003-01-07,14.22,14.26,14.33,13.6,13.7,7632600
2003-01-08,13.53,13.56,14.35,13.44,14.1,5403200
2003-01-09,14.08,14.12,14.48,13.75,13.75,5803800
2003-01-10,14.29,14.32,14.34,13.69,13.96,6779000
2003-01-13,14.24,14.27,14.67,14.26,14.48,5376400
2003-01-14,14.52,14.56,14.6,14.25,14.28,4820800
2003-01-15,13.95,13.98,14.66,13.89,14.63,3369400
2003-01-16,13.56,13.6,14.14,13.47,14.01,5019600
2003-01-17,12.89,12.93,13.3,12.81,13.27,6529400
2003-01-21,12.8,12.84,13.1,12.56,12.88,4752200
2003-01-22,12.85,12.89,13.2,12.66,12.77,6844400
2003-01-23,13.37,13.4,13.47,13.0,13.06,4635800
2003-01-24,12.9,12.94,13.4,12.67,13.38,5805000
2003-01-27,12.87,12.9,13.2,12.62,12.71,4610800
2003-01-28,13.3,13.34,13.4,12.8,12.85,4659600
2003-01-29,13.32,13.35,13.47,12.91,13.15,4875800
2003-01-30,13.17,13.21,13.65,13.06,13.5,6534400
2003-01-31,13.17,13.21,13.36,12.65,12.92,7698400
2003-02-03,13.49,13.53,13.71,13.06,13.47,5615000
2003-02-04,13.18,13.22,13.57,13.01,13.23,4885800
2003-02-05,13.22,13.26,13.74,13.18,13.23,5062000
2003-02-06,13.22,13.26,13.35,12.92,13.16,5755800
2003-02-07,13.03,13.07,13.49,12.93,13.33,4036000
2003-02-10,13.28,13.31,13.38,12.88,13.12,3588600
2003-02-11,13.31,13.35,13.68,13.24,13.35,6255800
2003-02-12,13.35,13.39,13.6,13.35,13.37,5293000
2003-02-13,13.43,13.47,13.52,13.22,13.35,4223000
2003-02-14,13.68,13.72,13.75,13.27,13.48,6385200
2003-02-18,14.14,14.18,14.3,13.72,13.77,7042600
2003-02-19,14.09,14.13,14.25,13.98,14.03,4599200
2003-02-20,14.14,14.18,14.27,13.96,14.15,4517400
2003-02-21,14.52,14.56,14.6,13.94,14.23,7283400
2003-02-24,14.14,14.18,14.48,14.12,14.45,5841000
2003-02-25,14.1,14.14,14.25,13.72,14.14,5549000
2003-02-26,13.5,13.54,14.15,13.52,14.06,6295800
2003-02-27,13.57,13.6,13.81,13.43,13.68,6201000
2003-02-28,13.71,13.75,14.0,13.58,13.58,5035200
2003-03-03,13.34,13.38,13.9,13.38,13.73,6297200
2003-03-04,13.18,13.22,13.43,13.07,13.34,5885400
2003-03-05,12.93,12.97,13.22,12.85,13.03,11042800
2003-03-06,13.33,13.36,13.38,12.82,12.83,9895800
2003-03-07,13.47,13.51,13.64,13.02,13.2,6983400
2003-03-10,13.27,13.31,13.43,13.2,13.4,4736600
2003-03-11,13.28,13.31,13.49,13.2,13.35,4936000
2003-03-12,13.71,13.74,14.0,13.24,13.24,6174200
2003-03-13,14.22,14.26,14.3,13.78,13.98,8042000
2003-03-14,15.35,15.4,15.62,14.94,15.14,21283000
2003-03-17,16.05,16.09,16.85,15.15,15.19,18336200
2003-03-18,16.05,16.09,16.16,15.93,16.15,7999800
2003-03-19,16.46,16.51,16.59,15.94,16.07,8430200
2003-03-20,17.0,17.03,17.14,16.33,16.5,12636800
2003-03-21,16.0,16.03,16.75,15.69,16.75,20469000
2003-03-24,15.24,15.27,15.88,15.02,15.85,10996200
2003-03-25,15.8,15.84,15.98,15.19,15.42,11304600
2003-03-26,15.94,15.98,16.08,15.5,15.62,9150800
2003-03-27,15.71,15.75,16.08,15.61,15.7,6137400
2003-03-28,15.86,15.9,15.93,15.55,15.7,5765600
2003-03-31,15.38,15.41,16.5,15.11,15.49,8338600
2003-04-01,15.27,15.31,15.62,15.2,15.6,5304600
2003-04-02,16.39,16.43,16.57,15.7,15.8,10929600
2003-04-03,16.48,16.52,16.83,16.33,16.4,6425600
2003-04-04,16.06,16.1,16.57,15.88,16.55,5542600
2003-04-07,16.52,16.56,17.0,16.45,16.7,9579200
2003-04-08,16.15,16.19,16.7,16.17,16.52,8325000
2003-04-09,15.9,15.94,16.56,15.9,16.28,6185400
2003-04-10,16.17,16.2,16.26,15.85,16.04,4147000
2003-04-11,16.15,16.18,16.72,15.99,16.37,5748200
2003-04-14,16.72,16.75,16.84,16.14,16.15,6148000
2003-04-15,16.9,16.94,17.2,16.51,16.65,7372200
2003-04-16,16.56,16.59,17.45,16.59,17.3,6770800
2003-04-17,17.33,17.38,17.55,16.42,16.42,9308200
2003-04-21,17.32,17.36,17.63,17.25,17.36,7158200
2003-04-22,17.59,17.64,17.73,17.18,17.32,7874800
2003-04-23,17.74,17.78,18.06,17.43,18.06,6359800
2003-04-24,17.82,17.86,18.0,17.56,17.65,4520400
2003-04-25,17.27,17.31,17.91,17.15,17.81,4995600
2003-04-28,17.51,17.56,17.7,17.2,17.41,5998000
2003-04-29,17.58,17.62,18.0,17.53,17.67,4474600
2003-04-30,17.22,17.26,17.82,17.22,17.51,7287800
2003-05-01,18.31,18.35,18.47,17.55,17.73,14015600
2003-05-02,18.92,18.96,19.07,18.08,18.12,11530600
2003-05-05,18.8,18.84,19.19,18.57,18.94,6997600
2003-05-06,18.68,18.72,18.89,18.25,18.3,8928600
2003-05-07,18.39,18.43,18.69,18.25,18.65,5320000
2003-05-08,17.93,17.97,18.25,17.89,18.1,7111800
2003-05-09,18.23,18.27,18.32,17.75,17.91,5190000
2003-05-12,18.51,18.55,18.61,17.92,18.3,5648800
2003-05-13,18.2,18.25,18.5,18.15,18.45,3863600
2003-05-14,18.08,18.12,18.45,17.79,18.23,4333400
2003-05-15,18.15,18.19,18.64,18.08,18.25,6555200
2003-05-16,17.93,17.97,18.28,17.84,18.02,4147600
2003-05-19,16.74,16.78,17.83,16.71,17.82,8255200
2003-05-20,16.71,16.75,17.17,16.65,17.14,6678000
2003-05-21,16.81,16.84,16.94,16.57,16.69,5599000
2003-05-22,17.3,17.34,17.52,16.7,16.85,5670800
2003-05-23,17.27,17.32,17.54,17.13,17.25,3563400
2003-05-27,17.63,17.67,17.87,17.03,17.18,5979800
2003-05-28,17.8,17.84,18.0,17.55,17.67,3817400
2003-05-29,17.56,17.6,18.18,17.44,17.91,5681400
2003-05-30,17.62,17.66,17.75,17.33,17.62,7348000
2003-06-02,17.48,17.52,17.9,17.44,17.83,5339800
2003-06-03,17.42,17.47,17.64,17.35,17.42,4159400
2003-06-04,18.51,18.56,18.67,17.42,17.54,8773800
2003-06-05,18.77,18.82,18.99,18.27,18.35,8230200
2003-06-06,18.6,18.65,20.0,18.52,19.44,11638800
2003-06-09,17.66,17.7,18.25,17.22,18.05,10192000
2003-06-10,17.86,17.9,17.95,17.69,17.75,5583400
2003-06-11,17.87,17.91,18.18,17.62,17.99,5862200
2003-06-12,17.95,17.99,18.24,17.62,18.23,11508200
2003-06-13,15.74,15.77,16.91,15.73,16.58,45566600
2003-06-16,15.81,15.85,16.02,15.35,15.99,19051000
2003-06-17,16.21,16.25,16.36,15.73,16.08,12185000
2003-06-18,16.0,16.03,16.26,15.9,16.17,9535400
2003-06-19,15.74,15.77,16.05,15.52,16.0,9162000
2003-06-20,15.91,15.94,16.05,15.52,15.85,10025600
2003-06-23,15.52,15.56,15.93,15.23,15.92,7276400
2003-06-24,15.43,15.46,15.94,15.44,15.81,9053600
2003-06-25,15.61,15.65,15.93,15.49,15.59,5603000
2003-06-26,16.03,16.07,16.14,15.63,15.68,6310200
2003-06-27,16.27,16.3,16.5,16.02,16.15,10483200
2003-06-30,16.0,16.03,16.5,15.95,16.26,5279600
2003-07-01,16.38,16.41,16.41,15.87,15.89,6495400
2003-07-02,16.76,16.79,16.81,16.27,16.35,8587800
2003-07-03,16.9,16.93,17.15,16.45,16.57,6292400
2003-07-07,17.29,17.33,17.36,17.07,17.25,5855200
2003-07-08,17.43,17.47,17.6,17.15,17.16,6041000
2003-07-09,17.36,17.4,17.59,17.26,17.37,5444800
2003-07-10,17.1,17.13,17.35,16.98,17.12,6003200
2003-07-11,17.28,17.32,17.34,17.02,17.03,4972000
2003-07-14,17.19,17.22,17.83,17.19,17.53,5076200
2003-07-15,17.52,17.55,17.58,17.25,17.34,4326800
2003-07-16,17.53,17.57,17.67,17.36,17.59,5077600
2003-07-17,17.08,17.11,17.59,17.04,17.2,4738600
2003-07-18,16.72,16.75,17.39,16.61,17.38,4560800
2003-07-21,16.24,16.27,16.83,16.02,16.77,6492200
2003-07-22,16.6,16.64,16.97,16.42,16.46,4549400
2003-07-23,16.66,16.69,16.85,16.27,16.63,5088000
2003-07-24,16.21,16.24,16.96,16.17,16.89,3992400
2003-07-25,16.47,16.5,16.59,16.14,16.37,4057000
2003-07-28,16.45,16.48,16.66,16.36,16.54,3540600
2003-07-29,15.99,16.02,16.55,15.97,16.38,8022400
2003-07-30,16.01,16.04,16.08,15.61,16.04,6696200
2003-07-31,16.33,16.36,16.67,16.02,16.36,7607400
2003-08-01,16.27,16.3,16.6,16.05,16.17,5997200
2003-08-04,16.52,16.56,16.75,16.15,16.2,5034800
2003-08-05,16.18,16.22,16.7,16.08,16.45,4676000
2003-08-06,15.75,15.78,16.17,15.64,16.14,6544200
2003-08-07,15.83,15.86,16.0,15.68,15.82,3597800
2003-08-08,15.86,15.89,16.02,15.7,15.84,2886000
2003-08-11,16.6,16.63,16.94,16.27,16.58,8565400
2003-08-12,16.88,16.91,17.0,16.64,16.82,5136400
2003-08-13,17.16,17.19,17.21,16.73,17.02,4310400
2003-08-14,17.13,17.16,17.28,16.94,17.15,3613800
2003-08-15,17.15,17.18,17.33,16.82,17.19,2166200
2003-08-18,18.07,18.1,18.11,17.26,17.27,4348600
2003-08-19,18.36,18.4,18.44,17.91,18.09,5534000
2003-08-20,18.23,18.27,18.45,18.06,18.13,7194400
2003-08-21,19.18,19.22,19.38,18.25,18.25,8845600
2003-08-22,18.66,18.7,19.59,18.55,19.17,6721800
2003-08-25,18.96,19.0,19.0,18.58,18.58,3123400
2003-08-26,19.03,19.07,19.19,18.31,18.75,7147400
2003-08-27,19.06,19.09,19.15,18.88,19.02,2622800
2003-08-28,19.41,19.44,19.48,18.82,19.27,4234600
2003-08-29,19.38,19.42,19.59,19.16,19.38,3067400
2003-09-02,19.64,19.67,19.73,19.05,19.62,7185400
2003-09-03,19.64,19.68,20.0,19.57,19.73,6799000
2003-09-04,19.34,19.38,19.67,19.15,19.6,5509400
2003-09-05,18.92,18.95,19.29,18.75,19.21,6047800
2003-09-08,19.31,19.34,19.4,18.97,18.98,4593600
2003-09-09,18.98,19.01,19.26,18.97,19.22,4778400
2003-09-10,18.16,18.19,18.97,18.11,18.93,9991600
2003-09-11,19.69,19.73,20.21,19.35,19.49,32085600
2003-09-12,19.73,19.76,19.92,19.42,19.75,9612200
2003-09-15,19.59,19.63,19.94,19.57,19.77,4753800
2003-09-16,19.87,19.91,19.95,19.68,19.78,5159000
2003-09-17,20.2,20.24,20.33,19.85,19.86,8869600
2003-09-18,20.72,20.76,20.8,20.01,20.26,6522800
2003-09-19,20.65,20.68,20.82,20.41,20.62,7375800
2003-09-22,20.01,20.04,20.4,19.92,20.27,7061600
2003-09-23,20.7,20.73,20.86,19.93,19.99,6813600
2003-09-24,20.22,20.25,20.81,20.16,20.63,7293600
2003-09-25,20.62,20.66,21.0,20.26,20.31,9736800
2003-09-26,20.29,20.33,20.68,20.0,20.53,8811600
2003-09-29,20.07,20.1,20.83,19.93,20.47,6846200
2003-09-30,19.66,19.69,19.98,19.33,19.89,11578000
2003-10-01,19.87,19.9,20.19,19.5,19.75,12740000
2003-10-02,19.8,19.83,20.29,19.6,20.12,8341400
2003-10-03,20.4,20.43,20.5,19.97,20.05,7002400
2003-10-06,20.49,20.52,20.52,20.15,20.45,5631200
2003-10-07,20.61,20.65,20.69,20.22,20.4,5269600
2003-10-08,21.02,21.05,21.32,20.66,20.67,8578800
2003-10-09,20.93,20.97,21.43,20.84,21.31,6303200
2003-10-10,20.92,20.95,21.2,20.76,21.06,3626000
2003-10-13,21.36,21.4,21.56,21.14,21.38,4165600
2003-10-14,21.4,21.43,21.49,21.24,21.24,3800200
2003-10-15,21.38,21.41,21.75,21.29,21.61,4461400
2003-10-16,21.41,21.44,21.5,21.15,21.45,3339400
2003-10-17,21.19,21.23,21.72,21.14,21.55,6400600
2003-10-20,21.31,21.34,21.4,20.85,21.25,4367800
2003-10-21,21.54,21.57,21.66,21.15,21.32,3803000
2003-10-22,21.26,21.3,21.51,21.23,21.41,5457000
2003-10-23,21.15,21.18,21.33,20.82,20.84,5295200
2003-10-24,20.97,21.0,21.16,20.53,21.16,5082200
2003-10-27,20.99,21.02,21.51,20.88,21.45,4799200
2003-10-28,21.68,21.72,21.72,20.95,21.15,5200600
2003-10-29,22.3,22.33,22.47,21.41,21.56,9542600
2003-10-30,22.1,22.14,22.5,22.09,22.45,7191600
2003-10-31,21.84,21.88,22.38,21.75,22.25,4138200
2003-11-03,22.54,22.58,22.65,21.88,22.11,5943800
2003-11-04,22.33,22.36,22.74,22.05,22.16,5371800
2003-11-05,22.51,22.55,22.7,22.15,22.4,3383400
2003-11-06,22.88,22.92,22.97,22.44,22.53,9120000
2003-11-07,22.48,22.51,23.19,22.44,23.0,7899800
2003-11-10,21.67,21.71,22.0,21.45,21.58,16932000
2003-11-11,21.33,21.36,21.7,21.3,21.65,7043600
2003-11-12,21.35,21.39,21.5,21.2,21.44,7079600
2003-11-13,21.41,21.44,21.58,21.15,21.25,6435000
2003-11-14,20.51,20.55,21.5,20.45,21.5,7294200
2003-11-17,20.17,20.2,20.65,20.03,20.47,6079200
2003-11-18,20.02,20.05,20.77,20.02,20.46,6755800
2003-11-19,19.77,19.8,20.21,19.61,20.2,6964400
2003-11-20,19.12,19.15,20.0,19.08,19.58,10703400
2003-11-21,19.65,19.68,19.82,19.06,19.5,7121400
2003-11-24,20.67,20.7,20.72,20.11,20.5,8721400
2003-11-25,20.48,20.51,20.97,20.42,20.87,5644400
2003-11-26,20.53,20.56,20.78,20.25,20.7,3572800
2003-11-28,20.62,20.66,20.67,20.35,20.4,1628000
2003-12-01,21.01,21.05,21.1,20.62,20.82,5815000
2003-12-02,20.57,20.6,21.22,20.59,20.85,5782800
2003-12-03,20.8,20.83,21.5,20.75,20.78,6139800
2003-12-04,20.79,20.83,20.98,20.41,20.76,4380200
2003-12-05,19.42,19.45,20.12,19.45,19.77,10684600
2003-12-08,19.68,19.72,19.85,19.35,19.48,6597000
2003-12-09,18.83,18.86,19.85,18.78,19.77,9759400
2003-12-10,19.01,19.04,19.43,18.87,19.05,7699800
2003-12-11,19.86,19.89,19.95,19.11,19.25,8793200
2003-12-12,20.07,20.1,20.95,19.93,20.95,20679600
2003-12-15,18.87,18.91,20.52,18.83,20.45,15980400
2003-12-16,19.38,19.42,19.5,18.98,19.01,8025200
2003-12-17,19.52,19.55,19.56,19.02,19.38,5916000
2003-12-18,20.03,20.06,20.24,19.52,19.57,8764800
2003-12-19,19.41,19.44,20.11,19.25,19.78,10400200
2003-12-22,19.89,19.92,19.93,19.3,19.45,5607600
2003-12-23,20.12,20.15,20.21,19.9,19.94,5048800
2003-12-24,19.97,20.0,20.15,19.84,20.15,1214000
2003-12-26,19.83,19.86,20.03,19.75,19.95,1547400
2003-12-29,20.0,20.03,20.05,19.68,19.98,4776200
2003-12-30,19.78,19.81,20.02,19.7,19.92,2948200
2003-12-31,19.51,19.54,19.95,19.46,19.92,4328400
2004-01-02,19.52,19.55,19.85,19.43,19.82,3699600
2004-01-05,19.87,19.9,19.99,19.23,19.65,9367400
2004-01-06,19.89,19.92,19.99,19.57,19.92,5390400
2004-01-07,19.69,19.72,19.85,19.56,19.72,5457800
2004-01-08,18.98,19.0,19.94,18.95,19.7,13034800
2004-01-09,18.54,18.56,18.98,18.39,18.92,12157200
2004-01-12,18.66,18.68,18.82,18.18,18.65,10290000
2004-01-13,18.57,18.59,18.75,18.45,18.56,8316600
2004-01-14,18.55,18.58,18.93,18.51,18.8,5898000
2004-01-15,19.2,19.23,19.39,18.33,18.33,10103000
2004-01-16,19.13,19.15,19.53,19.01,19.5,6686800
2004-01-20,19.23,19.25,19.65,19.06,19.65,6494600
2004-01-21,19.24,19.26,19.33,18.91,19.26,5783200
2004-01-22,18.58,18.6,19.24,18.6,19.14,5726200
2004-01-23,19.0,19.02,19.1,18.65,18.85,7971400
2004-01-26,19.15,19.17,19.17,18.79,18.86,4365000
2004-01-27,18.77,18.8,19.28,18.73,19.22,5251400
2004-01-28,18.3,18.32,18.98,18.2,18.86,7204000
2004-01-29,18.04,18.07,18.52,17.89,18.52,10593400
2004-01-30,19.13,19.15,19.5,18.79,19.12,16114400
2004-02-02,18.89,18.91,19.33,18.7,19.3,7617000
2004-02-03,18.87,18.9,19.11,18.48,18.87,4035000
2004-02-04,18.94,18.96,19.27,18.6,18.79,8140000
2004-02-05,18.85,18.87,19.16,18.72,18.93,4703200
2004-02-06,19.43,19.46,19.59,18.75,18.84,6473800
2004-02-09,19.41,19.44,19.77,19.4,19.41,5233600
2004-02-10,19.34,19.36,19.58,19.3,19.42,3618000
2004-02-11,19.72,19.75,19.82,19.4,19.6,5494800
2004-02-12,19.7,19.73,19.85,19.66,19.82,4558000
2004-02-13,19.24,19.26,19.71,19.18,19.61,4511800
2004-02-17,19.57,19.59,19.66,19.26,19.5,3224000
2004-02-18,19.86,19.89,19.92,19.38,19.58,6689400
2004-02-19,19.13,19.15,20.07,19.06,19.9,6949800
2004-02-20,18.95,18.97,19.31,18.8,19.25,6456600
2004-02-23,18.28,18.3,19.08,18.11,19.05,5915200
2004-02-24,18.12,18.14,18.5,18.02,18.35,6555600
2004-02-25,17.98,18.0,18.3,17.77,18.17,6699200
2004-02-26,18.83,18.85,18.93,18.09,18.2,9185800
2004-02-27,18.6,18.62,18.99,18.42,18.88,4506400
2004-03-01,18.71,18.74,18.93,18.55,18.75,4644200
2004-03-02,18.75,18.77,18.91,18.68,18.72,5128400
2004-03-03,18.45,18.48,18.7,18.36,18.62,4747000
2004-03-04,18.32,18.34,18.42,18.16,18.4,4559400
2004-03-05,18.21,18.23,18.5,18.12,18.28,4051600
2004-03-08,17.89,17.92,18.33,17.9,18.25,4926400
2004-03-09,18.02,18.05,18.23,17.9,17.91,6282200
2004-03-10,17.5,17.52,18.08,17.49,17.98,6031000
2004-03-11,17.17,17.19,17.57,17.15,17.45,6695400
2004-03-12,17.83,17.85,17.87,17.3,17.4,6603200
2004-03-15,17.5,17.52,17.93,17.44,17.92,5678600
2004-03-16,17.65,17.67,17.88,17.53,17.65,5949600
2004-03-17,18.11,18.13,18.23,17.7,17.8,5608800
2004-03-18,18.11,18.14,18.27,17.85,18.1,11964200
2004-03-19,19.9,19.92,20.04,19.27,19.75,39667000
2004-03-22,19.61,19.64,19.94,19.4,19.67,14856000
2004-03-23,19.28,19.31,19.88,19.28,19.72,7369800
2004-03-24,19.39,19.42,19.72,19.21,19.25,8072400
2004-03-25,20.0,20.02,20.07,19.49,19.51,7529000
2004-03-26,19.73,19.75,20.12,19.72,19.95,4849200
2004-03-29,19.94,19.95,20.23,19.78,19.83,5367600
2004-03-30,19.77,19.79,20.12,19.69,19.8,4627600
2004-03-31,19.63,19.65,19.9,19.55,19.87,5058000
2004-04-01,20.12,20.14,20.2,19.7,19.8,7273000
2004-04-02,20.43,20.45,20.5,20.01,20.46,6974800
2004-04-05,20.66,20.67,20.73,20.33,20.44,6183000
2004-04-06,20.71,20.73,20.8,20.35,20.38,5744600
2004-04-07,20.91,20.93,21.0,20.48,20.65,7882600
2004-04-08,20.97,21.0,21.1,20.78,21.04,6668400
2004-04-12,21.24,21.26,21.4,20.9,20.91,6542600
2004-04-13,21.13,21.15,21.28,20.97,21.23,5011600
2004-04-14,21.27,21.29,21.29,20.8,20.82,5257000
2004-04-15,20.62,20.64,21.3,20.35,21.3,5348600
2004-04-16,20.75,20.77,21.12,20.52,20.75,6174000
2004-04-19,20.92,20.94,20.97,20.59,20.73,4341200
2004-04-20,20.58,20.6,21.12,20.59,20.94,4284600
2004-04-21,20.97,20.99,21.0,20.35,20.65,5223800
2004-04-22,21.49,21.51,21.58,20.8,20.81,7073000
2004-04-23,21.82,21.84,21.89,21.39,21.39,6611600
2004-04-26,21.38,21.41,21.85,21.19,21.76,4655200
2004-04-27,21.38,21.41,21.66,21.2,21.54,4504800
2004-04-28,20.79,20.81,21.33,20.69,21.28,5107000
2004-04-29,20.8,20.83,20.87,20.38,20.71,7986200
2004-04-30,20.73,20.75,20.91,20.43,20.85,6406800
2004-05-03,21.98,22.0,22.17,21.58,21.58,13487000
2004-05-04,22.93,22.95,23.44,22.02,22.16,18778000
2004-05-05,22.45,22.47,22.92,22.38,22.74,9760000
2004-05-06,21.93,21.95,22.05,21.61,21.82,10219600
2004-05-07,21.71,21.73,22.3,21.7,21.72,5480200
2004-05-10,21.74,21.76,21.99,21.5,21.6,6216200
2004-05-11,22.09,22.11,22.17,21.76,22.01,5334800
2004-05-12,21.89,21.92,22.09,21.44,21.84,5756000
2004-05-13,21.91,21.93,22.14,21.7,21.77,3611800
2004-05-14,21.36,21.39,21.98,21.32,21.92,4661000
2004-05-17,21.11,21.13,21.48,20.92,21.26,4799000
2004-05-18,21.48,21.5,21.62,21.19,21.33,3925000
2004-05-19,21.75,21.77,22.07,21.64,21.78,5440400
2004-05-20,22.2,22.23,22.35,21.86,21.97,6001600
2004-05-21,22.19,22.21,22.44,21.83,22.36,4142200
2004-05-24,21.75,21.77,22.45,21.61,22.3,5440200
2004-05-25,22.32,22.34,22.48,21.58,21.88,4984600
2004-05-26,22.1,22.12,22.33,22.03,22.31,3781800
2004-05-27,22.17,22.19,22.27,21.98,21.99,3118600
2004-05-28,22.29,22.32,22.33,21.93,22.33,2453400
2004-06-01,22.44,22.46,22.5,22.0,22.02,4656000
2004-06-02,22.64,22.66,22.75,22.46,22.5,5137400
2004-06-03,22.43,22.45,22.67,22.33,22.55,3596600
2004-06-04,22.69,22.71,23.0,22.45,22.45,4641200
2004-06-07,23.66,23.68,23.68,22.89,22.91,8356400
2004-06-08,23.54,23.56,23.58,23.2,23.35,8110200
2004-06-09,22.95,22.98,23.57,22.92,23.57,4749800
2004-06-10,22.9,22.92,23.22,22.85,23.02,3501400
2004-06-14,22.62,22.64,23.07,22.47,22.98,4186200
2004-06-15,22.82,22.84,23.09,22.77,22.85,4452800
2004-06-16,22.31,22.33,22.58,22.07,22.33,9356400
2004-06-17,22.28,22.31,22.48,22.09,22.35,6597600
2004-06-18,21.34,21.36,22.2,21.25,21.93,11138200
2004-06-21,21.73,21.75,21.92,21.26,21.43,7970400
2004-06-22,21.98,22.0,22.03,21.67,21.84,5352400
2004-06-23,22.18,22.2,22.22,21.84,22.0,3558000
2004-06-24,21.86,21.89,22.25,21.85,22.06,5023600
2004-06-25,22.28,22.3,22.3,21.9,21.95,4600200
2004-06-28,22.4,22.42,22.62,22.16,22.33,4368200
2004-06-29,22.73,22.75,22.81,22.34,22.44,4731800
2004-06-30,23.23,23.25,23.4,22.66,22.74,6204600
2004-07-01,22.93,22.95,23.35,22.92,23.19,6325000
2004-07-02,22.56,22.58,23.07,22.32,22.89,4795200
2004-07-06,22.13,22.15,22.5,22.06,22.36,4366400
2004-07-07,22.64,22.66,22.7,22.07,22.1,7165400
2004-07-08,21.69,21.7,22.6,21.45,22.52,8282800
2004-07-09,22.14,22.16,22.22,21.87,21.93,4875400
2004-07-12,21.96,21.97,22.12,21.68,22.08,5984600
2004-07-13,21.82,21.83,22.16,21.8,21.97,4129400
2004-07-14,21.66,21.67,22.2,21.42,21.67,6973400
2004-07-15,21.7,21.72,22.0,21.67,21.76,4413800
2004-07-16,21.59,21.6,21.95,21.43,21.91,5873200
2004-07-19,21.08,21.09,21.92,21.09,21.67,5545600
2004-07-20,21.18,21.19,21.19,20.89,21.17,6766800
2004-07-21,20.43,20.44,21.28,20.44,21.27,5611800
2004-07-22,20.39,20.41,20.62,20.0,20.53,6634200
2004-07-23,20.16,20.17,20.3,19.94,20.27,3216400
2004-07-26,19.84,19.85,20.41,19.66,20.24,5536600
2004-07-27,20.12,20.14,20.25,19.79,19.79,3785600
2004-07-28,20.2,20.22,20.41,19.82,19.95,4694600
2004-07-29,20.71,20.73,20.74,20.3,20.39,5551600
2004-07-30,21.08,21.09,21.25,20.55,20.64,5215000
2004-08-02,20.97,20.99,21.07,20.61,20.98,6156400
2004-08-03,21.58,21.59,22.17,21.59,22.07,14672400
2004-08-04,21.73,21.74,21.95,21.45,21.49,6661600
2004-08-05,21.66,21.67,21.85,21.61,21.64,3874400
2004-08-06,21.13,21.15,21.73,21.09,21.49,4512600
2004-08-09,21.19,21.2,21.55,21.2,21.34,3203400
2004-08-10,21.68,21.69,21.73,21.25,21.32,3497400
2004-08-11,21.75,21.76,21.78,21.42,21.43,4441600
2004-08-12,21.43,21.44,21.75,21.28,21.56,3037800
2004-08-13,21.72,21.74,21.75,21.5,21.56,2924200
2004-08-16,22.42,22.43,22.6,21.92,21.92,7788400
2004-08-17,22.37,22.39,22.75,22.32,22.68,3621200
2004-08-18,22.74,22.76,22.77,22.24,22.24,3088400
2004-08-19,22.65,22.67,22.91,22.6,22.66,4518600
2004-08-20,23.03,23.05,23.14,22.6,22.65,4445400
2004-08-23,22.8,22.82,23.17,22.69,23.15,4114200
2004-08-24,22.85,22.86,23.13,22.61,22.95,2903400
2004-08-25,23.1,23.12,23.2,22.73,22.92,2880400
2004-08-26,23.06,23.08,23.17,22.91,22.96,2130800
2004-08-27,23.19,23.2,23.29,22.99,22.99,1332800
2004-08-30,22.76,22.78,23.15,22.74,23.15,2029400
2004-08-31,22.92,22.93,22.93,22.56,22.59,3908600
2004-09-01,22.89,22.91,23.08,22.51,22.79,3303000
2004-09-02,23.4,23.42,23.5,22.85,22.91,2451000
2004-09-03,23.25,23.26,23.51,23.2,23.48,3794600
2004-09-07,23.6,23.62,23.92,23.27,23.39,5650600
2004-09-08,23.9,23.92,24.0,23.58,23.58,4806800
2004-09-09,24.46,24.48,24.52,23.92,24.0,6735800
2004-09-10,24.92,24.93,24.95,24.41,24.45,4704400
2004-09-13,24.84,24.85,25.09,24.74,24.76,5973400
2004-09-14,24.76,24.77,25.0,24.66,24.82,3701200
2004-09-15,23.7,23.72,24.66,23.61,24.56,8158400
2004-09-16,23.93,23.94,24.1,23.77,24.05,5151400
2004-09-17,24.05,24.07,24.24,23.92,24.03,6471000
2004-09-20,23.96,23.98,24.28,23.83,23.99,5717000
2004-09-21,25.21,25.23,25.36,24.63,25.12,12019400
2004-09-22,24.4,24.42,25.01,24.41,24.85,7899800
2004-09-23,24.61,24.62,24.86,24.39,24.51,4896800
2004-09-24,24.17,24.17,24.62,24.16,24.57,4266400
2004-09-27,23.92,23.93,24.33,23.88,24.08,4618600
2004-09-28,24.34,24.34,24.41,23.93,23.99,5606800
2004-09-29,24.82,24.83,24.9,24.24,24.24,5277000
2004-09-30,24.72,24.74,24.98,24.49,24.92,5418600
2004-10-01,24.98,25.0,25.0,24.64,24.75,6313400
2004-10-04,25.39,25.41,25.59,24.88,25.09,6419600
2004-10-05,25.55,25.56,25.79,25.26,25.36,5263200
2004-10-06,25.82,25.83,25.94,25.45,25.55,3623600
2004-10-07,25.51,25.52,25.76,25.45,25.69,3064400
2004-10-08,24.85,24.86,25.55,24.79,25.5,3925800
2004-10-11,25.46,25.47,25.59,24.86,25.02,4604200
2004-10-12,25.99,26.0,26.11,25.13,25.13,7354800
2004-10-13,25.62,25.64,26.26,25.51,26.0,6409800
2004-10-14,25.61,25.62,25.91,25.4,25.62,4255400
2004-10-15,25.73,25.74,25.98,25.46,25.67,3136200
2004-10-18,26.52,26.53,26.54,25.57,25.59,4483000
2004-10-19,26.76,26.77,26.94,26.35,26.42,5739000
2004-10-20,26.82,26.83,26.95,26.42,26.57,4190600
2004-10-21,27.24,27.25,27.4,26.68,26.9,5139800
2004-10-22,26.86,26.87,27.34,26.75,27.31,5296000
2004-10-25,26.87,26.89,27.25,26.7,26.71,4542400
2004-10-26,26.85,26.86,27.14,26.69,26.94,3899800
2004-10-27,27.98,27.99,28.04,26.91,27.25,9092800
2004-10-28,27.73,27.75,27.95,27.54,27.65,5088800
2004-10-29,28.0,28.01,28.02,27.38,27.68,5136000
2004-11-01,28.16,28.17,28.5,27.91,28.11,4982600
2004-11-02,28.5,28.51,28.78,27.76,27.76,6440000
2004-11-03,28.57,28.58,29.0,28.47,28.76,4819600
2004-11-04,29.04,29.06,29.25,28.5,28.5,4866000
2004-11-05,29.23,29.24,29.36,28.82,29.05,4858000
2004-11-08,28.92,28.93,29.23,28.83,29.13,3532800
2004-11-09,28.68,28.69,29.05,28.67,28.98,4577200
2004-11-10,28.78,28.8,29.12,28.38,28.65,4891400
2004-11-11,29.2,29.22,29.24,28.6,28.83,3091200
2004-11-12,29.47,29.49,29.49,28.8,29.08,3354600
2004-11-15,29.26,29.27,29.55,29.08,29.5,4393800
2004-11-16,29.07,29.08,29.27,28.8,29.25,4458800
2004-11-17,29.29,29.3,29.5,28.93,29.08,4303200
2004-11-18,29.57,29.58,29.72,29.2,29.34,3483400
2004-11-19,28.9,28.91,29.75,28.76,29.59,3289800
2004-11-22,29.72,29.73,29.73,28.75,28.84,3623600
2004-11-23,30.32,30.33,30.34,29.52,29.87,6503000
2004-11-24,30.42,30.43,30.52,29.89,29.98,3372000
2004-11-26,30.32,30.33,30.56,30.29,30.52,998400
2004-11-29,30.36,30.37,30.55,29.78,30.49,3004800
2004-11-30,30.27,30.28,30.53,30.08,30.51,3134200
2004-12-01,30.78,30.8,30.92,30.24,30.29,3639200
2004-12-02,31.14,31.16,31.17,30.62,30.82,2668000
2004-12-03,31.47,31.48,31.57,31.16,31.22,3753000
2004-12-06,30.98,30.99,31.42,30.83,31.35,7276600
2004-12-07,30.12,30.13,31.36,30.1,31.24,6836400
2004-12-08,30.15,30.17,30.5,29.88,30.25,4047600
2004-12-09,30.4,30.42,30.64,29.67,30.02,4185200
2004-12-10,30.49,30.5,30.8,30.12,30.35,3361400
2004-12-13,31.37,31.38,31.51,30.69,30.77,5254400
2004-12-14,32.07,32.08,32.24,31.49,31.55,4812600
2004-12-15,31.31,31.33,32.0,31.25,31.86,6048000
2004-12-16,30.54,30.56,31.67,30.28,31.45,7916800
2004-12-17,30.21,30.23,30.41,29.66,29.99,9217400
2004-12-20,30.38,30.39,30.57,30.08,30.22,5750600
2004-12-21,30.49,30.5,30.62,30.26,30.46,4394800
2004-12-22,31.02,31.03,31.09,30.16,30.18,4994000
2004-12-23,31.3,31.31,31.4,30.88,30.94,3710200
2004-12-27,31.15,31.16,31.49,31.01,31.49,3069800
2004-12-28,31.85,31.85,31.85,30.92,31.14,4102200
2004-12-29,31.62,31.62,31.95,31.5,31.87,2869400
2004-12-30,31.58,31.59,31.83,31.41,31.68,1978000
2004-12-31,31.36,31.37,31.78,31.27,31.5,3580400
2005-01-03,30.84,30.84,31.75,30.77,31.5,5508800
2005-01-04,30.02,30.03,31.19,29.68,31.1,7515400
2005-01-05,29.86,29.86,30.45,29.86,30.09,3566600
2005-01-06,29.36,29.37,30.17,29.25,30.11,6159600
2005-01-07,29.38,29.39,29.75,28.85,29.5,8512400
2005-01-10,29.4,29.41,29.85,29.32,29.4,5133200
2005-01-11,29.05,29.06,29.5,28.98,29.47,5595200
2005-01-12,29.48,29.49,29.57,28.83,29.24,6006400
2005-01-13,29.1,29.11,29.69,28.98,29.6,4701400
2005-01-14,29.11,29.11,29.37,28.91,29.23,5796800
2005-01-18,29.18,29.19,29.28,28.3,29.03,4969000
2005-01-19,28.93,28.94,29.45,28.88,29.16,3978200
2005-01-20,29.03,29.03,29.56,28.75,28.75,5113600
2005-01-21,28.53,28.53,29.19,28.5,29.15,4557600
2005-01-24,27.69,27.69,28.83,27.62,28.67,7229200
2005-01-25,27.78,27.79,28.42,27.76,27.9,4280000
2005-01-26,28.0,28.0,28.24,27.67,28.08,3664000
2005-01-27,28.08,28.08,28.19,27.68,28.17,3578400
2005-01-28,27.73,27.74,28.27,27.4,28.27,5927400
2005-01-31,28.44,28.45,28.67,27.93,28.1,6100600
2005-02-01,28.94,28.95,29.18,28.45,28.45,4639600
2005-02-02,31.14,31.15,31.27,29.83,29.85,11576600
2005-02-03,31.7,31.71,31.74,30.66,30.8,8992200
2005-02-04,31.99,32.0,32.0,31.29,31.51,4477400
2005-02-07,31.75,31.76,31.98,31.51,31.98,3025600
2005-02-08,31.84,31.85,32.19,31.62,31.89,3243200
2005-02-09,31.29,31.3,32.08,31.11,31.98,4060000
2005-02-10,31.33,31.34,31.57,30.94,31.38,2921600
2005-02-11,31.84,31.85,32.21,31.18,31.47,4880400
2005-02-14,31.73,31.74,31.99,31.48,31.92,3112200
2005-02-15,32.45,32.46,32.56,31.45,31.75,6490000
2005-02-16,32.29,32.3,32.42,31.79,32.26,4508400
2005-02-17,31.53,31.53,32.49,31.27,32.3,5308000
2005-02-18,31.41,31.42,31.85,31.39,31.8,2983000
2005-02-22,30.75,30.75,31.86,30.67,31.27,5780600
2005-02-23,30.87,30.88,31.05,30.61,30.78,4143600
2005-02-24,30.69,30.69,30.77,30.19,30.74,6102000
2005-02-25,30.71,30.72,30.86,30.3,30.74,4048200
2005-02-28,30.87,30.88,31.58,30.57,30.77,4434400
2005-03-01,31.16,31.17,31.48,30.75,31.03,3678400
2005-03-02,31.17,31.17,31.56,30.78,30.98,3446600
2005-03-03,31.17,31.17,31.41,30.88,31.24,2851000
2005-03-04,31.88,31.89,32.1,31.27,31.55,4627400
2005-03-07,32.53,32.53,32.83,31.9,31.98,5754000
2005-03-08,32.47,32.47,33.0,32.38,32.62,4204400
2005-03-09,32.25,32.26,32.89,32.19,32.45,4728400
2005-03-10,32.65,32.65,32.74,32.07,32.38,4581600
2005-03-11,32.2,32.21,32.85,31.94,32.69,4915600
2005-03-14,32.66,32.67,32.78,32.3,32.38,3657200
2005-03-15,32.26,32.27,32.79,32.08,32.78,3852800
2005-03-16,31.59,31.59,32.4,31.33,32.33,4047400
2005-03-17,31.94,31.94,32.12,31.36,31.83,5629200
2005-03-18,33.9,33.9,34.15,32.13,32.65,20425000
2005-03-21,33.34,33.35,34.47,33.04,33.9,12055600
2005-03-22,33.17,33.18,33.85,33.17,33.42,6512400
2005-03-23,33.13,33.13,33.63,33.09,33.26,5008000
2005-03-24,33.27,33.27,33.67,33.27,33.63,3907000
2005-03-28,33.56,33.56,33.9,33.37,33.47,4709400
2005-03-29,33.11,33.11,33.92,32.88,33.42,5581400
2005-03-30,33.87,33.87,33.96,33.26,33.32,4752000
2005-03-31,33.58,33.58,34.0,33.56,33.92,4138600
2005-04-01,33.38,33.38,34.26,33.15,33.91,6981800
2005-04-04,33.29,33.29,33.54,32.76,33.42,6260400
2005-04-05,33.42,33.42,33.48,32.79,33.38,5713400
2005-04-06,34.05,34.05,34.44,33.4,33.56,5982800
2005-04-07,34.19,34.19,34.26,33.76,34.13,4335400
2005-04-08,33.63,33.63,34.3,33.53,34.24,4049600
2005-04-11,33.4,33.4,33.72,33.29,33.72,3609800
2005-04-12,33.45,33.45,33.45,32.83,33.44,4588000
2005-04-13,32.53,32.53,33.28,32.26,33.12,4979400
2005-04-14,31.74,31.74,32.62,31.55,32.54,5529000
2005-04-15,30.33,30.33,31.55,30.31,31.38,7890400
2005-04-18,27.39,27.39,28.0,26.57,28.0,41795200
2005-04-19,29.05,29.05,29.35,27.83,27.9,26307600
2005-04-20,28.62,28.62,29.74,28.32,29.65,13933800
2005-04-21,29.77,29.77,29.8,28.85,29.19,11075600
2005-04-22,30.15,30.15,30.25,29.34,29.65,11419600
2005-04-25,30.02,30.02,30.38,29.56,30.38,9964800
2005-04-26,29.56,29.56,30.38,29.49,29.88,7792000
2005-04-27,29.23,29.23,29.8,28.95,29.49,11080000
2005-04-28,29.24,29.24,29.5,28.78,28.99,8002000
2005-04-29,29.74,29.74,29.91,29.07,29.52,7494000
2005-05-02,28.58,28.58,30.11,28.27,29.87,15963400
2005-05-03,28.65,28.65,28.9,28.49,28.5,8433400
2005-05-04,28.77,28.77,29.11,28.66,28.9,5758800
2005-05-05,28.46,28.46,28.8,28.14,28.77,4862000
2005-05-06,28.85,28.85,28.98,28.47,28.76,4868800
2005-05-09,29.33,29.33,29.36,28.88,28.92,5780400
2005-05-10,28.76,28.76,29.17,28.55,29.03,6335000
2005-05-11,28.97,28.97,29.08,28.39,28.75,4784000
2005-05-12,28.89,28.89,29.24,28.56,29.04,4106000
2005-05-13,29.05,29.05,29.15,28.69,29.03,5264400
2005-05-16,29.95,29.95,30.02,29.34,29.49,5666000
2005-05-17,29.89,29.89,29.89,29.33,29.8,4477600
2005-05-18,30.55,30.55,30.69,29.73,29.95,6682200
2005-05-19,31.06,31.06,31.06,30.53,30.55,4286200
2005-05-20,31.11,31.11,31.24,30.83,31.0,4665800
2005-05-23,31.36,31.36,31.62,30.93,31.0,5379200
2005-05-24,32.42,32.42,32.5,31.27,31.42,6500200
2005-05-25,32.76,32.76,32.8,32.21,32.24,6436200
2005-05-26,33.1,33.1,33.18,32.3,32.96,7505900
2005-05-27,33.17,33.17,33.32,32.9,33.1,3499700
2005-05-31,33.12,33.12,33.19,32.79,32.98,4000100
2005-06-01,33.18,33.18,33.44,32.9,33.03,4614700
2005-06-02,33.09,33.09,33.31,32.88,33.23,4160300
2005-06-03,32.54,32.54,33.0,32.39,32.9,3092100
2005-06-06,32.45,32.45,32.72,32.21,32.44,3699100
2005-06-07,32.26,32.26,32.92,32.11,32.51,3782400
2005-06-08,32.26,32.26,32.67,32.2,32.46,3522400
2005-06-09,32.49,32.49,32.75,32.09,32.26,3479200
2005-06-10,31.13,31.13,32.69,29.9,32.59,19257900
2005-06-13,31.65,31.65,31.92,30.76,31.1,6660700
2005-06-14,31.98,31.98,32.0,31.63,31.84,2989400
2005-06-15,32.0,32.0,32.44,31.41,32.39,4741300
2005-06-16,32.41,32.41,32.5,31.86,32.03,6300600
2005-06-17,31.34,31.34,31.34,30.6,31.08,18865500
2005-06-20,31.09,31.09,31.59,31.09,31.11,4111700
2005-06-21,30.79,30.79,31.2,30.7,31.04,5542700
2005-06-22,30.56,30.56,30.96,30.34,30.86,7629900
2005-06-23,30.05,30.05,30.8,29.9,30.74,6166900
2005-06-24,29.24,29.24,30.09,29.18,29.95,5489800
2005-06-27,28.84,28.84,29.4,28.63,29.33,5500400
2005-06-28,28.7,28.7,29.05,28.25,29.04,7905000
2005-06-29,29.1,29.1,29.34,28.79,29.02,6851500
2005-06-30,28.61,28.61,29.29,28.49,29.25,5160600
2005-07-01,28.45,28.45,28.82,28.36,28.74,3144200
2005-07-05,27.98,27.98,28.69,27.94,28.34,6146800
2005-07-06,26.92,26.92,27.87,26.25,27.72,14953400
2005-07-07,27.51,27.51,27.84,26.6,26.67,10982300
2005-07-08,27.93,27.93,28.02,27.18,27.66,5595100
2005-07-11,27.99,27.99,28.04,27.43,27.75,6918600
2005-07-12,28.45,28.45,28.67,27.82,28.05,6189700
2005-07-13,29.05,29.05,29.21,28.5,28.62,8445100
2005-07-14,29.13,29.13,29.47,28.9,29.25,5066600
2005-07-15,28.9,28.9,29.37,28.65,29.25,5425600
2005-07-18,28.84,28.84,29.05,28.76,28.76,3865700
2005-07-19,29.31,29.31,29.42,28.37,29.28,5606200
2005-07-20,29.46,29.46,29.5,28.82,29.17,4380900
2005-07-21,29.53,29.53,29.68,29.07,29.32,5648400
2005-07-22,29.78,29.78,29.8,29.38,29.62,5627000
2005-07-25,29.65,29.65,29.97,29.55,29.8,5300200
2005-07-26,29.75,29.75,29.99,29.35,29.36,5506200
2005-07-27,29.82,29.82,29.91,29.51,29.71,4229600
2005-07-28,30.11,30.11,30.13,29.58,29.71,4637800
2005-07-29,29.64,29.64,30.4,29.54,30.14,4436600
2005-08-01,29.46,29.46,29.83,29.23,29.53,6102400
2005-08-02,28.62,28.62,28.93,27.76,28.37,9790200
2005-08-03,28.1,28.1,28.59,28.01,28.59,7664300
2005-08-04,27.03,27.03,28.01,26.9,27.88,11898900
2005-08-05,27.1,27.1,27.28,26.83,26.89,8451700
2005-08-08,26.74,26.74,27.25,26.5,27.21,7038900
2005-08-09,26.57,26.57,26.95,26.38,26.95,7377300
2005-08-10,25.91,25.91,26.71,25.8,26.62,7209900
2005-08-11,26.69,26.69,26.82,25.93,25.97,6132900
2005-08-12,26.84,26.84,26.87,26.42,26.57,4532200
2005-08-15,26.85,26.85,27.03,26.68,26.88,4644100
2005-08-16,26.18,26.18,26.9,26.01,26.84,5233500
2005-08-17,26.83,26.83,26.95,26.08,26.18,5301600
2005-08-18,26.6,26.6,27.08,26.57,26.83,5716900
2005-08-19,26.16,26.16,26.76,26.15,26.58,4132300
2005-08-22,26.18,26.18,26.37,26.0,26.2,3502200
2005-08-23,27.05,27.05,27.13,26.05,26.19,6003400
2005-08-24,28.03,28.03,28.23,26.87,26.98,9552800
2005-08-25,27.59,27.59,28.02,27.34,27.92,5339500
2005-08-26,27.53,27.53,27.65,27.26,27.48,3610900
2005-08-29,27.3,27.3,27.44,27.2,27.27,2736300
2005-08-30,27.12,27.12,27.24,26.79,27.24,4433400
2005-08-31,27.04,27.04,27.24,26.93,27.22,4153900
2005-09-01,26.83,26.83,27.21,26.74,26.92,4031900
2005-09-02,26.64,26.64,26.9,26.54,26.87,2554400
2005-09-06,27.35,27.35,27.42,26.7,26.75,4027400
2005-09-07,27.19,27.19,27.49,26.98,27.35,3226500
2005-09-08,27.61,27.61,28.1,27.43,28.0,3569100
2005-09-09,27.3,27.3,27.6,27.2,27.6,4055300
2005-09-12,27.25,27.25,27.71,27.17,27.4,5737400
2005-09-13,26.82,26.82,27.1,26.67,26.97,5484200
2005-09-14,27.19,27.19,27.56,26.68,27.0,5133000
2005-09-15,26.9,26.9,27.4,26.69,27.16,6986700
2005-09-16,29.43,29.43,29.58,27.8,27.81,20855500
2005-09-19,28.72,28.72,29.27,28.47,29.27,5557300
2005-09-20,27.74,27.74,28.83,27.7,28.69,4922900
2005-09-21,27.87,27.87,28.07,27.27,27.77,5661300
2005-09-22,27.88,27.88,28.09,27.16,27.69,4776100
2005-09-23,28.08,28.08,28.2,27.47,27.78,3470900
2005-09-26,28.15,28.15,28.64,28.02,28.22,3909300
2005-09-27,28.4,28.4,28.52,27.91,28.07,3602700
2005-09-28,29.02,29.02,29.48,28.44,28.53,7774700
2005-09-29,29.76,29.76,29.8,28.71,28.88,6218100
2005-09-30,29.85,29.85,29.99,29.25,29.55,5145000
2005-10-03,30.6,30.6,30.66,29.2,29.55,9487800
2005-10-04,29.94,29.94,30.48,29.81,29.84,6323700
2005-10-05,29.28,29.28,29.95,29.25,29.76,4889700
2005-10-06,28.94,28.94,29.4,28.69,29.28,5305700
2005-10-07,29.15,29.15,29.15,28.59,29.02,4588000
2005-10-10,29.09,29.09,29.64,28.93,29.04,5657800
2005-10-11,28.59,28.59,29.32,28.46,29.01,5470800
2005-10-12,28.29,28.29,28.92,28.16,28.47,5048900
2005-10-13,28.3,28.3,28.44,27.86,28.2,4861100
2005-10-14,29.94,29.94,30.03,28.53,28.61,8156800
2005-10-17,30.39,30.39,30.5,29.94,29.94,5949600
2005-10-18,30.36,30.36,30.63,30.25,30.37,4650800
2005-10-19,30.96,30.96,30.99,29.66,30.32,8092900
2005-10-20,30.48,30.48,31.04,30.34,30.96,6996200
2005-10-21,31.21,31.21,31.28,30.51,30.8,7835200
2005-10-24,32.35,32.35,32.36,30.94,31.01,7817800
2005-10-25,31.99,31.99,32.32,31.36,32.19,8857300
2005-10-26,32.88,32.88,33.64,32.0,32.21,14979100
2005-10-27,31.79,31.79,32.4,31.44,32.3,6973700
2005-10-28,32.31,32.31,32.36,31.87,32.2,5898000
2005-10-31,32.25,32.25,32.51,32.06,32.17,7293900
2005-11-01,32.8,32.8,32.86,31.8,31.83,4394900
2005-11-02,32.87,32.87,33.01,32.53,32.8,5298000
2005-11-03,32.68,32.68,32.99,32.26,32.98,5619400
2005-11-04,32.45,32.45,33.2,32.35,32.61,4553400
2005-11-07,32.49,32.49,32.66,32.26,32.59,3328800
2005-11-08,32.27,32.27,32.4,31.95,32.26,4243300
2005-11-09,32.43,32.43,32.6,32.12,32.33,2677300
2005-11-10,32.66,32.66,32.7,32.3,32.3,3545600
2005-11-11,32.91,32.91,33.1,32.54,32.54,2727500
2005-11-14,33.03,33.03,33.1,32.77,32.81,2630100
2005-11-15,32.85,32.85,33.39,32.69,32.81,5634400
2005-11-16,33.3,33.3,33.37,32.72,32.74,4248600
2005-11-17,33.8,33.8,33.8,33.05,33.05,4902700
2005-11-18,33.5,33.5,34.24,33.43,34.15,6211400
2005-11-21,33.33,33.33,33.67,32.89,33.64,3594700
2005-11-22,33.46,33.46,33.47,33.05,33.2,4386300
2005-11-23,33.86,33.86,33.92,33.35,33.43,3786700
2005-11-25,33.91,33.91,33.98,33.4,33.82,1417900
2005-11-28,33.21,33.21,33.93,33.14,33.73,4885900
2005-11-29,32.4,32.4,33.45,32.29,33.19,6036300
2005-11-30,32.61,32.61,32.95,32.09,32.3,5133400
2005-12-01,33.88,33.88,33.96,32.75,32.76,5233600
2005-12-02,34.97,34.97,35.68,33.82,33.98,18389400
2005-12-05,35.25,35.25,35.45,34.49,34.6,24980100
2005-12-06,36.99,36.99,37.25,35.7,35.7,15726200
2005-12-07,36.47,36.47,37.09,35.74,36.9,8746300
2005-12-08,36.13,36.13,36.74,35.66,36.74,4993000
2005-12-09,35.6,35.6,36.36,35.14,36.2,6159300
2005-12-12,35.26,35.26,36.49,34.84,35.69,7999300
2005-12-13,34.54,34.54,35.66,34.33,35.22,9613500
2005-12-14,34.52,34.52,34.99,34.29,34.44,5538400
2005-12-15,34.93,34.93,34.93,33.75,34.87,10824000
2005-12-16,38.82,38.82,39.34,36.93,36.98,28749600
2005-12-19,38.45,38.45,39.11,38.31,38.51,10341700
2005-12-20,38.07,38.07,38.4,37.45,38.12,8891900
2005-12-21,37.45,37.45,38.62,37.35,37.96,5592300
2005-12-22,37.45,37.45,37.91,36.92,37.45,4699200
2005-12-23,37.11,37.11,37.91,36.91,37.7,3496500
2005-12-27,36.94,36.94,37.65,36.86,37.45,2766900
2005-12-28,36.87,36.87,37.26,36.6,36.98,2472100
2005-12-29,36.92,36.92,37.35,36.83,36.95,3277800
2005-12-30,36.96,36.96,37.12,36.61,36.76,3348200
2006-01-03,38.52,38.52,38.8,36.13,37.2,12752600
2006-01-04,38.42,38.42,38.8,37.8,38.7,6941100
2006-01-05,38.07,38.07,38.49,37.54,38.26,6731300
2006-01-06,39.0,39.0,39.02,38.45,38.5,8117100
2006-01-09,38.38,38.38,39.06,37.87,39.05,6244300
2006-01-10,38.61,38.61,39.42,38.09,38.1,7480700
2006-01-11,39.33,39.33,39.73,38.5,39.14,6579400
2006-01-12,39.48,39.48,39.97,39.08,39.37,5970300
2006-01-13,38.84,38.84,39.9,38.53,39.64,4857400
2006-01-17,39.44,39.44,39.47,38.62,38.7,4217400
2006-01-18,39.73,39.73,40.1,38.78,38.95,5466500
2006-01-19,40.46,40.46,40.85,39.54,39.71,4450000
2006-01-20,38.43,38.43,40.62,38.27,40.54,6881500
2006-01-23,37.79,37.79,38.86,37.79,38.63,7288600
2006-01-24,39.13,39.13,39.3,37.89,37.95,5848100
2006-01-25,38.96,38.96,39.04,38.14,38.57,4718400
2006-01-26,38.77,38.77,39.45,38.22,39.15,4958300
2006-01-27,40.08,40.08,40.13,38.72,38.84,6414400
2006-01-30,39.35,39.35,40.19,39.16,39.91,4767600
2006-01-31,39.73,39.73,40.05,39.06,39.29,4903900
2006-02-01,40.51,40.51,40.59,39.17,39.32,4548500
2006-02-02,39.39,39.39,40.15,38.83,40.02,5782000
2006-02-03,39.2,39.2,39.44,38.38,39.15,3519400
2006-02-06,39.52,39.52,39.88,38.92,38.93,2741600
2006-02-07,39.26,39.26,39.98,38.87,39.29,3611400
2006-02-08,38.8,38.8,39.76,38.64,39.43,3797300
2006-02-09,38.12,38.12,38.92,37.93,38.8,3917500
2006-02-10,38.69,38.69,38.94,37.25,37.98,6634400
2006-02-13,38.19,38.19,39.06,37.62,38.35,4432000
2006-02-14,38.13,38.13,38.36,37.5,38.25,3617600
2006-02-15,37.65,37.65,38.48,37.05,37.97,4409200
2006-02-16,38.58,38.58,38.59,37.67,37.71,6382300
2006-02-17,37.8,37.8,38.69,37.68,38.4,3349500
2006-02-21,38.1,38.1,38.36,37.52,37.71,4945800
2006-02-22,38.76,38.76,39.07,38.09,38.26,3403400
2006-02-23,38.77,38.77,39.34,38.29,38.57,2946800
2006-02-24,38.34,38.34,39.01,38.09,38.76,2480600
2006-02-27,39.19,39.19,39.5,38.27,38.49,2846400
2006-02-28,38.55,38.55,39.14,38.2,38.93,3722900
2006-03-01,39.04,39.04,39.17,38.4,38.52,2789300
2006-03-02,38.81,38.81,39.26,38.5,38.8,2358100
2006-03-03,39.05,39.05,39.5,38.3,38.5,4552100
2006-03-06,38.43,38.43,39.31,38.2,39.05,2926900
2006-03-07,38.11,38.11,38.5,37.96,38.36,2961700
2006-03-08,37.78,37.78,38.24,37.49,37.99,2890000
2006-03-09,37.44,37.44,38.52,37.33,38.01,3284800
2006-03-10,37.21,37.21,37.89,36.6,37.2,3641400
2006-03-13,37.14,37.14,37.38,36.73,37.11,3518100
2006-03-14,37.4,37.4,38.01,36.96,37.1,3586200
2006-03-15,37.08,37.08,37.76,36.95,37.64,4335800
2006-03-16,35.93,35.93,37.35,35.91,37.0,6438900
2006-03-17,35.98,35.98,36.24,35.61,36.0,6477300
2006-03-20,36.55,36.55,36.88,35.94,36.03,3819200
2006-03-21,36.35,36.35,37.36,36.2,36.35,5120100
2006-03-22,36.62,36.62,36.86,36.18,36.7,5685000
2006-03-23,36.33,36.33,36.61,35.39,35.58,16921800
2006-03-24,36.49,36.49,36.85,36.12,36.33,5143400
2006-03-27,35.79,35.79,36.48,35.69,36.25,5469700
2006-03-28,35.52,35.52,36.15,35.31,35.81,5030600
2006-03-29,35.95,35.95,36.29,35.39,35.56,4559500
2006-03-30,35.31,35.31,36.37,35.2,36.37,10552500
2006-03-31,34.95,34.95,35.75,34.91,35.31,5032000
2006-04-03,35.7,35.7,36.2,34.97,35.18,4931500
2006-04-04,36.21,36.21,36.3,35.7,35.87,3711400
2006-04-05,35.99,35.99,36.27,35.88,36.14,3802000
2006-04-06,36.1,36.1,36.41,35.6,35.94,3077100
2006-04-07,36.95,36.95,37.21,36.1,36.1,6005600
2006-04-10,37.5,37.5,37.75,36.79,36.89,5597800
2006-04-11,37.28,37.28,37.65,37.0,37.35,3682400
2006-04-12,36.97,36.97,37.35,36.75,37.0,2682300
2006-04-13,36.83,36.83,37.15,36.64,36.88,3127100
2006-04-17,36.89,36.89,37.43,36.51,36.57,4478200
2006-04-18,37.35,37.35,37.57,36.5,36.94,3383300
2006-04-19,37.57,37.57,37.67,37.18,37.35,2542100
2006-04-20,37.68,37.68,38.24,37.0,37.79,2871500
2006-04-21,37.46,37.46,38.2,37.25,38.0,3546500
2006-04-24,37.2,37.2,37.52,36.9,37.43,2524800
2006-04-25,37.66,37.66,37.92,37.42,37.56,3876500
2006-04-26,38.15,38.15,38.37,37.65,37.81,3116100
2006-04-27,39.45,39.45,39.87,37.7,37.83,7724900
2006-04-28,39.2,39.2,39.78,39.2,39.47,7135100
2006-05-01,38.17,38.17,39.21,37.71,39.15,6126500
2006-05-02,38.35,38.35,39.05,38.25,38.35,6047000
2006-05-03,35.06,35.06,36.09,34.31,35.98,26880100
2006-05-04,34.32,34.32,35.0,33.82,34.95,11776400
2006-05-05,34.18,34.18,34.72,34.11,34.69,5556500
2006-05-08,33.69,33.69,34.4,33.62,34.18,4765100
2006-05-09,33.24,33.24,33.99,33.17,33.75,5894100
2006-05-10,33.38,33.38,33.87,33.1,33.16,5692100
2006-05-11,32.63,32.63,33.52,32.4,33.3,5574400
2006-05-12,31.92,31.92,32.59,31.58,32.26,3774800
2006-05-15,32.19,32.19,32.39,31.7,31.86,4183000
2006-05-16,32.3,32.3,32.93,32.22,32.7,6041000
2006-05-17,31.2,31.2,32.2,31.16,32.01,8507200
2006-05-18,30.17,30.17,31.43,29.95,31.35,11530700
2006-05-19,30.31,30.31,30.89,29.96,30.25,9014300
2006-05-22,29.91,29.91,30.35,29.75,30.1,6050900
2006-05-23,29.02,29.02,30.3,28.81,30.03,10165700
2006-05-24,29.27,29.27,29.87,28.78,29.01,8317100
2006-05-25,29.14,29.14,29.58,28.88,29.58,5931200
2006-05-26,28.98,28.98,29.34,28.79,29.32,4817200
2006-05-30,28.35,28.35,28.95,28.3,28.78,6254800
2006-05-31,28.63,28.63,28.84,28.42,28.47,10918400
2006-06-01,28.72,28.72,28.85,28.46,28.68,6657600
2006-06-02,29.0,29.0,29.2,28.75,28.97,6208300
2006-06-05,29.47,29.47,29.69,28.79,28.98,13922600
2006-06-06,29.84,29.84,29.98,29.25,29.5,9259700
2006-06-07,28.82,28.82,29.99,28.67,29.99,9093400
2006-06-08,27.85,27.85,29.03,27.5,28.47,11438300
2006-06-09,27.99,27.99,28.67,27.88,28.03,5666300
2006-06-12,28.84,28.84,29.39,28.31,28.69,9297600
2006-06-13,28.98,28.98,29.41,28.77,29.14,8449600
2006-06-14,28.57,28.57,29.1,28.35,29.1,7216000
2006-06-15,28.96,28.96,29.09,27.75,28.88,15317500
2006-06-16,29.12,29.12,29.93,28.59,28.67,30388500
2006-06-19,28.78,28.78,29.25,28.5,29.13,10921300
2006-06-20,29.53,29.53,29.83,28.77,28.77,6609700
2006-06-21,29.88,29.88,30.22,29.52,29.64,7332900
2006-06-22,30.79,30.79,30.91,29.94,30.5,11035300
2006-06-23,30.6,30.6,31.08,30.34,30.71,5483300
2006-06-26,30.69,30.69,30.9,30.34,30.57,3771800
2006-06-27,29.94,29.94,31.0,29.74,30.79,5527700
2006-06-28,30.06,30.06,30.22,29.53,30.2,4333800
2006-06-29,30.4,30.4,30.48,29.85,30.35,6956600
2006-06-30,30.36,30.36,30.9,30.33,30.82,3673300
2006-07-03,30.64,30.64,30.78,30.4,30.61,1246800
2006-07-05,29.86,29.86,30.52,29.54,30.31,4817000
2006-07-06,29.59,29.59,30.05,29.27,29.81,2568300
2006-07-07,29.42,29.42,29.66,28.94,29.42,4108900
2006-07-10,29.26,29.26,29.8,29.12,29.54,3097700
2006-07-11,29.55,29.55,29.7,28.9,28.98,4368900
2006-07-12,28.56,28.56,29.65,27.84,29.59,8428700
2006-07-13,28.1,28.1,28.67,27.69,28.25,6422000
2006-07-14,28.01,28.01,28.99,27.94,27.95,4003400
2006-07-17,27.59,27.59,28.1,27.2,27.85,4195500
2006-07-18,27.69,27.69,28.07,27.33,27.52,4542000
2006-07-19,28.41,28.41,28.69,27.58,27.62,4028000
2006-07-20,28.02,28.02,28.34,27.66,28.25,3660200
2006-07-21,27.65,27.65,28.09,27.59,27.83,4445200
2006-07-24,27.38,27.38,27.9,26.92,27.67,6525400
2006-07-25,27.22,27.22,27.63,26.7,27.33,6757100
2006-07-26,26.89,26.89,27.34,25.98,26.7,7015700
2006-07-27,26.47,26.47,27.35,26.44,26.93,4668800
2006-07-28,27.63,27.63,27.84,26.55,26.87,5565700
2006-07-31,28.51,28.51,28.56,27.23,27.53,5824400
2006-08-01,28.34,28.34,28.97,28.0,28.4,6898600
2006-08-02,32.28,32.28,32.58,29.99,30.0,12151100
2006-08-03,32.53,32.53,32.65,31.3,31.55,6407800
2006-08-04,31.72,31.72,32.74,31.5,32.6,5481600
2006-08-07,31.79,31.79,32.0,31.13,31.63,3815900
2006-08-08,31.95,31.95,32.7,31.71,32.01,4080200
2006-08-09,31.45,31.45,32.49,31.35,32.14,3558800
2006-08-10,32.2,32.2,32.37,31.44,31.53,3010100
2006-08-11,31.85,31.85,32.27,31.52,32.07,3479800
2006-08-14,32.51,32.51,32.89,31.9,32.19,3625900
2006-08-15,33.95,33.95,34.0,32.64,32.7,6188500
2006-08-16,33.99,33.99,34.12,33.28,34.0,4771400
2006-08-17,34.01,34.01,34.19,33.45,33.75,5097100
2006-08-18,34.07,34.07,34.55,33.76,34.0,4059100
2006-08-21,33.18,33.18,33.99,33.18,33.8,3575500
2006-08-22,32.78,32.78,33.47,32.31,33.17,5448000
2006-08-23,32.41,32.41,32.99,32.14,32.91,2674100
2006-08-24,32.63,32.63,32.77,32.27,32.73,1807000
2006-08-25,32.53,32.53,32.96,32.41,32.41,2143800
2006-08-28,32.86,32.86,33.0,32.26,32.43,2565100
2006-08-29,31.86,31.86,32.98,31.51,32.92,6086100
2006-08-30,32.05,32.05,32.13,31.75,31.81,4485900
2006-08-31,32.44,32.44,32.75,32.01,32.23,4030100
2006-09-01,32.33,32.33,33.04,32.0,32.44,2375400
2006-09-05,32.67,32.67,32.95,32.0,32.15,2343500
2006-09-06,32.72,32.72,32.87,32.0,32.4,3869100
2006-09-07,31.5,31.5,32.73,31.49,32.49,4359500
2006-09-08,31.81,31.81,32.14,31.01,31.6,3510100
2006-09-11,31.84,31.84,32.37,31.0,31.42,3426500
2006-09-12,32.77,32.77,32.99,31.41,31.79,3801100
2006-09-13,33.53,33.53,33.6,31.94,32.67,5773400
2006-09-14,33.65,33.65,33.81,32.95,33.54,8652700
2006-09-15,37.0,37.0,38.19,36.5,36.62,33444300
2006-09-18,37.51,37.51,37.77,36.23,36.23,9228200
2006-09-19,37.34,37.34,37.75,36.9,37.33,5716100
2006-09-20,37.7,37.7,37.81,37.28,37.33,7012000
2006-09-21,37.4,37.4,38.12,37.06,37.83,4671600
2006-09-22,37.06,37.06,37.73,36.56,37.4,5190800
2006-09-25,38.19,38.19,38.5,37.07,37.14,10304500
2006-09-26,37.67,37.67,38.5,37.62,38.19,5634200
2006-09-27,38.06,38.06,38.61,37.6,37.7,5003600
2006-09-28,38.33,38.33,38.6,37.58,38.22,3447900
2006-09-29,37.46,37.46,38.38,37.43,38.15,4248100
2006-10-02,37.0,37.0,37.82,36.8,37.54,3678100
2006-10-03,36.75,36.75,37.64,36.72,36.88,4116600
2006-10-04,37.76,37.76,37.91,36.69,36.75,6851500
2006-10-05,38.18,38.18,38.41,37.54,37.56,4271600
2006-10-06,38.15,38.15,38.3,37.57,38.25,3142200
2006-10-09,37.39,37.39,38.22,37.27,38.08,3835200
2006-10-10,37.77,37.77,37.98,37.23,37.43,3518600
2006-10-11,37.12,37.12,37.76,36.75,37.55,5059500
2006-10-12,38.21,38.21,38.26,37.14,37.25,5903300
2006-10-13,39.07,39.07,39.43,38.05,38.05,12661100
2006-10-16,38.25,38.25,38.8,38.14,38.75,5956100
2006-10-17,38.12,38.12,38.3,37.5,37.91,3523800
2006-10-18,38.53,38.53,38.88,37.98,38.47,3682000
2006-10-19,38.49,38.49,39.03,37.83,38.45,3913400
2006-10-20,38.2,38.2,38.79,37.75,38.52,3021000
2006-10-23,38.58,38.58,38.65,38.0,38.07,3502700
2006-10-24,38.09,38.09,38.59,37.7,38.5,5458300
2006-10-25,38.94,38.94,39.6,38.63,39.33,6393800
2006-10-26,39.36,39.36,39.61,38.65,39.2,5027100
2006-10-27,38.57,38.57,39.35,38.23,39.35,4635000
2006-10-30,38.03,38.03,38.74,37.91,38.54,3764200
2006-10-31,38.25,38.25,38.47,37.49,38.11,4244000
2006-11-01,37.76,37.76,38.59,37.28,38.4,4062800
2006-11-02,37.66,37.66,37.98,37.25,37.55,2879700
2006-11-03,37.75,37.75,37.95,37.27,37.64,2836900
2006-11-06,38.54,38.54,38.74,37.77,37.89,3555600
2006-11-07,39.61,39.61,39.97,38.45,38.96,6360400
2006-11-08,39.81,39.81,40.0,39.25,39.43,4519300
2006-11-09,39.69,39.69,39.98,39.51,39.81,2829800
2006-11-10,39.41,39.41,39.71,39.15,39.43,2407100
2006-11-13,40.09,40.09,40.23,38.89,39.2,4013800
2006-11-14,40.51,40.51,40.54,39.71,40.14,4286300
2006-11-15,41.39,41.39,41.59,40.55,40.67,5877700
2006-11-16,41.85,41.85,41.97,41.29,41.34,5229500
2006-11-17,41.45,41.45,41.54,40.95,41.49,6077600
2006-11-20,41.31,41.31,41.36,40.52,41.18,5105100
2006-11-21,42.55,42.55,42.75,41.92,41.96,8569400
2006-11-22,41.81,41.81,42.55,41.35,42.5,4403600
2006-11-24,41.54,41.54,41.85,41.33,41.47,1125700
2006-11-27,40.22,40.22,41.37,40.06,41.32,4048400
2006-11-28,39.91,39.91,40.09,39.47,39.93,3888400
2006-11-29,40.0,40.0,40.38,39.64,40.08,3909900
2006-11-30,40.16,40.16,40.69,39.5,39.7,5205700
2006-12-01,39.35,39.35,40.18,38.64,40.16,5062400
2006-12-04,39.29,39.29,40.0,39.07,39.54,3988500
2006-12-05,39.15,39.15,39.62,38.72,39.62,3600000
2006-12-06,38.54,38.54,39.43,38.33,39.15,4298000
2006-12-07,37.75,37.75,38.85,37.61,38.76,5653500
2006-12-08,38.88,38.88,39.39,37.99,38.15,5687500
2006-12-11,39.98,39.98,40.36,39.18,39.69,7320600
2006-12-12,39.97,39.97,40.09,39.34,39.95,4872200
2006-12-13,40.3,40.3,40.75,39.53,40.6,4541800
2006-12-14,40.81,40.81,41.59,40.05,40.46,12668000
2006-12-15,42.81,42.81,43.22,42.22,43.15,19193400
2006-12-18,41.29,41.29,42.55,41.05,42.45,7575000
2006-12-19,41.45,41.45,41.55,40.45,40.77,5763400
2006-12-20,41.87,41.87,42.44,41.6,42.29,5123500
2006-12-21,41.38,41.38,42.04,40.99,42.01,3064000
2006-12-22,40.75,40.75,41.62,40.58,41.32,2459400
2006-12-26,41.44,41.44,41.55,40.75,40.75,2332300
2006-12-27,41.79,41.79,41.89,41.35,41.76,2921000
2006-12-28,41.53,41.53,41.84,41.25,41.78,3036700
2006-12-29,41.12,41.12,41.8,41.0,41.36,2687200
2007-01-03,39.92,39.92,41.32,38.89,40.72,7126000
2007-01-04,40.82,40.82,41.0,39.43,39.88,4503700
2007-01-05,40.62,40.62,40.9,40.12,40.78,2730200
2007-01-08,40.45,40.45,40.97,40.13,40.41,5234800
2007-01-09,39.63,39.63,40.51,39.38,40.5,5672900
2007-01-10,39.22,39.22,39.59,38.73,39.15,5652600
2007-01-11,39.88,39.88,40.38,39.24,39.4,4358600
2007-01-12,39.96,39.96,40.2,39.5,39.65,3682900
2007-01-16,40.05,40.05,40.75,39.81,40.25,5154000
2007-01-17,40.2,40.2,40.55,39.8,40.03,3588200
2007-01-18,38.57,38.57,40.4,38.42,40.1,5253800
2007-01-19,38.4,38.4,38.57,37.5,38.32,8014400
2007-01-22,37.83,37.83,38.63,37.2,38.44,6619400
2007-01-23,37.52,37.52,37.96,37.37,37.65,4659000
2007-01-24,39.69,39.69,39.74,37.93,38.0,7193900
2007-01-25,39.13,39.13,39.97,38.84,39.72,5774000
2007-01-26,39.26,39.26,39.66,38.66,39.17,4162300
2007-01-29,39.35,39.35,39.75,38.91,39.4,3994000
2007-01-30,39.01,39.01,39.55,38.83,39.55,5017100
2007-01-31,38.87,38.87,39.13,38.28,38.88,4714500
2007-02-01,38.76,38.76,38.99,38.32,38.91,4656800
2007-02-02,38.97,38.97,39.21,38.42,39.05,3222700
2007-02-05,38.44,38.44,39.06,38.38,39.04,3153200
2007-02-06,38.46,38.46,39.2,38.0,39.08,6089100
2007-02-07,38.15,38.15,38.85,38.03,38.65,4215200
2007-02-08,38.05,38.05,38.4,37.93,38.18,3965100
2007-02-09,37.68,37.68,38.34,37.45,38.2,4413100
2007-02-12,38.09,38.09,38.19,37.47,37.99,6753800
2007-02-13,38.43,38.43,39.07,38.3,38.59,7579700
2007-02-14,38.6,38.6,38.7,38.42,38.44,10016000
2007-02-15,39.25,39.25,39.3,38.34,38.72,5954600
2007-02-16,40.27,40.27,40.43,39.22,39.48,9257600
2007-02-20,40.74,40.74,40.76,39.5,40.09,5092100
2007-02-21,40.95,40.95,41.04,40.51,40.52,5482200
2007-02-22,40.81,40.81,41.1,40.23,40.97,4425800
2007-02-23,40.63,40.63,40.96,40.24,40.9,3388600
2007-02-26,40.74,40.74,40.99,40.13,40.65,3723600
2007-02-27,38.92,38.92,40.44,38.64,40.16,8081800
2007-02-28,39.25,39.25,39.62,38.21,38.21,6130400
2007-03-01,39.26,39.26,39.64,38.3,38.5,5726400
2007-03-02,38.66,38.66,39.83,38.65,38.8,6431600
2007-03-05,38.52,38.52,39.4,38.3,38.4,5129400
2007-03-06,39.04,39.04,39.4,38.58,39.05,6103400
2007-03-07,38.74,38.74,39.27,38.58,38.7,4392800
2007-03-08,39.08,39.08,39.35,38.96,39.2,4564600
2007-03-09,39.17,39.17,39.48,38.9,39.47,3252700
2007-03-12,39.64,39.64,39.7,39.0,39.01,3340100
2007-03-13,38.65,38.65,39.6,38.65,39.31,5787100
2007-03-14,39.3,39.3,39.31,38.4,38.57,4359100
2007-03-15,38.62,38.62,39.52,38.57,39.25,5087700
2007-03-16,39.17,39.17,39.56,38.2,38.2,7545200
2007-03-19,40.24,40.24,40.57,39.6,39.8,4909900
2007-03-20,40.74,40.74,41.12,40.02,40.4,8529700
2007-03-21,43.3,43.3,43.3,42.03,42.6,18238600
2007-03-22,42.86,42.86,43.1,42.62,42.88,10115900
2007-03-23,42.79,42.79,43.09,42.56,43.0,6467400
2007-03-26,43.16,43.16,43.31,42.14,42.94,6614500
2007-03-27,42.9,42.9,43.95,42.69,43.54,7792700
2007-03-28,41.58,41.58,42.79,41.55,42.6,11530200
2007-03-29,41.53,41.53,42.21,40.78,42.21,8960300
2007-03-30,41.7,41.7,41.77,40.89,41.37,5511700
2007-04-02,41.65,41.65,41.92,41.03,41.56,5393800
2007-04-03,42.35,42.35,42.66,41.9,42.06,7131400
2007-04-04,42.7,42.7,42.7,42.1,42.11,4520600
2007-04-05,42.61,42.61,42.88,42.08,42.69,4781700
2007-04-09,42.7,42.7,42.96,42.34,42.75,3474400
2007-04-10,43.0,43.0,43.06,42.6,42.64,4020000
2007-04-11,42.1,42.1,43.0,41.88,42.85,4706300
2007-04-12,42.4,42.4,42.49,41.86,42.11,3639300
2007-04-13,41.64,41.64,42.2,41.17,42.2,7802500
2007-04-16,42.4,42.4,42.9,42.23,42.83,7416300
2007-04-17,43.0,43.0,43.01,41.88,42.53,6449300
2007-04-18,42.97,42.97,43.08,42.37,42.83,5553500
2007-04-19,42.39,42.39,42.78,42.1,42.66,4728800
2007-04-20,42.14,42.14,43.0,42.0,42.94,7892100
2007-04-23,42.16,42.16,42.4,42.02,42.19,4665900
2007-04-24,42.5,42.5,42.73,42.02,42.23,4746000
2007-04-25,42.71,42.71,42.83,42.16,42.65,4254800
2007-04-26,43.26,43.26,43.55,42.39,42.54,8179100
2007-04-27,42.89,42.89,43.66,42.49,43.02,5435800
2007-04-30,41.56,41.56,42.97,41.56,42.75,6962200
2007-05-01,41.73,41.73,41.87,40.82,41.67,5909400
2007-05-02,41.51,41.51,41.85,41.44,41.65,5275200
2007-05-03,41.2,41.2,41.75,41.09,41.6,4452600
2007-05-04,41.33,41.33,41.7,41.06,41.5,3554500
2007-05-07,41.31,41.31,41.59,41.01,41.33,3836300
2007-05-08,41.37,41.37,41.58,40.91,41.51,6516500
2007-05-09,41.26,41.26,41.46,40.8,41.2,8179500
2007-05-10,40.66,40.66,41.56,40.58,41.1,7098000
2007-05-11,41.7,41.7,41.83,40.67,40.91,9704100
2007-05-14,41.81,41.81,42.47,41.38,41.75,8094900
2007-05-15,41.37,41.37,42.23,41.11,41.98,6743700
2007-05-16,42.29,42.29,42.29,41.61,41.74,7193400
2007-05-17,42.42,42.42,42.89,41.73,42.12,8927200
2007-05-18,43.59,43.59,43.62,42.37,42.55,9544200
2007-05-21,43.25,43.25,44.0,43.03,43.94,6628600
2007-05-22,43.59,43.59,44.0,43.21,43.21,5495500
2007-05-23,43.23,43.23,43.8,43.15,43.6,4334100
2007-05-24,41.99,41.99,43.4,41.68,43.35,7227200
2007-05-25,42.38,42.38,42.59,42.08,42.22,3633000
2007-05-29,42.87,42.87,43.26,42.34,42.34,5429900
2007-05-30,43.22,43.22,43.22,42.2,42.47,4574500
2007-05-31,44.06,44.06,44.92,43.65,43.95,8689800
2007-06-01,44.53,44.53,44.88,44.12,44.15,4932400
2007-06-04,44.58,44.58,44.76,44.01,44.48,4132800
2007-06-05,44.34,44.34,44.5,43.95,44.33,4667300
2007-06-06,43.64,43.64,44.19,43.43,44.19,5220000
2007-06-07,42.72,42.72,43.7,42.52,43.39,5676700
2007-06-08,43.04,43.04,43.11,42.45,42.45,5390200
2007-06-11,42.99,42.99,43.53,42.86,43.2,5431500
2007-06-12,42.73,42.73,43.39,42.45,42.6,5659200
2007-06-13,44.11,44.11,44.13,42.9,43.16,7711800
2007-06-14,43.96,43.96,44.5,43.65,44.3,11963300
2007-06-15,42.75,42.75,44.5,42.43,44.43,21342400
2007-06-18,42.67,42.67,42.94,42.35,42.65,5937400
2007-06-19,42.48,42.48,42.75,42.15,42.3,4917400
2007-06-20,41.37,41.37,42.54,41.3,42.41,8754900
2007-06-21,41.53,41.53,41.89,40.5,41.27,7481100
2007-06-22,40.84,40.84,41.62,40.62,41.3,6877100
2007-06-25,40.34,40.34,41.11,40.17,40.84,7579400
2007-06-26,39.84,39.84,40.12,39.25,40.03,14366100
2007-06-27,40.47,40.47,40.51,39.79,39.97,7707800
2007-06-28,40.42,40.42,40.78,39.99,40.36,8004600
2007-06-29,40.15,40.15,40.66,39.82,40.56,6536600
2007-07-02,40.16,40.16,40.34,39.87,40.15,5349200
2007-07-03,40.71,40.71,40.76,40.14,40.16,3545700
2007-07-05,40.93,40.93,41.01,40.08,40.8,5362800
2007-07-06,41.02,41.02,41.2,40.63,41.0,4612400
2007-07-09,40.72,40.72,40.98,40.42,40.97,5482800
2007-07-10,40.36,40.36,40.73,40.28,40.6,4472100
2007-07-11,40.84,40.84,40.97,40.2,40.27,4827400
2007-07-12,41.55,41.55,41.55,40.6,40.94,7919600
2007-07-13,41.18,41.18,41.5,40.84,41.35,4513100
2007-07-16,41.06,41.06,41.26,40.85,41.04,4075800
2007-07-17,41.46,41.46,41.74,40.82,41.1,6272600
2007-07-18,41.41,41.41,41.81,40.91,41.25,8028500
2007-07-19,42.2,42.2,42.54,41.31,41.31,9162600
2007-07-20,41.64,41.64,42.5,41.2,42.41,8530900
2007-07-23,42.36,42.36,42.85,41.79,41.87,8853700
2007-07-24,41.78,41.78,42.73,41.65,42.17,6720600
2007-07-25,41.72,41.72,42.12,41.41,41.97,5081700
2007-07-26,41.19,41.19,42.0,40.3,41.15,8102300
2007-07-27,40.39,40.39,41.21,40.26,41.21,8914800
2007-07-30,40.89,40.89,41.09,40.13,40.79,8400500
2007-07-31,40.29,40.29,41.3,40.11,41.02,8404100
2007-08-01,39.58,39.58,40.49,38.57,40.29,15048500
2007-08-02,39.52,39.52,39.8,39.05,39.4,6714400
2007-08-03,38.75,38.75,39.66,38.7,39.47,7005100
2007-08-06,39.38,39.38,39.77,38.54,38.71,7147600
2007-08-07,39.42,39.42,39.91,38.61,39.08,6868500
2007-08-08,40.23,40.23,40.67,39.5,39.61,6291900
2007-08-09,40.75,40.75,41.74,39.86,39.9,7370400
2007-08-10,41.06,41.06,41.62,40.1,41.3,6520400
2007-08-13,40.83,40.83,41.13,40.26,41.0,4825100
2007-08-14,40.41,40.41,41.05,40.18,41.01,4473000
2007-08-15,40.18,40.18,41.25,40.12,40.22,5243300
2007-08-16,39.96,39.96,40.56,39.28,39.83,6648800
2007-08-17,40.32,40.32,40.48,39.32,40.18,9159800
2007-08-20,40.74,40.74,40.85,39.94,40.55,4379900
2007-08-21,40.13,40.13,40.95,39.87,40.41,4788600
2007-08-22,40.77,40.77,41.0,40.2,40.4,4412000
2007-08-23,40.6,40.6,40.99,40.33,40.82,3601800
2007-08-24,40.41,40.41,40.65,39.8,40.5,6490800
2007-08-27,40.81,40.81,41.11,40.25,40.38,4675000
2007-08-28,40.87,40.87,41.64,40.66,40.66,6711000
2007-08-29,42.25,42.25,42.36,41.13,41.39,7249600
2007-08-30,42.22,42.22,43.04,41.9,42.2,5807700
2007-08-31,42.75,42.75,42.99,42.51,42.75,4191400
2007-09-04,43.45,43.45,43.75,42.68,42.75,5810700
2007-09-05,43.75,43.75,43.9,43.22,43.22,5658700
2007-09-06,43.72,43.72,43.99,43.5,43.91,3718100
2007-09-07,42.96,42.96,43.42,42.53,43.34,5277000
2007-09-10,43.22,43.22,43.8,43.03,43.14,5199800
2007-09-11,43.74,43.74,43.78,43.32,43.39,4756100
2007-09-12,43.78,43.78,43.99,43.4,43.68,4094500
2007-09-13,43.31,43.31,44.0,42.97,43.99,6436900
2007-09-14,43.41,43.41,43.65,42.9,43.07,5057500
2007-09-17,43.06,43.06,43.75,42.55,43.71,12499300
2007-09-18,43.71,43.71,44.8,42.91,44.51,20897500
2007-09-19,43.83,43.83,44.08,43.3,43.55,11192100
2007-09-20,42.8,42.8,44.0,42.44,43.64,12614200
2007-09-21,41.95,41.95,43.37,41.71,42.91,13267000
2007-09-24,41.5,41.5,42.29,41.26,41.76,11032300
2007-09-25,42.74,42.74,43.0,41.26,41.26,11945900
2007-09-26,43.41,43.41,44.0,42.69,43.09,10196100
2007-09-27,43.45,43.45,43.65,43.11,43.5,5023800
2007-09-28,43.66,43.66,43.94,43.39,43.64,5847500
2007-10-01,44.0,44.0,44.15,42.94,43.89,6104500
2007-10-02,44.23,44.23,44.49,43.75,44.05,5045800
2007-10-03,43.98,43.98,44.36,43.77,43.98,5511900
2007-10-04,44.25,44.25,44.49,43.84,44.0,7487500
2007-10-05,44.64,44.64,44.8,44.1,44.4,7248000
2007-10-08,44.99,44.99,45.0,44.4,44.64,5424900
2007-10-09,44.97,44.97,45.35,44.41,45.0,7259300
2007-10-10,45.58,45.58,45.69,44.64,44.9,7339500
2007-10-11,45.49,45.49,46.19,45.37,45.75,11532800
2007-10-12,46.12,46.12,46.32,45.39,45.89,5627300
2007-10-15,45.71,45.71,46.04,45.22,45.91,5751000
2007-10-16,45.67,45.67,45.88,45.34,45.65,5272000
2007-10-17,45.97,45.97,46.32,45.17,45.84,7207000
2007-10-18,47.11,47.11,47.43,45.76,45.97,8384800
2007-10-19,46.27,46.27,47.52,46.25,47.08,9980200
2007-10-22,47.12,47.12,47.16,46.0,46.22,5481600
2007-10-23,47.75,47.75,47.81,47.0,47.26,5460300
2007-10-24,48.0,48.0,48.0,46.71,47.55,6642000
2007-10-25,47.2,47.2,48.47,46.9,48.01,7042600
2007-10-26,47.0,47.0,48.0,46.73,47.71,6726500
2007-10-29,47.0,47.0,47.26,46.42,47.2,6132000
2007-10-30,47.55,47.55,47.8,47.15,47.39,5106100
2007-10-31,47.9,47.9,47.9,46.81,47.45,6175600
2007-11-01,46.92,46.92,47.86,46.89,47.75,5657800
2007-11-02,47.88,47.88,48.0,47.08,47.49,6579500
2007-11-05,47.7,47.7,47.88,46.9,47.58,5202000
2007-11-06,47.63,47.63,48.27,47.1,47.85,5025100
2007-11-07,46.17,46.17,47.31,46.17,47.15,6622200
2007-11-08,45.03,45.03,46.19,44.02,46.1,11533900
2007-11-09,43.24,43.24,44.13,43.05,43.84,10345700
2007-11-12,42.19,42.19,43.34,42.13,43.34,9918600
2007-11-13,40.86,40.86,41.36,39.56,41.0,32004300
2007-11-14,41.02,41.02,42.06,40.59,41.35,13247100
2007-11-15,40.82,40.82,41.69,40.53,41.0,9575800
2007-11-16,42.19,42.19,42.52,41.13,41.4,16459600
2007-11-19,42.47,42.47,42.85,41.75,41.95,10280100
2007-11-20,42.3,42.3,42.8,41.53,42.71,7339800
2007-11-21,41.84,41.84,42.44,41.47,41.87,4771600
2007-11-23,41.91,41.91,42.0,41.27,41.9,1747100
2007-11-26,40.9,40.9,41.99,40.81,41.69,6202200
2007-11-27,41.07,41.07,41.58,40.4,41.03,6877100
2007-11-28,42.03,42.03,42.36,41.07,41.3,6275000
2007-11-29,42.75,42.75,42.96,42.0,42.18,5094500
2007-11-30,42.14,42.14,43.14,41.8,43.01,6717000
2007-12-03,42.69,42.69,43.1,41.85,41.87,9153400
2007-12-04,43.32,43.32,43.65,42.22,42.22,6540200
2007-12-05,43.9,43.9,44.29,43.61,43.93,5883900
2007-12-06,44.54,44.54,44.64,43.71,44.2,5545300
2007-12-07,44.37,44.37,44.54,43.87,44.3,3709400
2007-12-10,44.62,44.62,44.79,44.24,44.5,4767300
2007-12-11,43.27,43.27,44.7,43.0,44.49,7853300
2007-12-12,43.54,43.54,44.19,42.94,43.87,6304500
2007-12-13,43.9,43.9,44.09,43.48,43.5,4995600
2007-12-14,42.11,42.11,43.75,41.97,43.6,9509200
2007-12-17,40.9,40.9,41.94,40.59,41.79,12301900
2007-12-18,42.03,42.03,43.97,41.58,42.17,17588300
2007-12-19,41.87,41.87,42.25,41.36,42.09,7207800
2007-12-20,42.17,42.17,42.36,41.55,41.94,6227400
2007-12-21,42.18,42.18,42.65,41.66,42.53,10437900
2007-12-24,42.84,42.84,43.12,42.2,42.77,3104000
2007-12-26,43.12,43.12,43.24,42.71,43.1,4655600
2007-12-27,42.34,42.34,43.19,42.25,43.11,4286600
2007-12-28,42.93,42.93,43.05,42.53,42.81,4098400
2007-12-31,42.73,42.73,43.14,42.5,42.58,3416700
2008-01-02,41.71,41.71,43.25,41.45,42.9,6047700
2008-01-03,41.79,41.79,42.21,41.5,41.55,5186700
2008-01-04,40.36,40.36,41.49,40.01,41.3,8938700
2008-01-07,40.24,40.24,40.75,39.68,40.39,7757600
2008-01-08,39.22,39.22,40.19,39.19,39.9,8896200
2008-01-09,39.46,39.46,39.62,38.92,39.41,9059100
2008-01-10,39.25,39.25,39.5,38.69,39.34,8393300
2008-01-11,38.05,38.05,39.19,37.92,38.84,10801200
2008-01-14,38.48,38.48,38.64,38.03,38.48,7212600
2008-01-15,37.92,37.92,38.42,37.74,38.08,7776000
2008-01-16,37.7,37.7,38.37,37.46,37.75,8595200
2008-01-17,35.55,35.55,37.52,34.9,37.19,16896300
2008-01-18,35.33,35.33,36.01,34.8,35.04,13735800
2008-01-22,34.0,34.0,34.49,32.99,33.01,10188900
2008-01-23,34.35,34.35,34.48,32.61,33.21,10292400
2008-01-24,34.64,34.64,34.7,33.56,33.56,7290400
2008-01-25,34.84,34.84,35.62,34.72,34.98,9220200
2008-01-28,35.15,35.15,35.32,34.8,35.22,5746400
2008-01-29,35.54,35.54,35.85,34.77,35.4,5445400
2008-01-30,35.94,35.94,36.45,35.21,35.54,8767300
2008-01-31,34.93,34.93,35.13,33.44,33.87,16394600
2008-02-01,34.48,34.48,34.99,33.44,34.67,12343100
2008-02-04,35.21,35.21,35.46,34.51,34.55,7861500
2008-02-05,33.96,33.96,34.76,33.79,33.99,7366800
2008-02-06,32.76,32.76,34.69,32.41,34.48,13228200
2008-02-07,32.62,32.62,33.07,32.08,32.41,13594100
2008-02-08,33.19,33.19,33.28,32.18,32.65,9771200
2008-02-11,33.84,33.84,34.14,33.15,33.28,9909400
2008-02-12,34.38,34.38,35.02,33.91,33.95,9894800
2008-02-13,35.0,35.0,35.36,34.42,34.69,9843400
2008-02-14,34.96,34.96,35.21,34.67,35.2,6616600
2008-02-15,34.67,34.67,34.95,34.21,34.93,5665200
2008-02-19,34.9,34.9,35.53,34.8,35.41,6413100
2008-02-20,35.05,35.05,35.28,34.25,34.35,6438600
2008-02-21,34.78,34.78,35.53,34.67,35.14,6057000
2008-02-22,35.09,35.09,35.19,34.46,34.85,5974300
2008-02-25,35.54,35.54,35.85,35.01,35.08,8105100
2008-02-26,35.87,35.87,36.46,35.44,35.61,6541500
2008-02-27,35.46,35.46,35.83,35.02,35.48,6385200
2008-02-28,35.34,35.34,35.7,34.97,35.3,5330500
2008-02-29,33.65,33.65,34.92,33.48,34.91,12307400
2008-03-03,32.86,32.86,33.68,32.53,33.49,12553200
2008-03-04,33.07,33.07,33.12,32.43,32.84,8178800
2008-03-05,32.42,32.42,33.08,32.01,33.0,10868700
2008-03-06,32.47,32.47,33.11,32.21,32.4,7411400
2008-03-07,32.55,32.55,33.28,32.04,32.59,7287400
2008-03-10,31.94,31.94,32.99,31.92,32.6,8201400
2008-03-11,32.6,32.6,32.61,31.79,32.25,9612200
2008-03-12,33.34,33.34,34.23,32.89,33.17,8843200
2008-03-13,33.3,33.3,33.59,32.52,32.98,5875900
2008-03-14,32.61,32.61,33.71,32.24,32.81,7040400
2008-03-17,30.79,30.79,32.49,30.7,32.0,15095600
2008-03-18,31.88,31.88,31.9,31.1,31.53,12183700
2008-03-19,34.75,34.75,36.13,33.76,33.78,25122000
2008-03-20,34.45,34.45,35.5,34.25,34.82,12402200
2008-03-24,36.1,36.1,36.49,34.51,34.64,10783000
2008-03-25,36.54,36.54,36.65,35.81,36.58,8940000
2008-03-26,37.2,37.2,37.34,35.96,36.51,11395700
2008-03-27,35.68,35.68,37.12,35.68,37.12,7345900
2008-03-28,35.33,35.33,36.63,35.2,36.12,7229300
2008-03-31,35.59,35.59,35.9,35.3,35.69,8015500
2008-04-01,37.25,37.25,37.32,36.37,36.56,9317900
2008-04-02,36.5,36.5,37.52,36.2,37.38,8682900
2008-04-03,37.01,37.01,37.11,36.32,36.49,7608500
2008-04-04,36.97,36.97,37.35,36.63,37.0,5143300
2008-04-07,36.92,36.92,37.45,36.8,36.83,5811400
2008-04-08,36.83,36.83,37.19,36.51,36.64,4615900
2008-04-09,36.32,36.32,36.94,35.99,36.9,4304300
2008-04-10,37.09,37.09,37.19,36.0,36.08,8412500
2008-04-11,35.98,35.98,37.0,35.88,37.0,7464200
2008-04-14,36.29,36.29,36.62,35.73,35.95,5551400
2008-04-15,35.75,35.75,36.54,35.36,36.29,8108000
2008-04-16,36.42,36.42,36.54,35.46,36.1,10961500
2008-04-17,36.07,36.07,36.93,35.66,36.61,5755800
2008-04-18,36.27,36.27,36.99,36.08,36.99,8839300
2008-04-21,36.66,36.66,36.73,35.85,36.06,5040300
2008-04-22,36.17,36.17,36.74,35.61,36.73,8197500
2008-04-23,36.83,36.83,36.91,36.21,36.5,6037300
2008-04-24,37.43,37.43,37.79,36.41,36.77,5846700
2008-04-25,36.89,36.89,37.58,36.32,37.41,4628300
2008-04-28,37.18,37.18,37.51,36.65,37.02,5017000
2008-04-29,37.76,37.76,37.94,36.93,37.0,5444500
2008-04-30,37.29,37.29,38.1,37.28,37.79,4877400
2008-05-01,39.01,39.01,39.22,37.9,38.34,7222100
2008-05-02,40.38,40.38,40.41,39.12,39.23,8929400
2008-05-05,40.15,40.15,40.47,39.79,40.39,5761600
2008-05-06,40.25,40.25,40.45,39.53,40.15,4972300
2008-05-07,39.24,39.24,40.58,39.11,40.25,5310700
2008-05-08,40.0,40.0,40.15,39.11,39.49,5376200
2008-05-09,39.89,39.89,40.17,39.25,39.63,2800700
2008-05-12,40.44,40.44,40.5,39.35,39.83,4276600
2008-05-13,40.59,40.59,40.75,39.8,40.44,4722500
2008-05-14,40.94,40.94,41.51,40.59,40.71,4916100
2008-05-15,42.0,42.0,42.08,40.6,40.82,6364400
2008-05-16,42.26,42.26,42.45,41.71,42.17,5987200
2008-05-19,42.6,42.6,43.23,42.04,42.11,7216300
2008-05-20,41.66,41.66,42.02,41.02,41.44,6839200
2008-05-21,40.95,40.95,41.96,40.8,41.59,5445500
2008-05-22,41.4,41.4,41.66,40.82,40.88,3409400
2008-05-23,41.25,41.25,41.53,40.88,40.88,3645400
2008-05-27,41.99,41.99,42.1,41.05,41.16,4002200
2008-05-28,42.84,42.84,43.0,42.3,43.0,5750000
2008-05-29,43.8,43.8,44.08,42.75,42.75,6736600
2008-05-30,44.06,44.06,44.38,43.68,43.96,5842500
2008-06-02,43.46,43.46,44.24,42.76,43.97,5083100
2008-06-03,43.53,43.53,44.21,43.0,43.42,5405100
2008-06-04,44.25,44.25,44.66,43.31,43.6,4684700
2008-06-05,43.89,43.89,44.01,42.8,43.47,7158700
2008-06-06,42.3,42.3,43.6,42.3,43.6,5927900
2008-06-09,42.47,42.47,42.75,41.66,42.58,4553700
2008-06-10,41.74,41.74,42.36,41.47,42.36,5694400
2008-06-11,40.77,40.77,41.94,40.65,41.55,6523200
2008-06-12,40.99,40.99,41.59,40.6,40.88,5353400
2008-06-13,42.71,42.71,43.15,41.73,41.92,6345900
2008-06-16,42.85,42.85,43.11,42.08,42.32,6887300
2008-06-17,41.4,41.4,42.65,41.36,41.83,9027600
2008-06-18,40.94,40.94,41.54,40.71,40.81,6306400
2008-06-19,42.0,42.0,42.19,40.34,40.78,5714700
2008-06-20,40.55,40.55,41.76,40.33,41.54,8423200
2008-06-23,40.37,40.37,40.91,40.12,40.9,4999200
2008-06-24,41.38,41.38,41.81,40.7,40.86,6783600
2008-06-25,42.34,42.34,42.7,41.5,41.78,6023300
2008-06-26,40.83,40.83,41.93,40.78,41.89,7001400
2008-06-27,39.8,39.8,40.94,39.5,40.94,11824500
2008-06-30,39.39,39.39,39.99,39.28,39.63,6542300
2008-07-01,40.38,40.38,40.41,39.0,39.23,10247400
2008-07-02,39.81,39.81,41.3,39.81,40.54,7182600
2008-07-03,40.39,40.39,40.65,39.81,40.28,3387300
2008-07-07,39.72,39.72,40.86,38.81,39.79,8583900
2008-07-08,39.64,39.64,39.78,38.73,39.46,8355900
2008-07-09,38.23,38.23,39.74,38.23,39.49,6353000
2008-07-10,39.61,39.61,39.76,38.23,38.29,7147600
2008-07-11,39.24,39.24,40.2,38.69,39.1,6971500
2008-07-14,38.38,38.38,39.88,38.37,39.88,6995600
2008-07-15,39.83,39.83,40.53,37.75,39.09,10799100
2008-07-16,41.05,41.05,41.1,39.5,39.77,6940500
2008-07-17,41.54,41.54,41.71,40.65,40.93,5148300
2008-07-18,41.98,41.98,42.19,40.75,41.17,6190500
2008-07-21,41.16,41.16,41.94,40.7,41.87,5162100
2008-07-22,40.3,40.3,40.96,39.6,40.9,9957200
2008-07-23,41.82,41.82,42.34,40.63,40.72,10085000
2008-07-24,40.72,40.72,41.27,40.43,41.0,5533000
2008-07-25,40.9,40.9,41.42,40.6,41.07,5147700
2008-07-28,39.96,39.96,41.05,39.72,40.8,3895800
2008-07-29,41.01,41.01,41.32,40.17,40.24,5805100
2008-07-30,41.22,41.22,41.68,40.62,41.34,4989200
2008-07-31,41.35,41.35,41.93,40.58,40.93,6238600
2008-08-01,41.22,41.22,41.78,40.28,41.78,5907800
2008-08-04,41.29,41.29,41.64,40.61,41.44,3643400
2008-08-05,43.34,43.34,43.41,41.33,41.35,8839100
2008-08-06,43.53,43.53,43.77,42.61,43.1,6197900
2008-08-07,43.22,43.22,43.95,42.93,43.07,5956700
2008-08-08,45.15,45.15,45.34,43.34,43.4,8615800
2008-08-11,45.89,45.89,46.04,44.82,45.15,6081200
2008-08-12,45.62,45.62,46.44,45.54,45.91,8002000
2008-08-13,45.89,45.89,46.44,45.42,45.62,5299400
2008-08-14,45.36,45.36,45.69,45.01,45.48,6526100
2008-08-15,45.11,45.11,45.87,44.65,45.56,4432600
2008-08-18,44.1,44.1,44.97,43.75,44.79,7454200
2008-08-19,43.73,43.73,44.75,43.4,43.97,5218000
2008-08-20,44.28,44.28,44.72,43.66,44.03,4017800
2008-08-21,44.51,44.51,44.78,43.44,43.76,5308900
2008-08-22,44.91,44.91,45.09,44.5,44.88,4088800
2008-08-25,43.67,43.67,44.75,43.5,44.52,4250700
2008-08-26,43.36,43.36,43.84,43.12,43.73,5226600
2008-08-27,44.15,44.15,44.61,43.46,43.5,3737900
2008-08-28,44.31,44.31,44.74,44.07,44.27,4067400
2008-08-29,42.83,42.83,44.01,42.75,43.97,6947200
2008-09-02,42.85,42.85,44.16,42.59,43.83,6307000
2008-09-03,43.14,43.14,43.47,42.6,42.92,5380800
2008-09-04,42.19,42.19,43.99,42.19,43.67,6416700
2008-09-05,40.91,40.91,41.83,40.5,41.37,10903200
2008-09-08,41.61,41.61,41.73,40.22,40.49,7133300
2008-09-09,40.79,40.79,42.47,40.75,41.87,5914300
2008-09-10,40.73,40.73,41.35,40.45,41.35,4945200
2008-09-11,41.05,41.05,41.1,40.04,40.25,5504200
2008-09-12,40.47,40.47,40.9,39.9,40.9,7959800
2008-09-15,38.08,38.08,40.4,38.08,40.4,9701800
2008-09-16,38.14,38.14,39.15,36.15,38.51,11835200
2008-09-17,36.23,36.23,39.69,36.23,39.05,12494900
2008-09-18,39.65,39.65,45.26,37.17,37.66,12021000
2008-09-19,40.94,40.94,41.39,38.0,40.65,10298400
2008-09-22,39.23,39.23,41.0,39.17,40.78,4883100
2008-09-23,38.85,38.85,40.26,38.7,39.61,6523100
2008-09-24,39.45,39.45,40.01,39.0,39.06,4636000
2008-09-25,39.83,39.83,40.38,39.55,40.03,5256500
2008-09-26,39.99,39.99,40.1,38.92,39.18,5100900
2008-09-29,36.15,36.15,38.81,35.98,38.43,9597800
2008-09-30,39.47,39.47,39.53,36.49,36.72,10378600
2008-10-01,38.12,38.12,39.42,37.91,39.42,6296600
2008-10-02,35.22,35.22,37.9,35.11,37.88,9113000
2008-10-03,33.69,33.69,36.19,33.59,34.83,11062700
2008-10-06,30.71,30.71,33.45,29.41,31.93,17982700
2008-10-07,28.69,28.69,31.69,28.69,31.16,11395300
2008-10-08,30.0,30.0,31.19,28.43,28.86,14114100
2008-10-09,27.99,27.99,31.27,27.71,31.2,10862200
2008-10-10,27.12,27.12,28.88,25.63,26.65,14149100
2008-10-13,30.38,30.38,30.73,28.68,29.38,12510200
2008-10-14,29.2,29.2,31.45,28.86,31.33,9929400
2008-10-15,25.94,25.94,29.82,25.94,29.82,8377200
2008-10-16,27.69,27.69,28.21,24.45,26.0,11932400
2008-10-17,28.18,28.18,31.09,26.83,27.2,9703100
2008-10-20,29.31,29.31,29.38,27.79,27.99,5387400
2008-10-21,27.59,27.59,29.65,27.45,29.0,6964600
2008-10-22,25.4,25.4,27.16,24.56,27.09,9500400
2008-10-23,24.97,24.97,25.6,23.41,25.5,10769700
2008-10-24,23.89,23.89,24.63,22.88,23.0,10633700
2008-10-27,23.68,23.68,24.74,22.83,23.44,8235300
2008-10-28,27.08,27.08,27.15,23.93,24.23,10344100
2008-10-29,26.8,26.8,27.95,26.65,27.39,10320400
2008-10-30,26.86,26.86,27.88,26.25,27.41,9180600
2008-10-31,26.64,26.64,27.21,26.29,27.0,7816700
2008-11-03,27.16,27.16,27.3,26.13,26.79,5143800
2008-11-04,29.16,29.16,29.28,27.5,27.73,8840800
2008-11-05,27.22,27.22,29.08,27.06,28.96,8438400
2008-11-06,24.56,24.56,26.9,24.3,26.77,10048800
2008-11-07,24.59,24.59,25.39,24.07,24.92,7530800
2008-11-10,24.93,24.93,25.84,24.68,25.78,4765600
2008-11-11,23.64,23.64,24.91,23.45,24.77,7489100
2008-11-12,21.89,21.89,23.41,21.84,22.98,11727900
2008-11-13,24.3,24.3,24.38,21.12,21.68,11851900
2008-11-14,22.34,22.34,24.36,22.14,23.99,11111500
2008-11-17,22.8,22.8,23.41,21.51,21.91,10717700
2008-11-18,22.64,22.64,23.16,21.77,22.73,8217100
2008-11-19,21.63,21.63,23.87,21.6,22.54,9298800
2008-11-20,20.75,20.75,22.79,20.71,21.37,10482800
2008-11-21,21.38,21.38,21.41,19.85,21.1,13489000
2008-11-24,21.73,21.73,22.42,21.29,21.84,12915600
2008-11-25,22.42,22.42,22.78,21.5,21.97,13700100
2008-11-26,23.35,23.35,23.59,21.63,21.63,9062200
2008-11-28,23.16,23.16,23.43,22.75,22.87,4467800
2008-12-01,21.0,21.0,22.86,20.95,22.71,8593000
2008-12-02,22.0,22.0,22.25,21.01,21.41,7201400
2008-12-03,22.54,22.54,22.57,21.39,21.73,7296300
2008-12-04,20.44,20.44,21.66,20.0,20.91,18690600
2008-12-05,21.66,21.66,21.84,19.49,20.45,11494800
2008-12-08,22.6,22.6,23.0,21.85,21.85,7912100
2008-12-09,22.89,22.89,23.92,22.39,22.45,7419300
2008-12-10,23.44,23.44,23.88,22.78,23.26,5825900
2008-12-11,22.19,22.19,23.56,22.0,23.37,6443700
2008-12-12,22.43,22.43,22.53,21.33,21.95,6290700
2008-12-15,21.36,21.36,22.72,20.83,22.56,8273000
2008-12-16,22.32,22.32,22.42,20.92,22.13,10799400
2008-12-17,21.69,21.69,24.04,21.32,24.04,15258800
2008-12-18,21.38,21.38,22.09,21.01,21.84,8861100
2008-12-19,22.13,22.13,22.3,21.13,21.4,8235700
2008-12-22,21.11,21.11,21.98,20.66,21.97,5273400
2008-12-23,20.97,20.97,21.42,20.8,21.23,4399100
2008-12-24,21.13,21.13,21.18,20.71,20.75,1426700
2008-12-26,21.08,21.08,21.25,20.87,21.17,1942700
2008-12-29,20.52,20.52,21.15,20.01,21.11,4959000
2008-12-30,21.05,21.05,21.06,20.38,20.6,4910600
2008-12-31,21.29,21.29,21.6,20.85,20.85,4067000
2009-01-02,23.02,23.02,23.1,21.07,21.11,6670700
2009-01-05,23.13,23.13,23.31,22.5,22.52,7385500
2009-01-06,24.22,24.22,24.45,23.07,23.07,7032500
2009-01-07,24.23,24.23,24.81,23.51,23.57,12785700
2009-01-08,24.29,24.29,24.38,23.63,24.01,6207400
2009-01-09,24.01,24.01,24.5,23.42,23.99,6928300
2009-01-12,23.76,23.76,24.35,23.6,24.07,6952400
2009-01-13,22.1,22.1,23.22,21.75,22.97,14001200
2009-01-14,21.11,21.11,22.16,20.95,22.09,8298100
2009-01-15,20.83,20.83,21.3,20.45,21.04,10008600
2009-01-16,21.06,21.06,21.53,20.47,21.11,8056300
2009-01-20,19.39,19.39,21.1,19.34,21.1,8846200
2009-01-21,20.96,20.96,20.97,19.74,19.88,9536900
2009-01-22,19.32,19.32,20.25,19.06,19.84,13904200
2009-01-23,19.7,19.7,20.1,18.7,19.0,10483800
2009-01-26,19.93,19.93,20.44,19.67,19.95,6139300
2009-01-27,20.11,20.11,20.38,19.53,19.74,6385500
2009-01-28,20.89,20.89,21.2,20.34,20.71,7158500
2009-01-29,20.05,20.05,20.91,19.61,20.6,7692200
2009-01-30,19.31,19.31,20.33,19.21,20.26,8970700
2009-02-02,19.58,19.58,19.7,18.96,19.41,8305500
2009-02-03,19.7,19.7,19.76,19.13,19.69,7938700
2009-02-04,19.88,19.88,20.35,19.53,19.63,9637000
2009-02-05,20.91,20.91,21.04,19.44,19.64,11326400
2009-02-06,21.7,21.7,21.8,20.81,20.93,9851900
2009-02-09,21.42,21.42,22.01,21.1,22.0,7246500
2009-02-10,20.48,20.48,21.42,20.28,21.32,10924500
2009-02-11,20.31,20.31,20.86,19.9,20.43,7637800
2009-02-12,21.22,21.22,21.26,19.78,19.95,12831000
2009-02-13,21.1,21.1,21.37,20.85,20.96,8147400
2009-02-17,20.4,20.4,20.69,19.8,20.08,9782700
2009-02-18,20.39,20.39,20.69,20.07,20.33,7409800
2009-02-19,19.54,19.54,20.5,19.48,20.46,10428100
2009-02-20,18.04,18.04,19.15,17.7,18.98,21630100
2009-02-23,17.09,17.09,18.09,16.9,18.09,14265600
2009-02-24,18.17,18.17,18.33,17.22,17.31,12866800
2009-02-25,17.64,17.64,17.92,17.15,17.54,12999900
2009-02-26,16.7,16.7,17.67,16.65,17.47,15043500
2009-02-27,16.7,16.7,17.18,15.7,15.71,15832400
2009-03-02,16.04,16.04,16.66,15.97,16.49,13129800
2009-03-03,15.98,15.98,16.48,15.87,16.15,12539500
2009-03-04,16.32,16.32,16.61,15.9,16.16,8999700
2009-03-05,16.92,16.92,18.19,16.31,18.16,26498300
2009-03-06,17.16,17.16,17.43,16.75,17.16,10507400
2009-03-09,16.78,16.78,17.59,16.72,17.03,9298200
2009-03-10,18.52,18.52,18.54,17.11,17.19,11748000
2009-03-11,18.63,18.63,18.85,18.03,18.18,8658800
2009-03-12,19.43,19.43,19.51,18.28,18.47,9734900
2009-03-13,18.68,18.68,19.31,18.33,19.24,11491000
2009-03-16,18.45,18.45,19.0,18.34,18.69,11898500
2009-03-17,19.13,19.13,19.15,18.16,18.62,9276200
2009-03-18,21.35,21.35,22.09,19.34,19.41,20855100
2009-03-19,21.24,21.24,22.58,20.89,21.84,13667100
2009-03-20,20.46,20.46,21.79,20.39,21.01,10267300
2009-03-23,22.69,22.69,22.69,21.01,21.2,13186800
2009-03-24,21.86,21.86,22.59,21.72,22.59,9501800
2009-03-25,22.1,22.1,22.44,21.5,22.0,10774000
2009-03-26,22.94,22.94,23.0,22.18,22.18,9777700
2009-03-27,21.84,21.84,22.7,21.81,22.56,6422600
2009-03-30,20.82,20.82,21.48,20.39,21.33,9617500
2009-03-31,21.39,21.39,21.87,20.83,20.93,8531000
2009-04-01,21.96,21.96,22.18,20.79,20.93,7287000
2009-04-02,23.28,23.28,23.84,22.61,22.79,11062100
2009-04-03,24.16,24.16,24.26,23.25,23.25,8229300
2009-04-06,23.19,23.19,24.0,22.78,23.85,8072400
2009-04-07,22.96,22.96,23.66,22.76,23.61,9809500
2009-04-08,23.92,23.92,24.17,23.47,23.81,5991300
2009-04-09,24.87,24.87,24.97,24.28,24.48,8500700
2009-04-13,24.72,24.72,24.89,24.22,24.6,5581800
2009-04-14,24.01,24.01,24.49,23.84,24.38,6545000
2009-04-15,23.64,23.64,23.92,23.12,23.77,6980500
2009-04-16,24.38,24.38,24.59,23.44,24.14,9291000
2009-04-17,24.7,24.7,24.87,24.05,24.6,7899500
2009-04-20,23.46,23.46,24.43,23.33,24.43,6963600
2009-04-21,23.75,23.75,24.13,23.25,23.35,7443000
2009-04-22,24.16,24.16,24.74,23.21,23.21,7045200
2009-04-23,24.48,24.48,24.49,23.54,23.86,8006200
2009-04-24,26.42,26.42,26.49,24.45,24.51,13798600
2009-04-27,26.14,26.14,26.65,25.7,25.92,9240400
2009-04-28,25.7,25.7,25.95,25.25,25.7,8099900
2009-04-29,26.75,26.75,26.84,25.59,25.99,9035900
2009-04-30,27.35,27.35,27.71,26.73,27.1,9140100
2009-05-01,27.46,27.46,28.0,27.02,27.08,9135200
2009-05-04,26.69,26.69,26.75,25.88,26.59,14574300
2009-05-05,26.89,26.89,26.91,26.2,26.74,8157400
2009-05-06,26.35,26.35,27.04,25.66,26.89,9995800
2009-05-07,25.63,25.63,26.64,25.38,26.58,7950000
2009-05-08,25.42,25.42,26.53,25.21,26.06,7674000
2009-05-11,26.15,26.15,26.36,24.78,24.85,7683800
2009-05-12,25.99,25.99,26.34,25.67,26.32,5077900
2009-05-13,25.17,25.17,26.03,25.12,25.99,7911300
2009-05-14,25.93,25.93,26.15,25.2,25.2,6721000
2009-05-15,25.92,25.92,26.35,25.52,25.97,4806500
2009-05-18,26.48,26.48,26.52,25.7,25.94,4461700
2009-05-19,26.56,26.56,26.81,26.01,26.25,3509500
2009-05-20,26.39,26.39,27.32,26.31,26.69,5324300
2009-05-21,26.07,26.07,26.15,25.7,25.9,6320700
2009-05-22,26.48,26.48,27.04,26.0,26.0,4959400
2009-05-26,27.89,27.89,27.95,26.1,26.31,6088000
2009-05-27,27.25,27.25,28.07,27.15,27.67,5013700
2009-05-28,27.54,27.54,27.64,26.57,27.25,7651000
2009-05-29,28.18,28.18,28.19,27.02,27.49,6950300
2009-06-01,29.36,29.36,29.5,28.3,28.3,6602700
2009-06-02,29.59,29.59,29.75,29.08,29.17,7365400
2009-06-03,29.06,29.06,29.49,28.3,29.05,8572700
2009-06-04,29.44,29.44,29.55,28.68,28.71,7161700
2009-06-05,29.98,29.98,30.34,28.79,29.45,8839100
2009-06-08,29.17,29.17,29.9,28.85,29.78,6755500
2009-06-09,29.77,29.77,29.97,29.15,29.4,5288500
2009-06-10,30.17,30.17,30.43,29.63,29.88,8515300
2009-06-11,30.4,30.4,31.0,30.1,30.36,7257600
2009-06-12,30.15,30.15,30.67,29.61,30.6,5478600
2009-06-15,28.82,28.82,29.99,28.54,29.99,11226100
2009-06-16,28.17,28.17,29.13,28.13,29.07,9992300
2009-06-17,28.68,28.68,29.0,28.0,28.27,12654200
2009-06-18,28.72,28.72,28.95,28.2,28.95,7368000
2009-06-19,29.33,29.33,29.44,28.94,28.99,9214800
2009-06-22,27.31,27.31,28.78,27.31,28.56,12028200
2009-06-23,27.71,27.71,27.85,27.2,27.55,8013800
2009-06-24,27.74,27.74,28.38,27.5,27.59,7141400
2009-06-25,28.52,28.52,28.64,27.41,27.87,6417100
2009-06-26,28.0,28.0,28.31,27.48,27.5,6420200
2009-06-29,28.62,28.62,28.76,28.05,28.13,4468300
2009-06-30,28.3,28.3,28.79,27.94,28.76,6104800
2009-07-01,28.66,28.66,29.19,28.38,28.38,5557300
2009-07-02,27.64,27.64,28.47,27.58,28.11,4254100
2009-07-06,27.16,27.16,27.42,26.81,27.1,7269400
2009-07-07,26.34,26.34,27.21,26.3,27.02,6454800
2009-07-08,26.47,26.47,26.63,26.08,26.63,10199100
2009-07-09,27.42,27.42,27.58,26.53,26.72,8078000
2009-07-10,27.58,27.58,27.73,27.07,27.14,6069800
2009-07-13,28.37,28.37,28.45,26.9,27.56,8030700
2009-07-14,28.3,28.3,28.45,27.93,28.09,8136800
2009-07-15,29.85,29.85,29.91,29.0,29.18,11216500
2009-07-16,30.87,30.87,30.94,29.54,29.67,9327800
2009-07-17,31.02,31.02,31.06,30.39,30.9,6301300
2009-07-20,31.21,31.21,31.35,30.62,30.74,6790700
2009-07-21,31.26,31.26,31.35,30.84,31.03,6274000
2009-07-22,31.34,31.34,31.48,31.0,31.04,5624400
2009-07-23,32.31,32.31,32.33,31.13,31.21,7242300
2009-07-24,32.63,32.63,32.69,31.67,31.83,5921400
2009-07-27,32.61,32.61,32.9,32.21,32.56,5254100
2009-07-28,32.33,32.33,32.91,32.04,32.45,7579900
2009-07-29,32.06,32.06,32.29,31.7,32.18,4935900
2009-07-30,32.28,32.28,33.34,32.17,32.54,5653500
2009-07-31,32.42,32.42,32.86,32.28,32.38,4226300
2009-08-03,32.68,32.68,33.0,32.42,32.61,4720700
2009-08-04,33.0,33.0,33.26,32.56,32.6,4677500
2009-08-05,32.01,32.01,33.12,31.48,33.12,10117400
2009-08-06,32.42,32.42,32.54,31.87,32.01,6419900
2009-08-07,33.22,33.22,33.46,32.79,33.01,5213800
2009-08-10,32.82,32.82,33.49,32.65,32.8,4476300
2009-08-11,31.92,31.92,32.6,31.79,32.56,6549100
2009-08-12,33.04,33.04,33.32,31.84,31.87,6236700
2009-08-13,33.43,33.43,33.47,32.76,33.32,6055200
2009-08-14,32.27,32.27,33.29,31.86,33.21,8012600
2009-08-17,31.21,31.21,31.9,31.12,31.72,5500600
2009-08-18,31.72,31.72,31.92,31.1,31.28,4925700
2009-08-19,31.72,31.72,31.88,31.17,31.45,5001200
2009-08-20,32.1,32.1,32.19,31.48,31.83,4676000
2009-08-21,32.84,32.84,32.93,32.0,32.44,5108600
2009-08-24,32.73,32.73,33.23,32.52,32.85,4737200
2009-08-25,32.67,32.67,32.97,32.33,32.67,3857300
2009-08-26,32.51,32.51,32.76,32.15,32.52,4054800
2009-08-27,32.46,32.46,32.56,31.72,32.35,5171400
2009-08-28,31.73,31.73,32.98,31.31,32.72,7114900
2009-08-31,31.42,31.42,31.81,31.1,31.58,7132200
2009-09-01,31.1,31.1,32.08,30.89,31.27,7670000
2009-09-02,31.0,31.0,31.27,30.73,31.14,5233100
2009-09-03,31.49,31.49,31.52,30.7,31.0,4344100
2009-09-04,32.05,32.05,32.1,31.43,31.63,4110800
2009-09-08,32.51,32.51,32.56,32.14,32.48,5160700
2009-09-09,32.8,32.8,32.92,32.12,32.25,5852200
2009-09-10,34.02,34.02,34.13,32.51,32.74,10199900
2009-09-11,34.65,34.65,34.98,34.05,34.11,7586300
2009-09-14,35.19,35.19,35.29,34.28,34.44,8245900
2009-09-15,35.62,35.62,35.78,34.8,35.29,10762500
2009-09-16,33.35,33.35,33.85,33.01,33.58,28912300
2009-09-17,32.84,32.84,33.59,32.72,33.55,13828300
2009-09-18,32.95,32.95,33.43,32.7,33.05,10512500
2009-09-21,32.85,32.85,33.65,32.75,32.75,5879700
2009-09-22,33.11,33.11,33.31,32.98,33.07,4369400
2009-09-23,32.71,32.71,33.33,32.68,33.03,6943000
2009-09-24,32.32,32.32,32.86,32.07,32.7,5947700
2009-09-25,32.03,32.03,32.41,31.89,32.11,4516700
2009-09-28,32.93,32.93,33.26,32.12,32.2,5849300
2009-09-29,32.68,32.68,33.22,32.53,32.88,5013100
2009-09-30,33.04,33.04,33.22,32.12,32.76,6632800
2009-10-01,32.18,32.18,32.78,31.96,32.66,7257000
2009-10-02,32.35,32.35,32.54,31.59,31.59,5922800
2009-10-05,32.55,32.55,32.72,32.12,32.37,4892100
2009-10-06,33.51,33.51,33.75,32.63,32.79,7117600
2009-10-07,33.26,33.26,33.74,33.06,33.74,4172400
2009-10-08,34.33,34.33,34.6,33.7,33.74,8629600
2009-10-09,34.64,34.64,34.77,33.98,34.08,3708700
2009-10-12,34.36,34.36,34.88,34.15,34.67,3597700
2009-10-13,34.62,34.62,34.71,34.16,34.25,4565100
2009-10-14,35.43,35.43,35.52,34.81,34.87,6908100
2009-10-15,35.75,35.75,35.85,35.07,35.08,8063600
2009-10-16,35.67,35.67,35.95,35.35,35.48,6908700
2009-10-19,35.65,35.65,35.93,35.49,35.76,4116500
2009-10-20,35.41,35.41,35.6,34.99,35.52,4357800
2009-10-21,34.81,34.81,35.69,34.74,35.35,5022700
2009-10-22,35.17,35.17,35.28,34.01,34.53,4913400
2009-10-23,34.78,34.78,35.57,34.56,35.14,3678100
2009-10-26,34.45,34.45,35.39,34.3,34.64,4379200
2009-10-27,33.95,33.95,34.91,33.79,34.54,4267200
2009-10-28,32.83,32.83,33.79,32.7,33.72,6169100
2009-10-29,33.54,33.54,33.68,32.7,33.11,6725500
2009-10-30,32.94,32.94,33.87,32.86,33.4,5810300
2009-11-02,32.87,32.87,33.1,32.37,32.8,4809000
2009-11-03,33.01,33.01,33.08,32.37,32.72,6512200
2009-11-04,33.86,33.86,34.52,32.95,33.3,7883400
2009-11-05,34.7,34.7,34.92,33.98,33.98,4164100
2009-11-06,34.65,34.65,35.19,34.38,34.59,3693900
2009-11-09,36.45,36.45,36.58,35.41,35.88,8883200
2009-11-10,36.6,36.6,36.75,36.35,36.56,5079500
2009-11-11,35.92,35.92,36.03,34.46,35.96,13794600
2009-11-12,35.61,35.61,36.11,35.41,35.82,5872900
2009-11-13,36.51,36.51,36.6,35.69,35.69,4988600
2009-11-16,36.81,36.81,37.15,36.11,36.51,5263200
2009-11-17,36.9,36.9,36.95,36.44,36.56,3283300
2009-11-18,36.59,36.59,36.78,36.0,36.59,3998400
2009-11-19,36.11,36.11,36.48,35.5,36.25,3754500
2009-11-20,35.81,35.81,36.07,35.49,35.72,3344500
2009-11-23,36.44,36.44,36.68,35.98,36.05,3085500
2009-11-24,35.95,35.95,36.44,35.84,36.15,3790700
2009-11-25,36.17,36.17,36.33,35.9,36.07,2504400
2009-11-27,35.38,35.38,35.66,34.63,35.01,2049600
2009-11-30,35.08,35.08,35.44,34.54,35.25,5075000
2009-12-01,36.4,36.4,36.53,35.27,35.46,5428900
2009-12-02,36.5,36.5,36.91,36.36,36.53,3645700
2009-12-03,36.0,36.0,36.84,36.0,36.42,3681300
2009-12-04,36.5,36.5,36.94,35.98,36.38,4433200
2009-12-07,36.37,36.37,36.84,36.2,36.46,3119500
2009-12-08,36.08,36.08,36.27,35.58,36.03,3863200
2009-12-09,35.85,35.85,36.0,35.26,35.85,4421500
2009-12-10,35.8,35.8,36.15,35.63,35.81,3884500
2009-12-11,35.38,35.38,35.98,35.15,35.9,4381500
2009-12-14,35.78,35.78,35.84,35.31,35.78,5446500
2009-12-15,36.36,36.36,36.66,35.5,35.58,8022900
2009-12-16,37.86,37.86,38.2,36.87,36.87,15618700
2009-12-17,37.01,37.01,37.52,36.99,37.46,6562800
2009-12-18,37.34,37.34,37.47,37.02,37.25,9331800
2009-12-21,37.28,37.28,37.68,37.04,37.38,5031900
2009-12-22,37.34,37.34,37.5,37.2,37.35,3192200
2009-12-23,36.93,36.93,37.37,36.86,37.37,5559600
2009-12-24,37.17,37.17,37.17,36.81,36.95,1350000
2009-12-28,37.19,37.19,37.42,36.97,37.18,2573500
2009-12-29,37.21,37.21,37.34,36.97,37.14,3093200
2009-12-30,37.18,37.18,37.5,37.03,37.03,2124100
2009-12-31,36.78,36.78,37.21,36.7,37.17,2900400
2010-01-04,37.09,37.09,37.3,36.65,36.65,4710200
2010-01-05,37.7,37.7,37.8,36.87,37.04,7108800
2010-01-06,37.62,37.62,37.74,37.2,37.33,5336400
2010-01-07,36.89,36.89,37.59,36.81,37.41,5576700
2010-01-08,36.69,36.69,36.97,36.34,36.75,5429200
2010-01-11,36.21,36.21,36.77,35.95,36.68,4901400
2010-01-12,35.66,35.66,36.14,35.38,36.14,5073900
2010-01-13,36.28,36.28,36.36,35.6,35.83,3660100
2010-01-14,35.9,35.9,36.51,35.79,36.13,4536200
2010-01-15,35.87,35.87,36.21,35.47,35.92,6732300
2010-01-19,36.95,36.95,37.02,35.81,35.87,5964100
2010-01-20,36.49,36.49,36.51,35.62,36.37,6258500
2010-01-21,35.82,35.82,36.65,35.46,36.49,7404400
2010-01-22,34.38,34.38,35.82,34.35,35.62,7721300
2010-01-25,34.16,34.16,34.98,33.97,34.63,6961500
2010-01-26,33.94,33.94,34.29,33.62,33.81,5356300
2010-01-27,33.14,33.14,33.68,32.65,33.68,9896900
2010-01-28,32.89,32.89,33.66,32.48,33.29,6417800
2010-01-29,32.3,32.3,33.24,32.17,32.95,8377800
2010-02-01,32.48,32.48,32.54,32.06,32.39,8705500
2010-02-02,32.98,32.98,33.13,32.31,32.54,5735700
2010-02-03,32.98,32.98,33.43,32.54,32.85,6732000
2010-02-04,32.24,32.24,32.96,32.2,32.88,9450300
2010-02-05,32.77,32.77,32.8,31.85,32.43,11881500
2010-02-08,32.05,32.05,32.79,32.02,32.77,8615600
2010-02-09,32.31,32.31,32.66,31.91,32.6,8047700
2010-02-10,32.76,32.76,33.55,32.57,33.45,9592000
2010-02-11,32.64,32.64,33.16,32.28,32.6,10125400
2010-02-12,31.45,31.45,32.28,31.28,32.25,21221400
2010-02-16,31.81,31.81,31.87,31.28,31.5,9113700
2010-02-17,32.33,32.33,32.43,31.96,32.16,9213000
2010-02-18,33.24,33.24,33.33,32.47,32.47,9614400
2010-02-19,33.88,33.88,34.16,33.56,33.8,12324000
2010-02-22,33.7,33.7,34.21,33.51,34.21,6119800
2010-02-23,33.44,33.44,33.82,33.2,33.68,7906000
2010-02-24,34.55,34.55,34.63,33.56,33.63,9545200
2010-02-25,34.56,34.56,34.59,33.54,33.8,7735500
2010-02-26,34.65,34.65,34.7,34.06,34.55,4792600
2010-03-01,34.89,34.89,35.0,34.53,34.63,4965000
2010-03-02,34.74,34.74,35.1,34.64,34.68,5603400
2010-03-03,34.82,34.82,35.15,34.61,34.87,4098900
2010-03-04,34.94,34.94,35.09,34.58,34.88,4440700
2010-03-05,35.16,35.16,35.44,34.93,35.08,8381900
2010-03-08,35.06,35.06,35.4,35.02,35.12,3850100
2010-03-09,35.12,35.12,35.62,35.04,35.06,5486200
2010-03-10,35.15,35.15,35.35,35.04,35.27,5969600
2010-03-11,35.22,35.22,35.27,35.0,35.07,4371500
2010-03-12,35.16,35.16,35.27,35.11,35.22,6262400
2010-03-15,35.49,35.49,35.56,35.0,35.15,3933100
2010-03-16,35.02,35.02,35.68,34.93,35.46,5818800
2010-03-17,35.49,35.49,36.08,35.45,35.61,8350000
2010-03-18,35.75,35.75,35.95,35.56,35.72,4227000
2010-03-19,34.67,34.67,35.95,34.5,35.86,16351100
2010-03-22,34.95,34.95,35.06,34.6,34.61,4895900
2010-03-23,35.22,35.22,35.42,34.69,35.26,8504500
2010-03-24,36.51,36.51,37.3,36.48,37.12,16778000
2010-03-25,35.87,35.87,36.79,35.86,36.66,6566400
2010-03-26,35.51,35.51,36.11,35.25,35.85,6049100
2010-03-29,35.74,35.74,36.01,35.6,35.6,5055700
2010-03-30,35.68,35.68,35.9,35.29,35.78,3469800
2010-03-31,35.37,35.37,35.7,35.27,35.62,4436700
2010-04-01,35.74,35.74,35.88,35.24,35.54,5467700
2010-04-05,35.99,35.99,36.07,35.66,35.68,5267100
2010-04-06,35.7,35.7,35.93,35.55,35.56,4211400
2010-04-07,35.06,35.06,35.64,34.95,35.56,6632100
2010-04-08,34.94,34.94,35.08,34.63,35.03,5726800
2010-04-09,35.47,35.47,35.47,34.44,34.57,7205500
2010-04-12,35.02,35.02,35.54,34.91,35.42,5690600
2010-04-13,34.75,34.75,35.09,34.51,34.86,5825700
2010-04-14,35.02,35.02,35.04,34.57,34.63,5037400
2010-04-15,34.39,34.39,35.1,34.17,35.09,9548000
2010-04-16,34.0,34.0,34.58,33.53,34.54,12718300
2010-04-19,33.82,33.82,34.2,33.32,33.81,6817200
2010-04-20,34.93,34.93,35.14,34.1,34.19,8632000
2010-04-21,34.92,34.92,35.09,34.79,34.8,6889200
2010-04-22,35.97,35.97,36.02,35.0,35.41,11650000
2010-04-23,36.25,36.25,36.29,35.72,35.84,6528500
2010-04-26,36.15,36.15,36.35,35.99,36.21,5610500
2010-04-27,35.34,35.34,36.0,35.19,35.91,6938700
2010-04-28,35.47,35.47,35.61,35.05,35.48,5290000
2010-04-29,34.96,34.96,35.56,34.54,35.27,10958300
2010-04-30,33.6,33.6,34.99,33.56,34.97,12735800
2010-05-03,33.59,33.59,33.96,33.4,33.68,8863200
2010-05-04,33.14,33.14,33.17,32.22,33.12,11030000
2010-05-05,32.96,32.96,33.58,32.54,32.68,12226200
2010-05-06,32.49,32.49,33.74,30.24,32.8,14650200
2010-05-07,32.42,32.42,32.96,31.68,32.76,14897300
2010-05-10,34.28,34.28,34.29,32.75,32.75,11416600
2010-05-11,33.8,33.8,34.38,33.7,33.95,6929000
2010-05-12,34.8,34.8,34.93,34.06,34.12,7973900
2010-05-13,34.41,34.41,35.4,34.36,34.79,4958000
2010-05-14,33.72,33.72,34.4,33.26,34.24,6832100
2010-05-17,33.81,33.81,34.22,33.18,33.98,6235300
2010-05-18,33.28,33.28,34.31,33.04,33.72,6208900
2010-05-19,32.88,32.88,33.66,32.53,33.22,6098200
2010-05-20,31.74,31.74,32.55,31.62,32.2,8094200
2010-05-21,32.18,32.18,32.33,30.97,31.15,7758200
2010-05-24,31.63,31.63,32.17,31.61,31.82,6543800
2010-05-25,31.55,31.55,31.56,30.48,30.75,6368800
2010-05-26,30.94,30.94,31.72,30.8,31.65,8820600
2010-05-27,32.2,32.2,32.21,31.39,31.51,7496400
2010-05-28,32.08,32.08,32.42,31.69,32.19,8778900
2010-06-01,32.13,32.13,33.04,32.1,32.36,9744400
2010-06-02,32.94,32.94,32.97,31.79,32.27,7213700
2010-06-03,32.9,32.9,33.16,32.65,32.92,8847400
2010-06-04,31.59,31.59,32.47,31.49,32.15,8507500
2010-06-07,31.06,31.06,31.74,30.94,31.7,8385500
2010-06-08,31.0,31.0,31.26,30.6,31.15,7767400
2010-06-09,30.73,30.73,31.52,30.63,31.14,5808400
2010-06-10,31.72,31.72,31.76,30.83,31.34,5666800
2010-06-11,31.73,31.73,31.84,31.16,31.21,7233200
2010-06-14,31.7,31.7,32.38,31.64,32.0,5240100
2010-06-15,32.51,32.51,32.62,31.78,31.89,5930200
2010-06-16,32.44,32.44,32.59,32.22,32.38,4614500
2010-06-17,33.12,33.12,33.22,32.6,32.62,7250700
2010-06-18,33.52,33.52,34.0,33.04,33.12,9514000
2010-06-21,33.13,33.13,33.96,32.93,33.77,5762500
2010-06-22,32.76,32.76,33.77,32.68,33.34,9593600
2010-06-23,30.38,30.38,32.42,30.18,32.35,35847400
2010-06-24,30.26,30.26,30.81,30.1,30.36,20287000
2010-06-25,29.85,29.85,30.57,29.69,30.43,15030600
2010-06-28,28.72,28.72,30.09,28.71,29.85,14508100
2010-06-29,26.9,26.9,28.37,26.76,28.37,22062500
2010-06-30,26.43,26.43,27.2,26.32,26.82,17468400
2010-07-01,26.66,26.66,26.88,26.01,26.52,15728500
2010-07-02,26.73,26.73,26.99,26.33,26.69,10420400
2010-07-06,26.34,26.34,27.37,26.04,27.18,13509200
2010-07-07,26.79,26.79,26.85,26.2,26.34,11753300
2010-07-08,26.85,26.85,27.05,26.42,26.96,8852000
2010-07-09,27.2,27.2,27.24,26.71,26.86,5317000
2010-07-12,27.09,27.09,27.61,26.94,27.27,7012700
2010-07-13,28.11,28.11,28.43,27.24,27.35,13577900
2010-07-14,28.03,28.03,28.42,27.67,28.17,9457100
2010-07-15,28.22,28.22,28.3,27.72,27.94,4838200
2010-07-16,27.39,27.39,28.29,27.21,28.27,7254200
2010-07-19,27.67,27.67,27.8,27.29,27.5,5151900
2010-07-20,27.87,27.87,27.87,26.94,27.18,5690600
2010-07-21,27.67,27.67,28.28,27.52,27.94,8314700
2010-07-22,28.58,28.58,28.74,27.8,27.91,6138500
2010-07-23,29.23,29.23,29.35,28.54,28.6,7703200
2010-07-26,29.17,29.17,29.28,28.81,29.15,5061800
2010-07-27,29.22,29.22,29.39,28.83,29.2,5175400
2010-07-28,28.69,28.69,29.37,28.59,29.11,4451700
2010-07-29,28.7,28.7,29.1,28.38,28.75,5320300
2010-07-30,28.72,28.72,28.84,28.11,28.4,4531500
2010-08-02,29.6,29.6,29.76,28.9,29.11,5584700
2010-08-03,29.12,29.12,29.49,28.93,29.48,5651900
2010-08-04,29.7,29.7,29.75,29.06,29.14,6700600
2010-08-05,29.44,29.44,29.64,29.24,29.41,4612600
2010-08-06,29.23,29.23,29.42,28.73,29.06,5149200
2010-08-09,29.52,29.52,29.54,29.12,29.4,3483400
2010-08-10,29.17,29.17,29.41,28.76,29.23,4063200
2010-08-11,28.25,28.25,28.85,28.23,28.83,7505800
2010-08-12,28.08,28.08,28.33,27.76,27.8,7694000
2010-08-13,28.01,28.01,28.34,27.86,27.92,6625500
2010-08-16,27.36,27.36,27.84,27.21,27.82,6334500
2010-08-17,27.96,27.96,28.07,27.42,27.5,6817500
2010-08-18,28.1,28.1,28.27,27.49,27.79,4006400
2010-08-19,27.69,27.69,28.14,27.27,27.87,5126700
2010-08-20,27.92,27.92,28.04,27.41,27.74,5253800
2010-08-23,27.82,27.82,28.38,27.63,28.09,4413600
2010-08-24,27.93,27.93,28.06,27.29,27.56,7822400
2010-08-25,27.48,27.48,27.8,27.42,27.59,12706000
2010-08-26,27.38,27.38,27.78,27.12,27.65,12818200
2010-08-27,27.98,27.98,28.06,27.02,27.48,7342400
2010-08-30,27.79,27.79,28.1,27.63,27.79,4870300
2010-08-31,27.7,27.7,27.97,27.5,27.73,8491100
2010-09-01,28.85,28.85,28.9,27.89,28.14,6116300
2010-09-02,29.42,29.42,29.42,28.86,29.0,6125600
2010-09-03,29.49,29.49,29.91,29.25,29.66,6035600
2010-09-07,29.17,29.17,29.57,29.1,29.48,4154100
2010-09-08,29.31,29.31,29.62,29.23,29.32,5205600
2010-09-09,32.86,32.86,33.23,31.3,31.9,38740500
2010-09-10,32.2,32.2,32.64,31.86,32.56,15942400
2010-09-13,32.24,32.24,32.55,31.96,32.29,6416700
2010-09-14,32.47,32.47,32.87,32.08,32.08,6011200
2010-09-15,32.76,32.76,32.77,32.14,32.26,4407300
2010-09-16,32.85,32.85,33.13,32.62,32.76,6240400
2010-09-17,32.78,32.78,33.38,32.67,33.13,11075400
2010-09-20,33.11,33.11,33.5,32.88,33.34,8431600
2010-09-21,32.94,32.94,33.68,32.84,33.66,24824300
2010-09-22,26.67,26.67,26.85,25.81,25.89,108752400
2010-09-23,26.41,26.41,26.84,26.29,26.58,31770800
2010-09-24,26.88,26.88,26.92,26.42,26.68,23950500
2010-09-27,26.88,26.88,27.08,26.63,26.88,11294500
2010-09-28,26.28,26.28,26.92,26.13,26.91,25302600
2010-09-29,26.04,26.04,26.34,26.0,26.27,14196200
2010-09-30,26.15,26.15,26.32,25.7,26.25,17408200
2010-10-01,26.27,26.27,26.49,26.15,26.31,8923400
2010-10-04,25.6,25.6,26.4,25.56,26.14,12822500
2010-10-05,25.77,25.77,26.0,25.66,25.79,14809600
2010-10-06,25.73,25.73,26.1,25.5,26.0,12636900
2010-10-07,28.69,28.69,30.0,25.45,25.8,66892700
2010-10-08,26.99,26.99,27.65,26.86,27.52,44108800
2010-10-11,27.25,27.25,27.49,26.99,27.05,10459000
2010-10-12,27.66,27.66,27.78,27.02,27.23,10274400
2010-10-13,27.71,27.71,28.0,27.53,27.78,9441600
2010-10-14,27.49,27.49,28.0,27.2,27.85,7435600
2010-10-15,28.08,28.08,28.35,27.3,27.62,20402000
2010-10-18,28.06,28.06,28.19,27.48,27.8,8068200
2010-10-19,27.58,27.58,27.94,27.32,27.68,9833100
2010-10-20,28.21,28.21,28.4,27.46,27.71,9200400
2010-10-21,27.7,27.7,28.35,27.26,28.32,9217600
2010-10-22,28.21,28.21,28.25,27.58,27.75,6902100
2010-10-25,28.2,28.2,28.4,27.85,28.2,13727400
2010-10-26,28.14,28.14,28.77,27.95,28.04,12548300
2010-10-27,28.17,28.17,28.23,27.8,27.95,10814600
2010-10-28,28.1,28.1,28.3,27.95,28.27,9750800
2010-10-29,28.15,28.15,28.36,28.03,28.16,6211500
2010-11-01,28.22,28.22,28.48,28.0,28.29,5394700
2010-11-02,29.02,29.02,29.15,28.2,28.38,9643100
2010-11-03,28.8,28.8,29.09,28.52,29.02,6423800
2010-11-04,29.46,29.46,29.49,29.07,29.11,6191500
2010-11-05,29.14,29.14,29.71,29.07,29.43,7584300
2010-11-08,29.29,29.29,29.35,28.88,29.0,5143300
2010-11-09,29.49,29.49,29.85,29.34,29.4,6304600
2010-11-10,29.79,29.79,29.9,29.35,29.54,6356400
2010-11-11,29.94,29.94,29.95,29.18,29.37,6408600
2010-11-12,29.54,29.54,29.85,29.15,29.69,8462900
2010-11-15,29.51,29.51,29.82,29.4,29.57,5192200
2010-11-16,29.02,29.02,29.49,28.89,29.23,7979500
2010-11-17,28.9,28.9,29.28,28.66,28.97,6688200
2010-11-18,28.68,28.68,29.47,28.68,29.26,6761500
2010-11-19,28.86,28.86,29.2,28.62,28.66,6047700
2010-11-22,29.18,29.18,29.23,28.55,28.72,4450100
2010-11-23,28.19,28.19,28.8,27.49,28.8,14184600
2010-11-24,28.4,28.4,28.77,28.25,28.32,7025500
2010-11-26,28.72,28.72,28.79,27.98,28.12,2658300
2010-11-29,28.36,28.36,28.67,27.98,28.4,4553500
2010-11-30,27.8,27.8,28.13,27.66,27.97,5831600
2010-12-01,28.37,28.37,28.58,28.13,28.15,6306700
2010-12-02,29.1,29.1,29.13,28.36,28.48,5769700
2010-12-03,29.14,29.14,29.28,28.91,28.91,4868200
2010-12-06,29.23,29.23,29.42,28.86,29.02,6059700
2010-12-07,29.02,29.02,29.55,28.89,29.5,7598300
2010-12-08,29.21,29.21,29.28,29.0,29.03,4880400
2010-12-09,28.6,28.6,29.49,28.48,29.43,10393700
2010-12-10,28.71,28.71,28.81,28.38,28.63,5346100
2010-12-13,27.81,27.81,28.69,27.8,28.58,8839200
2010-12-14,28.15,28.15,28.18,27.67,27.86,6546500
2010-12-15,27.72,27.72,28.43,27.68,28.06,6462500
2010-12-16,28.52,28.52,28.52,27.51,27.81,7665700
2010-12-17,28.79,28.79,28.96,28.38,28.57,11646400
2010-12-20,29.18,29.18,29.42,28.98,29.01,11973600
2010-12-21,30.93,30.93,31.15,30.28,30.98,23465600
2010-12-22,30.65,30.65,30.89,30.3,30.85,6343500
2010-12-23,30.85,30.85,30.88,30.54,30.54,3027200
2010-12-27,30.95,30.95,31.04,30.62,30.7,2920300
2010-12-28,30.92,30.92,31.17,30.69,31.12,3748400
2010-12-29,30.97,30.97,31.12,30.84,30.93,2662600
2010-12-30,30.57,30.57,31.1,30.57,30.92,3435500
2010-12-31,30.78,30.78,30.8,30.42,30.52,2841300
2011-01-03,31.29,31.29,31.48,30.79,30.83,6245500
2011-01-04,31.51,31.51,31.65,31.18,31.28,8038100
2011-01-05,32.22,32.22,32.24,31.42,31.48,7143500
2011-01-06,32.27,32.27,32.29,31.88,32.13,6230900
2011-01-07,32.04,32.04,32.22,31.5,32.18,6828500
2011-01-10,32.96,32.96,33.1,31.95,32.3,10377900
2011-01-11,32.98,32.98,33.26,32.66,33.13,7110600
2011-01-12,33.57,33.57,33.74,33.06,33.14,7319100
2011-01-13,33.38,33.38,33.72,33.07,33.58,7594800
2011-01-14,33.79,33.79,33.92,33.32,33.41,5767300
2011-01-18,34.18,34.18,34.3,33.54,33.55,5722100
2011-01-19,33.91,33.91,34.25,33.64,34.12,5899200
2011-01-20,33.49,33.49,33.75,32.68,33.66,8531800
2011-01-21,33.27,33.27,33.92,33.19,33.79,5714800
2011-01-24,34.03,34.03,34.13,33.28,33.36,7387900
2011-01-25,33.56,33.56,33.71,32.98,32.98,8191400
2011-01-26,33.52,33.52,33.89,33.34,33.36,5913500
2011-01-27,33.85,33.85,34.0,33.44,33.48,4679400
2011-01-28,32.49,32.49,33.99,32.34,33.93,6506700
2011-01-31,33.05,33.05,33.13,32.57,32.6,5390600
2011-02-01,33.51,33.51,33.86,33.22,33.25,4738000
2011-02-02,33.43,33.43,33.99,33.29,33.29,3046100
2011-02-03,33.53,33.53,33.6,32.98,33.27,3043800
2011-02-04,33.36,33.36,33.72,33.17,33.57,6534800
2011-02-07,33.56,33.56,33.69,33.35,33.48,3679400
2011-02-08,33.57,33.57,33.65,33.2,33.63,2074900
2011-02-09,33.01,33.01,33.49,32.72,33.47,4327600
2011-02-10,33.57,33.57,33.57,32.76,32.86,4010800
2011-02-11,33.67,33.67,33.68,33.1,33.42,3113400
2011-02-14,33.86,33.86,34.0,33.61,33.7,2746300
2011-02-15,33.94,33.94,34.0,33.47,33.68,3145600
2011-02-16,34.69,34.69,35.18,33.9,34.0,7727900
2011-02-17,34.98,34.98,35.1,34.42,34.48,4395700
2011-02-18,35.39,35.39,35.84,35.0,35.1,6779700
2011-02-22,33.74,33.74,35.13,33.72,34.93,6549600
2011-02-23,33.38,33.38,33.74,32.93,33.7,4734100
2011-02-24,33.45,33.45,33.63,32.94,33.35,3965500
2011-02-25,34.63,34.63,34.94,34.14,34.15,5620300
2011-02-28,34.5,34.5,35.0,34.16,34.68,4936900
2011-03-01,33.97,33.97,34.79,33.67,34.73,5908400
2011-03-02,34.48,34.48,34.82,33.91,33.94,4562000
2011-03-03,35.05,35.05,35.35,34.8,34.82,3148200
2011-03-04,35.27,35.27,35.5,34.7,34.94,4005900
2011-03-07,34.72,34.72,35.6,34.25,35.45,5003600
2011-03-08,35.29,35.29,35.66,34.44,34.8,3783800
2011-03-09,35.13,35.13,35.63,35.02,35.17,3435800
2011-03-10,34.86,34.86,35.16,34.15,34.68,5265900
2011-03-11,34.61,34.61,34.87,33.96,34.7,5058900
2011-03-14,34.08,34.08,34.45,33.52,34.22,5577100
2011-03-15,33.04,33.04,33.24,32.16,32.45,6682500
2011-03-16,32.09,32.09,32.8,31.79,32.68,8168600
2011-03-17,31.84,31.84,32.57,31.53,32.57,9127200
2011-03-18,31.99,31.99,32.4,31.93,32.11,6921600
2011-03-21,32.34,32.34,32.85,32.11,32.31,5670300
2011-03-22,32.88,32.88,33.04,32.28,32.34,11264800
2011-03-23,31.68,31.68,32.72,30.76,32.61,17689600
2011-03-24,32.59,32.59,32.71,31.73,31.73,11754200
2011-03-25,32.64,32.64,32.92,32.49,32.81,8997300
2011-03-28,32.43,32.43,32.81,32.33,32.81,5639400
2011-03-29,32.62,32.62,32.88,32.27,32.45,8032300
2011-03-30,32.95,32.95,33.06,32.72,32.79,7082600
2011-03-31,33.16,33.16,33.3,32.8,32.88,7720000
2011-04-01,34.16,34.16,34.64,33.34,33.53,10489700
2011-04-04,34.37,34.37,34.58,34.23,34.26,5498500
2011-04-05,34.18,34.18,34.42,34.06,34.2,5494500
2011-04-06,34.24,34.24,34.55,33.81,34.44,5304300
2011-04-07,34.48,34.48,34.59,34.08,34.11,5318800
2011-04-08,34.15,34.15,34.68,33.95,34.62,4721400
2011-04-11,34.38,34.38,34.71,34.19,34.2,6796900
2011-04-12,34.09,34.09,34.29,33.87,34.21,4631700
2011-04-13,34.21,34.21,34.44,33.79,34.3,5072100
2011-04-14,34.33,34.33,34.52,33.83,33.9,4628700
2011-04-15,34.51,34.51,34.73,34.24,34.41,6120900
2011-04-18,33.85,33.85,34.14,33.29,34.07,5449000
2011-04-19,33.65,33.65,34.02,33.58,33.85,4723300
2011-04-20,33.69,33.69,34.0,33.3,33.48,9636500
2011-04-21,33.48,33.48,33.76,33.38,33.69,6779600
2011-04-25,33.23,33.23,33.72,33.14,33.58,5236400
2011-04-26,33.13,33.13,33.35,32.91,33.28,7700000
2011-04-27,33.65,33.65,33.69,33.07,33.14,5092200
2011-04-28,34.02,34.02,34.14,33.64,33.64,3300000
2011-04-29,33.55,33.55,34.12,33.47,34.05,5228700
2011-05-02,33.55,33.55,33.95,33.46,33.68,3500800
2011-05-03,33.49,33.49,33.7,33.1,33.46,3000000
2011-05-04,33.22,33.22,33.58,33.0,33.41,3903300
2011-05-05,32.94,32.94,33.39,32.75,33.12,3500000
2011-05-06,33.4,33.4,33.88,33.09,33.32,4903100
2011-05-09,33.97,33.97,34.25,33.24,33.34,5395100
2011-05-10,34.75,34.75,34.86,34.01,34.1,4194200
2011-05-11,35.4,35.4,35.99,34.92,35.0,8700000
2011-05-12,35.86,35.86,35.89,35.18,35.32,6100000
2011-05-13,35.33,35.33,35.85,35.21,35.75,4072300
2011-05-16,34.39,34.39,35.36,34.34,35.13,3879500
2011-05-17,34.72,34.72,34.97,34.21,34.39,5348600
2011-05-18,34.87,34.87,34.95,34.43,34.6,2209800
2011-05-19,35.41,35.41,35.51,34.87,34.98,4252800
2011-05-20,35.31,35.31,35.67,35.21,35.46,3246700
2011-05-23,34.43,34.43,34.81,34.17,34.72,3605300
2011-05-24,34.14,34.14,34.69,33.99,34.56,2807100
2011-05-25,34.13,34.13,34.37,33.94,34.1,2961300
2011-05-26,34.54,34.54,34.63,33.96,34.07,2789400
2011-05-27,34.29,34.29,34.56,34.08,34.46,4040100
2011-05-31,34.63,34.63,34.84,34.41,34.61,3938000
2011-06-01,34.12,34.12,34.82,34.11,34.53,3569400
2011-06-02,34.26,34.26,34.28,33.72,34.07,6012000
2011-06-03,33.27,33.27,33.93,33.26,33.8,3930000
2011-06-06,32.84,32.84,33.41,32.82,33.2,3075400
2011-06-07,33.01,33.01,33.31,32.67,33.0,4301800
2011-06-08,32.24,32.24,33.01,32.2,32.87,4481300
2011-06-09,32.22,32.22,32.48,32.05,32.35,3550600
2011-06-10,31.67,31.67,32.23,31.58,32.23,5023200
2011-06-13,31.66,31.66,31.93,31.58,31.67,3756300
2011-06-14,32.09,32.09,32.52,31.8,31.95,4762700
2011-06-15,31.13,31.13,31.81,31.07,31.74,5132500
2011-06-16,30.8,30.8,31.24,30.43,31.09,5988200
2011-06-17,30.47,30.47,31.33,30.44,31.33,10549200
2011-06-20,30.95,30.95,31.09,30.26,30.27,8884600
2011-06-21,32.01,32.01,32.03,31.15,31.2,9031900
2011-06-22,30.01,30.01,30.77,29.78,30.3,22453100
2011-06-23,30.44,30.44,30.48,29.63,29.67,8866400
2011-06-24,29.97,29.97,30.34,29.73,30.27,8299100
2011-06-27,30.89,30.89,31.13,29.82,29.84,7080400
2011-06-28,30.79,30.79,31.03,30.71,31.03,5469600
2011-06-29,31.15,31.15,31.26,30.88,30.95,5023600
2011-06-30,31.45,31.45,31.6,31.05,31.21,5519700
2011-07-01,31.53,31.53,31.65,31.24,31.33,4218400
2011-07-05,31.52,31.52,31.6,31.24,31.42,3513400
2011-07-06,31.65,31.65,31.79,31.45,31.52,2873100
2011-07-07,32.07,32.07,32.35,31.76,31.85,4938000
2011-07-08,31.54,31.54,32.0,31.12,31.8,4917600
2011-07-11,30.98,30.98,31.33,30.76,31.18,3725400
2011-07-12,30.35,30.35,30.8,30.23,30.8,5665300
2011-07-13,30.07,30.07,30.77,29.97,30.52,5277400
2011-07-14,29.35,29.35,30.22,29.25,30.12,7159600
2011-07-15,29.29,29.29,29.57,29.02,29.43,5232800
2011-07-18,28.77,28.77,29.18,28.34,29.18,5789500
2011-07-19,29.4,29.4,29.63,28.93,29.02,4944300
2011-07-20,29.16,29.16,29.45,29.03,29.4,3747600
2011-07-21,29.56,29.56,30.03,29.17,29.22,6380700
2011-07-22,29.72,29.72,29.85,29.1,29.69,5349400
2011-07-25,29.65,29.65,29.83,29.32,29.56,3673100
2011-07-26,29.63,29.63,29.85,29.35,29.67,2910600
2011-07-27,28.5,28.5,29.48,28.46,29.46,6108100
2011-07-28,28.02,28.02,28.66,28.0,28.43,9289100
2011-07-29,27.71,27.71,28.15,27.63,28.0,8024200
2011-08-01,27.67,27.67,28.04,27.23,27.95,6798000
2011-08-02,27.03,27.03,27.75,27.01,27.51,4707900
2011-08-03,27.37,27.37,27.41,26.57,27.12,4832100
2011-08-04,26.15,26.15,27.12,26.12,26.91,11350400
2011-08-05,25.62,25.62,26.5,25.16,26.4,14940600
2011-08-08,23.91,23.91,25.21,23.91,24.77,11923600
2011-08-09,24.81,24.81,24.85,23.2,24.09,12034700
2011-08-10,22.8,22.8,24.37,22.75,24.25,14534600
2011-08-11,24.0,24.0,24.33,22.67,22.98,14533400
2011-08-12,24.1,24.1,24.27,23.78,23.88,7304800
2011-08-15,24.65,24.65,24.65,24.15,24.16,4258500
2011-08-16,24.63,24.63,24.76,24.22,24.33,7402600
2011-08-17,24.56,24.56,25.15,24.31,24.57,5754300
2011-08-18,23.28,23.28,23.85,23.0,23.8,10522500
2011-08-19,22.69,22.69,23.68,22.67,23.05,7304500
2011-08-22,23.17,23.17,23.36,22.84,23.19,6028400
2011-08-23,23.78,23.78,23.78,23.18,23.3,6317800
2011-08-24,24.1,24.1,24.14,23.45,23.74,5972600
2011-08-25,23.87,23.87,24.46,23.75,24.29,6834100
2011-08-26,24.54,24.54,24.75,23.55,23.82,4268400
2011-08-29,25.52,25.52,25.58,24.84,24.96,3896000
2011-08-30,25.19,25.19,25.39,24.9,25.2,5029900
2011-08-31,25.24,25.24,25.87,25.04,25.35,5257300
2011-09-01,24.77,24.77,25.43,24.69,25.35,4679400
2011-09-02,24.15,24.15,24.32,23.77,24.29,6477100
2011-09-06,23.74,23.74,23.81,23.2,23.46,5579700
2011-09-07,25.3,25.3,25.34,24.02,24.1,7951500
2011-09-08,24.99,24.99,25.25,24.86,25.23,5993400
2011-09-09,24.64,24.64,25.1,24.43,24.73,6805600
2011-09-12,25.2,25.2,25.23,24.24,24.32,6505500
2011-09-13,25.18,25.18,25.44,24.86,25.25,7253900
2011-09-14,25.76,25.76,26.1,24.99,25.36,5069300
2011-09-15,26.12,26.12,26.18,25.69,26.03,5478600
2011-09-16,25.52,25.52,25.85,25.25,25.81,13048300
2011-09-19,25.27,25.27,25.51,24.84,25.22,7670200
2011-09-20,24.64,24.64,25.4,24.53,25.4,11626800
2011-09-21,24.89,24.89,26.3,24.88,25.95,15700200
2011-09-22,24.31,24.31,24.4,23.87,23.99,11130000
2011-09-23,24.88,24.88,25.0,23.97,24.16,5681700
2011-09-26,25.13,25.13,25.17,24.31,24.99,5245200
2011-09-27,25.56,25.56,26.14,25.36,25.54,5871400
2011-09-28,25.11,25.11,25.8,25.04,25.62,4783900
2011-09-29,24.99,24.99,25.83,24.45,25.6,6030100
2011-09-30,24.17,24.17,24.7,24.14,24.6,6563300
2011-10-03,23.26,23.26,24.22,23.24,23.9,7995200
2011-10-04,24.04,24.04,24.07,22.89,22.97,7106200
2011-10-05,24.68,24.68,24.8,23.74,24.07,5511200
2011-10-06,25.33,25.33,25.34,24.49,24.6,3846300
2011-10-07,25.28,25.28,25.68,25.03,25.42,4105500
2011-10-10,25.76,25.76,26.08,25.45,25.74,4036200
2011-10-11,25.84,25.84,26.07,25.53,25.73,4367100
2011-10-12,25.88,25.88,26.28,25.8,26.09,4819100
2011-10-13,25.8,25.8,25.89,25.39,25.8,4516800
2011-10-14,26.81,26.81,27.65,26.37,27.13,18683900
2011-10-17,26.24,26.24,27.06,26.11,26.99,5372800
2011-10-18,26.76,26.76,26.99,25.86,26.3,9990500
2011-10-19,26.02,26.02,26.75,25.91,26.57,3908200
2011-10-20,26.08,26.08,26.2,25.5,26.03,8007200
2011-10-21,27.3,27.3,27.41,26.36,26.39,7311100
2011-10-24,28.2,28.2,28.23,27.24,27.31,6770700
2011-10-25,27.85,27.85,28.28,27.77,28.05,6455700
2011-10-26,27.81,27.81,28.15,27.25,28.09,6735200
2011-10-27,28.34,28.34,28.68,28.14,28.51,7891500
2011-10-28,29.02,29.02,29.06,28.08,28.15,4545700
2011-10-31,29.41,29.41,29.72,28.45,28.48,12805900
2011-11-01,28.59,28.59,28.85,28.13,28.52,12232200
2011-11-02,29.35,29.35,29.67,28.83,28.88,9150300
2011-11-03,30.16,30.16,30.22,29.49,29.63,5568800
2011-11-04,29.79,29.79,30.07,29.61,29.97,6212200
2011-11-07,29.92,29.92,29.99,29.04,29.67,4303500
2011-11-08,30.42,30.42,30.68,30.04,30.16,6593900
2011-11-09,28.08,28.08,28.48,26.13,27.49,27277200
2011-11-10,28.03,28.03,28.28,27.62,28.22,8969500
2011-11-11,28.43,28.43,28.79,28.02,28.17,8354700
2011-11-14,28.24,28.24,28.74,28.16,28.35,4715500
2011-11-15,28.47,28.47,28.59,28.11,28.13,5688900
2011-11-16,28.54,28.54,29.07,28.0,28.24,6319800
2011-11-17,27.69,27.69,28.55,27.49,28.48,6939600
2011-11-18,27.18,27.18,27.76,27.13,27.72,6119700
2011-11-21,26.63,26.63,26.86,26.33,26.85,6730600
2011-11-22,26.33,26.33,26.65,26.2,26.47,5008100
2011-11-23,25.94,25.94,26.17,25.8,26.05,5496100
2011-11-25,25.83,25.83,26.06,25.72,25.72,2946700
2011-11-28,26.62,26.62,26.88,26.41,26.49,5923300
2011-11-29,26.07,26.07,26.69,25.94,26.69,8097000
2011-11-30,27.42,27.42,27.43,26.61,26.8,6276100
2011-12-01,27.14,27.14,27.45,26.9,26.93,4908200
2011-12-02,27.11,27.11,27.45,27.01,27.35,3752600
2011-12-05,27.91,27.91,28.07,27.25,27.43,4979900
2011-12-06,27.96,27.96,28.18,27.84,28.01,4075400
2011-12-07,27.86,27.86,27.99,27.16,27.87,5501100
2011-12-08,27.38,27.38,28.11,27.32,27.74,4742300
2011-12-09,28.04,28.04,28.15,27.3,27.35,4227400
2011-12-12,27.39,27.39,27.8,27.1,27.73,4825100
2011-12-13,26.99,26.99,27.7,26.89,27.55,8728700
2011-12-14,26.52,26.52,27.15,26.25,26.8,7277900
2011-12-15,26.46,26.46,27.01,26.39,26.8,5819000
2011-12-16,28.2,28.2,28.93,27.62,27.73,14464700
2011-12-19,27.51,27.51,28.29,27.4,28.06,6635000
2011-12-20,28.44,28.44,28.49,27.86,27.95,4505300
2011-12-21,27.97,27.97,28.38,27.4,28.29,7383600
2011-12-22,27.89,27.89,28.25,27.7,28.05,5299700
2011-12-23,28.29,28.29,28.3,27.95,28.04,3131900
2011-12-27,28.5,28.5,28.76,28.16,28.25,3246500
2011-12-28,28.02,28.02,28.58,27.93,28.45,2500500
2011-12-29,28.31,28.31,28.45,27.98,28.02,2579800
2011-12-30,28.27,28.27,28.64,28.26,28.26,3471900
2012-01-03,28.57,28.57,29.01,28.51,28.7,4495100
2012-01-04,28.28,28.28,28.59,28.04,28.5,3852400
2012-01-05,28.48,28.48,28.62,28.05,28.07,2999500
2012-01-06,28.72,28.72,28.79,28.14,28.37,5781700
2012-01-09,28.53,28.53,28.83,28.44,28.76,3514700
2012-01-10,29.2,29.2,29.35,28.61,28.61,4442700
2012-01-11,29.32,29.32,29.39,28.96,29.16,3306300
2012-01-12,29.23,29.23,29.47,28.83,29.43,3704300
2012-01-13,28.97,28.97,29.18,28.45,29.11,2903900
2012-01-17,29.35,29.35,29.48,28.99,29.17,2903500
2012-01-18,29.89,29.89,29.89,29.22,29.27,4553700
2012-01-19,30.24,30.24,30.28,29.88,29.91,4303100
2012-01-20,30.5,30.5,30.55,30.18,30.28,4091200
2012-01-23,30.23,30.23,30.78,29.98,30.33,5378200
2012-01-24,30.95,30.95,31.0,30.08,30.17,4715800
2012-01-25,31.34,31.34,31.4,30.51,30.59,5459800
2012-01-26,31.18,31.18,31.77,31.0,31.15,4287800
2012-01-27,31.05,31.05,31.21,30.31,30.47,4291000
2012-01-30,31.0,31.0,31.13,30.55,30.69,5184400
2012-01-31,30.95,30.95,31.25,30.85,31.18,3753600
2012-02-01,31.24,31.24,31.5,31.09,31.2,4654400
2012-02-02,31.29,31.29,31.68,31.21,31.24,3803900
2012-02-03,31.85,31.85,32.17,31.6,31.7,4588200
2012-02-06,31.86,31.86,32.35,31.52,31.61,4536300
2012-02-07,32.28,32.28,32.4,31.7,31.74,3404200
2012-02-08,32.1,32.1,32.39,31.93,32.2,3607700
2012-02-09,32.65,32.65,32.69,32.09,32.09,4711900
2012-02-10,32.21,32.21,32.46,32.05,32.28,2819800
2012-02-13,32.35,32.35,32.65,32.0,32.42,3260800
2012-02-14,32.44,32.44,32.44,32.06,32.2,4953200
2012-02-15,32.46,32.46,32.65,32.35,32.49,3311500
2012-02-16,32.86,32.86,32.91,32.45,32.45,3085700
2012-02-17,32.75,32.75,33.05,32.75,32.96,3686400
2012-02-21,32.54,32.54,33.06,32.47,32.74,3655400
2012-02-22,32.33,32.33,32.89,32.24,32.45,3389700
2012-02-23,32.97,32.97,33.01,32.1,32.21,3119200
2012-02-24,33.41,33.41,33.5,32.86,32.91,3481200
2012-02-27,33.27,33.27,33.5,33.09,33.18,3204400
2012-02-28,33.27,33.27,33.44,32.98,33.36,4147800
2012-02-29,32.89,32.89,33.44,32.86,33.21,4103100
2012-03-01,33.1,33.1,33.29,32.77,32.86,2898900
2012-03-02,33.73,33.73,33.83,32.91,33.0,4979600
2012-03-05,33.22,33.22,33.61,33.04,33.56,3307800
2012-03-06,31.99,31.99,33.1,31.9,32.8,7675000
2012-03-07,32.41,32.41,32.56,31.96,32.13,3326400
2012-03-08,33.05,33.05,33.15,32.67,32.68,3198700
2012-03-09,33.64,33.64,33.65,33.08,33.19,2910700
2012-03-12,33.56,33.56,33.85,33.27,33.5,2487300
2012-03-13,34.22,34.22,34.22,33.42,33.79,3425700
2012-03-14,33.77,33.77,34.24,33.66,34.24,3607000
2012-03-15,34.17,34.17,34.2,33.63,33.86,3685800
2012-03-16,33.82,33.82,34.15,33.66,34.06,5093300
2012-03-19,34.51,34.51,34.55,33.56,34.08,6819300
2012-03-20,33.16,33.16,33.94,32.88,33.38,16394100
2012-03-21,33.56,33.56,33.83,33.1,33.1,5680100
2012-03-22,33.71,33.71,33.8,33.22,33.31,5121700
2012-03-23,33.81,33.81,33.84,33.5,33.71,3253200
2012-03-26,34.4,34.4,34.42,33.93,33.99,4668400
2012-03-27,34.63,34.63,34.71,34.28,34.33,4376000
2012-03-28,34.46,34.46,34.75,34.28,34.52,4223100
2012-03-29,34.48,34.48,34.55,34.16,34.32,2459000
2012-03-30,34.31,34.31,34.69,34.24,34.69,5232500
2012-04-02,34.7,34.7,34.78,33.8,34.14,4110500
2012-04-03,34.31,34.31,34.61,33.99,34.52,2879500
2012-04-04,33.46,33.46,34.03,33.36,33.98,4357800
2012-04-05,33.59,33.59,33.62,33.14,33.17,3987700
2012-04-09,33.22,33.22,33.36,32.77,33.02,3478300
2012-04-10,32.61,32.61,33.43,32.53,33.15,5460200
2012-04-11,33.01,33.01,33.1,32.63,32.97,3586400
2012-04-12,33.55,33.55,33.65,32.87,33.02,3053400
2012-04-13,33.18,33.18,33.61,33.16,33.4,2784700
2012-04-16,32.85,32.85,33.37,32.69,33.22,3281300
2012-04-17,33.84,33.84,33.98,32.93,33.13,4049900
2012-04-18,33.39,33.39,33.63,33.25,33.58,2369000
2012-04-19,32.9,32.9,33.7,32.69,33.2,3452900
2012-04-20,33.06,33.06,33.74,32.69,32.92,3970600
2012-04-23,32.62,32.62,32.84,32.32,32.84,3580700
2012-04-24,32.4,32.4,32.83,32.23,32.66,4756700
2012-04-25,33.13,33.13,33.27,32.46,32.64,3742100
2012-04-26,33.26,33.26,33.32,32.92,32.99,2999500
2012-04-27,33.58,33.58,33.79,33.21,33.38,3277600
2012-04-30,33.55,33.55,33.62,33.4,33.46,2678900
2012-05-01,33.77,33.77,34.09,33.47,33.59,2578700
2012-05-02,33.76,33.76,33.88,33.27,33.63,1612300
2012-05-03,33.32,33.32,33.94,33.24,33.77,2670300
2012-05-04,32.61,32.61,33.21,32.5,32.99,2991800
2012-05-07,32.52,32.52,32.9,32.33,32.48,3323000
2012-05-08,32.67,32.67,32.75,31.88,32.29,3592100
2012-05-09,32.52,32.52,32.72,31.82,32.29,4057300
2012-05-10,31.92,31.92,32.82,31.65,32.73,4811500
2012-05-11,32.2,32.2,32.46,31.7,31.9,3183500
2012-05-14,32.23,32.23,32.52,31.67,31.81,3133400
2012-05-15,32.33,32.33,32.85,32.13,32.23,2540300
2012-05-16,32.36,32.36,32.74,32.19,32.44,4373600
2012-05-17,32.01,32.01,32.62,32.01,32.38,4762700
2012-05-18,31.31,31.31,32.1,31.29,32.1,4238200
2012-05-21,32.01,32.01,32.07,30.94,31.45,3420000
2012-05-22,32.01,32.01,32.25,31.63,31.97,3476700
2012-05-23,32.18,32.18,32.21,31.46,31.7,4300000
2012-05-24,31.54,31.54,32.17,31.36,32.17,4116500
2012-05-25,31.6,31.6,31.9,31.5,31.64,2000300
2012-05-29,32.05,32.05,32.26,31.61,31.88,3171200
2012-05-30,31.29,31.29,31.83,31.13,31.83,3426400
2012-05-31,31.05,31.05,31.38,30.76,31.34,4736000
2012-06-01,29.82,29.82,30.62,29.81,30.37,4362000
2012-06-04,30.31,30.31,30.62,29.88,29.88,3668100
2012-06-05,30.71,30.71,30.74,30.19,30.19,2263800
2012-06-06,31.69,31.69,31.72,30.67,30.91,3092800
2012-06-07,31.32,31.32,32.12,31.24,32.06,4293100
2012-06-08,31.65,31.65,31.69,31.2,31.25,3095900
2012-06-11,31.13,31.13,31.95,31.09,31.9,3811400
2012-06-12,31.77,31.77,31.78,31.2,31.34,3305700
2012-06-13,31.79,31.79,32.09,31.54,31.65,4141000
2012-06-14,31.67,31.67,31.85,31.13,31.35,6732700
2012-06-15,32.39,32.39,32.42,31.44,31.75,5442600
2012-06-18,32.63,32.63,32.68,32.08,32.27,4579500
2012-06-19,32.89,32.89,33.19,32.67,32.84,6714500
2012-06-20,31.99,31.99,32.49,30.38,30.68,18924900
2012-06-21,31.23,31.23,31.94,31.13,31.82,7167100
2012-06-22,31.57,31.57,31.74,31.19,31.4,7841700
2012-06-25,30.85,30.85,31.36,30.8,31.26,2595400
2012-06-26,31.07,31.07,31.2,30.71,30.9,2208600
2012-06-27,31.41,31.41,31.55,31.1,31.28,1960300
2012-06-28,31.17,31.17,31.37,30.75,31.26,2887800
2012-06-29,32.37,32.37,32.37,31.68,31.74,4451000
2012-07-02,32.19,32.19,32.25,31.86,31.86,3895800
2012-07-03,32.51,32.51,32.51,32.01,32.01,2107800
2012-07-05,32.53,32.53,32.68,32.19,32.22,2973000
2012-07-06,31.37,31.37,32.48,31.22,32.2,5272700
2012-07-09,30.43,30.43,31.53,30.4,31.29,5342900
2012-07-10,30.44,30.44,30.88,30.21,30.7,4084700
2012-07-11,30.2,30.2,30.51,29.97,30.51,2611700
2012-07-12,30.14,30.14,30.31,29.52,30.11,4716800
2012-07-13,30.65,30.65,30.78,30.06,30.18,2719000
2012-07-16,30.4,30.4,30.65,30.24,30.65,1879600
2012-07-17,30.65,30.65,30.71,29.98,30.71,3314000
2012-07-18,31.43,31.43,31.57,30.55,30.65,3124400
2012-07-19,31.89,31.89,32.11,31.41,31.51,3645700
2012-07-20,31.38,31.38,32.05,31.35,31.93,4063500
2012-07-23,30.64,30.64,30.82,30.23,30.81,2689800
2012-07-24,30.02,30.02,30.75,29.81,30.67,2866400
2012-07-25,30.33,30.33,30.52,29.98,30.06,3003700
2012-07-26,30.95,30.95,31.41,30.49,30.85,3644200
2012-07-27,31.9,31.9,32.0,31.17,31.26,3312900
2012-07-30,31.01,31.01,31.95,30.92,31.89,4261200
2012-07-31,30.88,30.88,31.27,30.84,30.99,2662900
2012-08-01,30.69,30.69,31.17,30.64,31.05,2738800
2012-08-02,30.58,30.58,30.83,30.25,30.46,2640000
2012-08-03,32.02,32.02,32.06,31.05,31.15,3617100
2012-08-06,32.14,32.14,32.32,32.01,32.02,2910600
2012-08-07,32.37,32.37,32.58,32.22,32.24,2569000
2012-08-08,32.51,32.51,32.64,32.19,32.19,2156700
2012-08-09,32.65,32.65,32.94,32.42,32.6,4344400
2012-08-10,32.64,32.64,32.69,32.43,32.57,2975800
2012-08-13,32.27,32.27,32.55,32.09,32.48,2433900
2012-08-14,32.11,32.11,32.55,32.0,32.51,2712500
2012-08-15,32.91,32.91,32.95,32.12,32.24,3632300
2012-08-16,33.65,33.65,33.72,32.87,32.89,4020000
2012-08-17,33.8,33.8,33.91,33.42,33.73,3823000
2012-08-20,33.92,33.92,33.94,33.36,33.66,3465000
2012-08-21,33.75,33.75,34.09,33.6,33.78,3493200
2012-08-22,33.84,33.84,33.98,33.62,33.74,2871000
2012-08-23,33.5,33.5,33.8,33.35,33.66,2566700
2012-08-24,32.26,32.26,32.58,31.83,32.58,8759600
2012-08-27,32.32,32.32,32.75,32.3,32.47,4457400
2012-08-28,32.06,32.06,32.46,32.03,32.36,4139800
2012-08-29,31.96,31.96,32.24,31.61,32.14,4560900
2012-08-30,31.46,31.46,31.85,31.35,31.77,3174800
2012-08-31,31.27,31.27,31.9,31.0,31.65,5966300
2012-09-04,31.44,31.44,31.51,31.01,31.24,4419800
2012-09-05,32.26,32.26,32.26,31.26,31.39,6289600
2012-09-06,32.79,32.79,32.98,32.26,32.26,4577200
2012-09-07,32.46,32.46,32.89,32.39,32.83,3581300
2012-09-10,32.13,32.13,32.57,32.11,32.36,3865300
2012-09-11,32.43,32.43,32.59,31.94,32.06,3929200
2012-09-12,32.42,32.42,32.88,32.33,32.59,3564800
2012-09-13,32.81,32.81,33.07,32.32,32.49,4195200
2012-09-14,33.34,33.34,33.38,32.74,32.93,3862300
2012-09-17,33.41,33.41,33.42,32.99,33.29,3407700
2012-09-18,32.57,32.57,33.26,32.49,33.23,5954700
2012-09-19,33.12,33.12,33.17,32.46,32.8,7805300
2012-09-20,34.53,34.53,34.55,33.0,33.25,12398400
2012-09-21,33.83,33.83,34.49,33.47,34.36,8794400
2012-09-24,33.42,33.42,33.76,33.26,33.39,5348300
2012-09-25,32.9,32.9,33.75,32.87,33.7,6122000
2012-09-26,32.53,32.53,32.98,32.42,32.91,3406100
2012-09-27,32.8,32.8,32.94,32.43,32.67,3487600
2012-09-28,32.44,32.44,32.93,32.39,32.65,4017900
2012-10-01,32.62,32.62,32.85,32.35,32.58,5201900
2012-10-02,32.57,32.57,32.91,32.32,32.82,3381600
2012-10-03,32.6,32.6,32.85,32.52,32.73,2455700
2012-10-04,32.68,32.68,32.79,32.2,32.54,3886900
2012-10-05,32.47,32.47,33.03,32.39,32.83,2505100
2012-10-08,32.23,32.23,32.47,32.02,32.26,2154800
2012-10-09,31.69,31.69,32.25,31.56,32.22,3504400
2012-10-10,31.51,31.51,31.8,31.33,31.64,2481700
2012-10-11,31.78,31.78,31.91,31.58,31.85,2854600
2012-10-12,31.94,31.94,32.05,31.69,31.78,3040300
2012-10-15,32.33,32.33,32.35,31.88,32.01,3143200
2012-10-16,33.24,33.24,33.35,32.3,32.44,4782200
2012-10-17,33.44,33.44,33.54,32.92,33.12,5146400
2012-10-18,33.47,33.47,33.68,33.24,33.45,3913800
2012-10-19,33.24,33.24,33.65,33.14,33.45,5562600
2012-10-22,33.49,33.49,33.55,33.17,33.44,3684900
2012-10-23,33.31,33.31,33.44,32.97,33.19,3151800
2012-10-24,33.36,33.36,33.6,33.28,33.56,3381500
2012-10-25,33.4,33.4,33.69,33.27,33.53,2868700
2012-10-26,34.01,34.01,34.09,32.99,33.13,6310600
2012-10-31,34.03,34.03,34.05,33.76,34.0,4253100
2012-11-01,34.36,34.36,34.64,33.89,34.08,3681700
2012-11-02,34.39,34.39,34.6,34.23,34.59,4006300
2012-11-05,34.24,34.24,34.33,33.84,34.18,2808500
2012-11-06,34.39,34.39,34.66,34.24,34.42,2678900
2012-11-07,33.47,33.47,34.15,33.46,34.11,4681500
2012-11-08,32.98,32.98,33.57,32.92,33.5,4247900
2012-11-09,32.9,32.9,33.28,32.89,33.01,2581600
2012-11-12,32.7,32.7,33.03,32.66,32.95,1911900
2012-11-13,32.54,32.54,32.92,32.35,32.55,2597200
2012-11-14,32.24,32.24,32.77,32.16,32.6,5566500
2012-11-15,32.64,32.64,32.72,32.14,32.38,3817700
2012-11-16,32.65,32.65,32.75,32.27,32.58,3447300
2012-11-19,32.92,32.92,33.0,32.71,32.93,2645500
2012-11-20,32.64,32.64,32.95,32.52,32.8,2345400
2012-11-21,32.84,32.84,32.98,32.53,32.75,1703700
2012-11-23,33.4,33.4,33.43,32.99,33.06,1449800
2012-11-26,33.29,33.29,33.33,33.05,33.22,2348500
2012-11-27,33.18,33.18,33.59,33.16,33.19,2180400
2012-11-28,33.88,33.88,33.94,32.94,33.16,2612600
2012-11-29,34.09,34.09,34.17,33.78,34.08,3353700
2012-11-30,34.61,34.61,34.81,33.85,34.19,4935400
2012-12-03,34.7,34.7,34.85,34.57,34.78,3146300
2012-12-04,35.3,35.3,35.64,34.67,34.79,6744100
2012-12-05,35.4,35.4,35.63,34.86,35.3,4277000
2012-12-06,35.14,35.14,35.68,35.0,35.25,5571900
2012-12-07,35.48,35.48,35.5,34.94,35.4,2725400
2012-12-10,35.75,35.75,35.78,35.4,35.45,3542100
2012-12-11,35.54,35.54,36.11,35.47,35.8,5912900
2012-12-12,35.96,35.96,36.28,35.69,35.73,4598200
2012-12-13,35.53,35.53,36.5,35.19,36.01,7746200
2012-12-14,37.56,37.56,38.1,37.0,37.2,17447900
2012-12-17,37.42,37.42,37.43,36.9,37.07,8928100
2012-12-18,37.49,37.49,37.51,37.18,37.42,7652400
2012-12-19,38.09,38.09,38.25,37.35,37.39,5853300
2012-12-20,37.87,37.87,38.16,37.79,38.08,4330300
2012-12-21,37.71,37.71,38.0,37.35,37.36,7975900
2012-12-24,37.53,37.53,37.82,37.31,37.76,2448000
2012-12-26,37.55,37.55,37.99,37.26,37.48,2437600
2012-12-27,37.3,37.3,37.62,36.83,37.49,3422700
2012-12-28,36.9,36.9,37.4,36.89,36.91,3171600
2012-12-31,37.68,37.68,37.7,36.65,36.8,4634600
2013-01-02,38.34,38.34,38.73,37.92,37.92,6483800
2013-01-03,37.75,37.75,38.3,37.66,38.14,3906000
2013-01-04,38.13,38.13,38.19,37.62,37.88,3809300
2013-01-07,37.94,37.94,38.21,37.7,37.81,3632100
2013-01-08,38.14,38.14,38.2,37.75,37.78,3080900
2013-01-09,38.66,38.66,38.71,38.1,38.16,4083100
2013-01-10,38.62,38.62,38.78,38.09,38.75,3645200
2013-01-11,38.09,38.09,38.73,37.89,38.65,3511300
2013-01-14,38.16,38.16,38.2,37.81,37.99,3048600
2013-01-15,38.15,38.15,38.46,37.84,37.86,2968100
2013-01-16,37.88,37.88,38.27,37.81,38.12,2640700
2013-01-17,37.73,37.73,38.09,37.71,37.76,4089500
2013-01-18,37.98,37.98,37.99,37.36,37.81,5561400
2013-01-22,37.95,37.95,38.02,37.57,37.87,2475400
2013-01-23,38.25,38.25,38.28,37.89,37.94,3309000
2013-01-24,38.11,38.11,38.7,37.99,38.15,2605600
2013-01-25,38.32,38.32,38.53,38.02,38.05,3273000
2013-01-28,38.24,38.24,38.41,37.9,37.91,3536100
2013-01-29,38.52,38.52,38.56,37.81,38.11,2935900
2013-01-30,37.94,37.94,38.51,37.88,38.5,2693600
2013-01-31,37.83,37.83,38.23,37.68,38.0,3291900
2013-02-01,38.34,38.34,38.48,37.91,38.2,2416100
2013-02-04,38.1,38.1,38.44,37.82,38.19,2928000
2013-02-05,38.51,38.51,38.57,38.01,38.2,2355600
2013-02-06,38.4,38.4,38.65,38.26,38.36,2567800
2013-02-07,38.07,38.07,38.39,37.66,38.26,3110300
2013-02-08,39.12,39.12,39.45,38.15,38.31,5104600
2013-02-11,38.64,38.64,39.05,38.53,38.99,2333800
2013-02-12,38.89,38.89,39.13,38.12,38.55,3279500
2013-02-13,38.81,38.81,39.15,38.67,38.9,2491000
2013-02-14,38.61,38.61,38.92,38.3,38.7,4929700
2013-02-15,38.63,38.63,38.76,38.38,38.51,2367900
2013-02-19,38.99,38.99,39.0,38.52,38.58,2056500
2013-02-20,38.77,38.77,39.28,38.75,39.05,3129600
2013-02-21,38.34,38.34,38.82,38.3,38.82,2872700
2013-02-22,38.55,38.55,38.87,38.37,38.54,2835500
2013-02-25,38.11,38.11,39.09,38.1,38.66,2738700
2013-02-26,38.59,38.59,38.66,38.09,38.14,2925000
2013-02-27,39.6,39.6,39.75,38.1,38.32,5285300
2013-02-28,39.31,39.31,39.94,39.29,39.54,3637600
2013-03-01,39.83,39.83,39.88,38.96,39.3,2328200
2013-03-04,40.46,40.46,40.47,39.45,39.74,2423600
2013-03-05,41.46,41.46,41.49,40.68,40.76,4236600
2013-03-06,41.29,41.29,41.77,41.13,41.47,2835600
2013-03-07,41.5,41.5,41.59,41.2,41.4,2678600
2013-03-08,41.5,41.5,41.91,41.32,41.75,3330300
2013-03-11,41.48,41.48,41.54,40.96,41.12,4632400
2013-03-12,41.4,41.4,41.53,41.15,41.53,3454800
2013-03-13,41.59,41.59,41.81,41.3,41.5,2892500
2013-03-14,41.62,41.62,41.93,41.44,41.82,2762900
2013-03-15,41.38,41.38,41.79,41.32,41.45,5424200
2013-03-18,41.06,41.06,41.48,40.21,41.08,3311300
2013-03-19,40.75,40.75,41.37,40.49,41.1,4767400
2013-03-20,42.46,42.46,43.23,41.99,42.7,10733400
2013-03-21,42.18,42.18,42.63,41.9,41.99,5659400
2013-03-22,42.97,42.97,43.23,42.11,42.17,5619500
2013-03-25,42.49,42.49,43.42,42.41,42.9,5296600
2013-03-26,42.75,42.75,42.95,42.46,42.66,2125400
2013-03-27,42.66,42.66,42.88,42.38,42.6,1707000
2013-03-28,43.52,43.52,43.59,42.42,42.54,4075200
2013-04-01,43.38,43.38,43.78,43.23,43.36,3398000
2013-04-02,43.85,43.85,43.89,43.36,43.5,3371600
2013-04-03,43.7,43.7,43.84,43.49,43.78,5043100
2013-04-04,44.21,44.21,44.25,43.44,43.74,5109900
2013-04-05,43.38,43.38,43.86,43.21,43.42,4307900
2013-04-08,43.79,43.79,43.8,43.13,43.27,2814100
2013-04-09,44.17,44.17,44.26,43.34,43.71,2529400
2013-04-10,44.7,44.7,45.4,44.33,44.42,5795400
2013-04-11,45.21,45.21,45.53,44.8,45.04,5896300
2013-04-12,45.03,45.03,45.16,44.74,45.15,2817700
2013-04-15,44.6,44.6,45.46,44.59,44.81,3553100
2013-04-16,45.28,45.28,45.35,44.77,44.77,2226500
2013-04-17,44.9,44.9,45.17,44.51,44.86,3421200
2013-04-18,44.46,44.46,45.2,44.34,45.18,2995900
2013-04-19,44.74,44.74,44.81,44.31,44.6,2746900
2013-04-22,44.53,44.53,45.2,44.33,45.0,2026400
2013-04-23,44.87,44.87,45.36,44.44,44.84,2163800
2013-04-24,44.67,44.67,45.05,44.52,44.91,2223500
2013-04-25,45.05,45.05,45.21,44.56,44.75,2131900
2013-04-26,44.91,44.91,45.18,44.78,44.84,2300100
2013-04-29,45.06,45.06,45.59,44.82,44.89,3553200
2013-04-30,45.08,45.08,45.15,44.55,44.76,4313200
2013-05-01,44.71,44.71,45.73,44.61,45.14,3817600
2013-05-02,45.69,45.69,45.88,44.63,44.65,2738500
2013-05-03,47.01,47.01,47.17,45.82,46.0,4226500
2013-05-06,46.49,46.49,47.14,46.48,47.0,3078200
2013-05-07,45.6,45.6,46.68,45.29,46.46,6863000
2013-05-08,45.32,45.32,45.64,45.16,45.51,3318900
2013-05-09,43.97,43.97,45.25,43.47,45.22,9319000
2013-05-10,44.02,44.02,44.2,43.75,44.12,4571200
2013-05-13,43.61,43.61,44.01,43.49,43.98,2768000
2013-05-14,44.04,44.04,44.1,43.6,43.7,4305000
2013-05-15,45.07,45.07,45.11,43.95,44.06,3646000
2013-05-16,44.56,44.56,45.34,44.48,44.96,2609100
2013-05-17,44.61,44.61,44.76,44.33,44.6,3688200
2013-05-20,44.29,44.29,44.68,44.15,44.55,1491100
2013-05-21,44.02,44.02,44.48,43.89,44.21,1828200
2013-05-22,43.17,43.17,44.31,42.95,44.12,3026400
2013-05-23,42.77,42.77,43.14,42.57,42.66,3339700
2013-05-24,42.43,42.43,42.53,41.91,42.32,3766200
2013-05-28,42.91,42.91,43.13,42.65,42.78,2655900
2013-05-29,42.6,42.6,42.87,42.39,42.75,3280900
2013-05-30,43.19,43.19,43.38,42.5,42.65,2755500
2013-05-31,42.91,42.91,43.55,42.66,42.92,3133200
2013-06-03,43.46,43.46,43.48,42.76,42.98,2884800
2013-06-04,44.39,44.39,44.8,43.53,43.67,5249400
2013-06-05,43.84,43.84,44.58,43.81,44.39,3385600
2013-06-06,43.57,43.57,44.05,43.26,43.84,3760900
2013-06-07,44.12,44.12,44.41,43.66,43.86,2895300
2013-06-10,44.09,44.09,44.34,43.84,44.3,1833900
2013-06-11,43.12,43.12,43.85,43.1,43.6,2487100
2013-06-12,42.72,42.72,43.46,42.61,43.31,2124500
2013-06-13,43.3,43.3,43.36,42.39,42.74,2002400
2013-06-14,42.84,42.84,43.57,42.7,43.33,2320100
2013-06-17,43.39,43.39,43.76,42.97,43.22,2677100
2013-06-18,43.36,43.36,44.2,43.22,43.55,5433900
2013-06-19,45.78,45.78,46.44,45.35,46.43,12566000
2013-06-20,44.9,44.9,45.29,44.45,45.28,5488700
2013-06-21,44.77,44.77,45.0,44.23,44.92,6294400
2013-06-24,43.6,43.6,44.6,43.37,44.34,4492900
2013-06-25,44.37,44.37,44.44,43.46,44.04,3366300
2013-06-26,45.68,45.68,45.92,44.9,44.95,5356400
2013-06-27,45.93,45.93,46.27,45.59,45.9,2916500
2013-06-28,45.56,45.56,45.99,45.39,45.99,4052600
2013-07-01,46.24,46.24,47.19,44.88,45.23,6341400
2013-07-02,46.03,46.03,46.48,45.72,46.0,3025100
2013-07-03,46.42,46.42,46.82,45.66,45.71,1597300
2013-07-05,47.0,47.0,47.1,46.55,46.69,1614600
2013-07-08,46.63,46.63,47.49,46.44,47.03,2813100
2013-07-09,47.26,47.26,47.31,46.73,46.76,2578900
2013-07-10,47.25,47.25,47.33,46.64,47.09,2684700
2013-07-11,47.99,47.99,48.0,47.5,47.62,3293500
2013-07-12,48.39,48.39,48.63,48.08,48.35,4135700
2013-07-15,48.12,48.12,48.46,48.1,48.25,2122800
2013-07-16,47.49,47.49,48.13,47.36,48.05,2473100
2013-07-17,48.04,48.04,48.4,47.78,48.17,3135800
2013-07-18,48.19,48.19,48.52,48.01,48.04,2641600
2013-07-19,48.07,48.07,48.47,47.93,48.26,2764000
2013-07-22,48.28,48.28,48.52,47.92,48.52,1782900
2013-07-23,48.07,48.07,48.45,47.95,48.35,1708600
2013-07-24,47.8,47.8,48.58,47.65,48.38,2407400
2013-07-25,47.79,47.79,47.96,47.45,47.8,2242800
2013-07-26,47.64,47.64,47.86,47.4,47.77,2918000
2013-07-29,47.17,47.17,47.77,47.11,47.51,2352400
2013-07-30,47.36,47.36,47.5,47.12,47.19,2758000
2013-07-31,47.28,47.28,47.71,47.18,47.5,3813500
2013-08-01,47.7,47.7,47.82,47.41,47.62,3497600
2013-08-02,47.45,47.45,47.82,47.13,47.38,3761000
2013-08-05,47.63,47.63,47.84,47.35,47.45,2172200
2013-08-06,47.39,47.39,47.85,47.37,47.55,1642800
2013-08-07,47.1,47.1,47.48,46.83,47.17,2396700
2013-08-08,47.51,47.51,47.66,47.03,47.32,2974200
2013-08-09,47.18,47.18,47.77,47.09,47.38,1891300
2013-08-12,47.2,47.2,47.33,46.85,46.87,1807900
2013-08-13,47.14,47.14,47.41,46.92,47.37,1960300
2013-08-14,46.84,46.84,47.14,46.68,47.14,2115100
2013-08-15,45.87,45.87,46.39,45.7,46.37,2616800
2013-08-16,45.4,45.4,45.95,45.3,45.94,2829200
2013-08-19,44.89,44.89,45.52,44.88,45.44,2185800
2013-08-20,45.07,45.07,45.45,44.7,44.77,2213900
2013-08-21,45.14,45.14,45.51,44.8,45.01,2515500
2013-08-22,45.68,45.68,45.71,45.09,45.1,1699600
2013-08-23,45.77,45.77,45.88,45.41,45.85,2410900
2013-08-26,46.06,46.06,46.61,46.01,46.25,2590500
2013-08-27,45.5,45.5,45.88,45.27,45.55,2287600
2013-08-28,45.53,45.53,45.91,45.49,45.58,1971500
2013-08-29,45.93,45.93,46.14,45.35,45.5,1738900
2013-08-30,45.75,45.75,46.11,45.57,45.88,2211500
2013-09-03,45.88,45.88,46.57,45.7,46.21,1955500
2013-09-04,46.93,46.93,47.17,45.76,45.76,5402200
2013-09-05,46.73,46.73,47.34,46.68,46.88,2379800
2013-09-06,46.87,46.87,47.3,46.26,46.89,3140900
2013-09-09,47.25,47.25,47.27,46.99,47.11,1931700
2013-09-10,48.02,48.02,48.06,47.51,47.62,2831100
2013-09-11,48.2,48.2,48.33,47.95,48.0,2650200
2013-09-12,47.64,47.64,48.09,47.56,48.07,3024100
2013-09-13,47.76,47.76,47.96,47.64,47.66,2571600
2013-09-16,48.14,48.14,48.7,47.97,48.17,4474800
2013-09-17,48.14,48.14,48.49,47.92,48.19,6917200
2013-09-18,52.58,52.58,52.67,51.06,51.68,15267900
2013-09-19,51.87,51.87,52.4,51.58,52.05,7183400
2013-09-20,52.31,52.31,52.96,51.68,51.87,12323000
2013-09-23,51.8,51.8,52.47,51.62,52.07,3183400
2013-09-24,51.42,51.42,51.88,51.07,51.79,3103300
2013-09-25,51.87,51.87,52.08,51.42,51.48,4009400
2013-09-26,52.1,52.1,52.38,51.81,52.0,2902900
2013-09-27,52.03,52.03,52.48,51.65,51.71,2382000
2013-09-30,51.94,51.94,52.15,51.2,51.5,2747000
2013-10-01,52.43,52.43,52.48,51.84,52.1,3243300
2013-10-02,51.52,51.52,52.28,51.29,51.79,3691200
2013-10-03,50.88,50.88,51.65,50.54,51.61,3862200
2013-10-04,51.57,51.57,51.67,50.02,50.09,3880900
2013-10-07,50.82,50.82,51.34,50.79,51.05,2582700
2013-10-08,49.58,49.58,50.97,49.44,50.93,4953800
2013-10-09,49.45,49.45,49.87,48.87,49.62,4347300
2013-10-10,51.17,51.17,51.22,49.86,50.06,3740900
2013-10-11,52.19,52.19,52.22,50.82,50.82,3410500
2013-10-14,52.63,52.63,52.83,51.72,51.9,4910000
2013-10-15,51.93,51.93,52.78,51.81,52.31,3658800
2013-10-16,51.91,51.91,52.58,51.54,51.54,3367700
2013-10-17,52.07,52.07,52.31,51.7,51.87,3776600
2013-10-18,52.63,52.63,52.78,52.0,52.15,4210100
2013-10-21,53.08,53.08,53.27,52.71,52.73,3739700
2013-10-22,53.17,53.17,53.57,52.99,53.47,4375700
2013-10-23,53.06,53.06,53.45,52.16,52.75,4386800
2013-10-24,54.21,54.21,54.58,53.05,53.06,5717200
2013-10-25,53.81,53.81,54.2,53.46,54.07,6186100
2013-10-28,53.93,53.93,54.37,53.59,53.91,3505000
2013-10-29,54.86,54.86,55.12,53.91,54.0,5148300
2013-10-30,54.1,54.1,55.07,53.69,54.87,3482400
2013-10-31,54.22,54.22,54.56,53.9,54.01,3509500
2013-11-01,54.61,54.61,54.68,54.14,54.61,2720000
2013-11-04,55.39,55.39,55.42,54.66,55.01,3433600
2013-11-05,54.79,54.79,55.28,54.67,55.24,3616600
2013-11-06,54.88,54.88,55.11,54.54,54.9,3286100
2013-11-07,53.17,53.17,55.17,53.1,55.05,5526600
2013-11-08,54.84,54.84,54.93,53.33,53.42,5940900
2013-11-11,56.18,56.18,56.18,54.49,54.85,4221800
2013-11-12,56.24,56.24,56.34,55.6,55.84,2929200
2013-11-13,57.55,57.55,57.59,55.59,55.59,5168600
2013-11-14,57.17,57.17,57.99,56.91,57.56,4571300
2013-11-15,57.35,57.35,57.59,56.78,57.54,2909900
2013-11-18,56.6,56.6,57.49,56.4,57.45,3173600
2013-11-19,55.77,55.77,56.73,55.65,56.73,3405000
2013-11-20,55.94,55.94,56.32,55.8,55.98,2931300
2013-11-21,56.23,56.23,56.59,55.86,56.28,2461200
2013-11-22,56.41,56.41,56.5,55.89,56.26,2890800
2013-11-25,56.95,56.95,57.18,56.5,56.62,2986400
2013-11-26,56.7,56.7,56.89,56.2,56.87,2841000
2013-11-27,56.91,56.91,57.03,56.68,56.85,2134000
2013-11-29,56.78,56.78,57.15,56.62,57.12,965200
2013-12-02,56.76,56.76,57.03,56.61,56.74,1950800
2013-12-03,56.4,56.4,57.06,56.39,56.63,4129500
2013-12-04,56.05,56.05,56.43,55.42,56.19,3663500
2013-12-05,55.04,55.04,55.75,54.47,55.63,7792700
2013-12-06,55.6,55.6,56.1,55.55,55.99,3334300
2013-12-09,55.44,55.44,56.05,55.24,55.94,3397700
2013-12-10,55.32,55.32,55.39,54.65,55.38,3787300
2013-12-11,54.64,54.64,55.6,54.58,55.25,3990000
2013-12-12,53.99,53.99,54.94,53.93,54.44,6248200
2013-12-13,60.89,60.89,61.09,58.0,58.06,15848100
2013-12-16,58.5,58.5,60.88,58.4,60.63,8786000
2013-12-17,57.67,57.67,58.88,57.54,58.5,6351800
2013-12-18,59.04,59.04,59.07,57.02,57.58,4975300
2013-12-19,58.13,58.13,58.98,58.07,58.73,3310500
2013-12-20,59.26,59.26,59.55,58.22,58.42,5363200
2013-12-23,59.47,59.47,59.89,59.12,59.74,1947900
2013-12-24,59.53,59.53,59.78,59.22,59.58,846700
2013-12-26,59.58,59.58,59.99,59.48,59.53,1026500
2013-12-27,59.51,59.51,59.99,59.28,59.73,1266900
2013-12-30,59.55,59.55,59.8,59.24,59.67,1329100
2013-12-31,59.88,59.88,59.92,59.56,59.6,1391300
2014-01-02,59.29,59.29,59.53,58.94,59.06,2745900
2014-01-03,59.16,59.16,59.69,59.11,59.19,1589000
2014-01-06,58.12,58.12,58.77,58.01,58.06,3753600
2014-01-07,58.97,58.97,59.05,58.06,58.26,2963600
2014-01-08,58.9,58.9,59.28,58.46,59.12,3456000
2014-01-09,59.09,59.09,59.53,58.72,58.99,2427400
2014-01-10,59.53,59.53,59.63,58.95,59.35,1829100
2014-01-13,58.6,58.6,59.44,58.41,59.28,2928700
2014-01-14,60.37,60.37,60.53,58.63,58.68,4179500
2014-01-15,61.68,61.68,61.81,60.4,60.44,4220300
2014-01-16,61.63,61.63,61.98,61.26,61.59,3747800
2014-01-17,61.37,61.37,61.6,60.8,61.02,3314500
2014-01-21,60.85,60.85,61.79,60.7,61.5,3198700
2014-01-22,61.77,61.77,61.81,60.7,60.93,3594000
2014-01-23,60.88,60.88,61.43,60.32,61.18,2671300
2014-01-24,59.09,59.09,60.44,59.09,60.3,2850700
2014-01-27,58.36,58.36,58.88,57.86,58.11,5258000
2014-01-28,59.11,59.11,59.46,57.88,57.98,3529500
2014-01-29,58.46,58.46,59.18,58.17,58.61,3585400
2014-01-30,59.39,59.39,59.9,59.02,59.12,2768300
2014-01-31,59.19,59.19,59.54,58.09,58.15,3112900
2014-02-03,58.09,58.09,59.26,57.32,59.08,6649100
2014-02-04,59.72,59.72,59.74,57.65,58.48,3593200
2014-02-05,61.0,61.0,61.02,59.27,59.54,5122600
2014-02-06,61.34,61.34,61.65,60.65,60.7,2898200
2014-02-07,62.88,62.88,63.24,61.3,61.58,4822500
2014-02-10,63.78,63.78,63.8,62.52,62.73,2833400
2014-02-11,63.97,63.97,64.88,63.66,64.48,4648000
2014-02-12,65.14,65.14,65.15,64.09,64.21,3137800
2014-02-13,67.04,67.04,67.11,64.83,64.84,3606900
2014-02-14,68.34,68.34,68.49,67.0,67.48,6232000
2014-02-18,68.66,68.66,69.1,68.0,68.62,3757900
2014-02-19,67.99,67.99,69.43,67.68,68.45,3994300
2014-02-20,68.48,68.48,68.66,67.7,68.19,3162200
2014-02-21,68.22,68.22,68.44,67.55,67.82,3610200
2014-02-24,68.77,68.77,69.28,68.0,68.54,2811700
2014-02-25,68.01,68.01,68.76,67.63,68.71,3566400
2014-02-26,67.82,67.82,68.95,67.65,67.73,3066500
2014-02-27,69.92,69.92,70.08,67.82,67.9,4724500
2014-02-28,68.63,68.63,71.11,67.83,70.25,5728600
2014-03-03,67.86,67.86,68.15,67.14,68.06,3395000
2014-03-04,68.6,68.6,69.04,68.5,68.6,5425500
2014-03-05,68.9,68.9,69.03,68.52,68.79,3070100
2014-03-06,68.92,68.92,69.42,68.85,69.14,3059200
2014-03-07,68.52,68.52,69.31,67.97,69.21,2500300
2014-03-10,68.04,68.04,68.68,67.31,68.68,3032800
2014-03-11,67.47,67.47,68.6,67.25,68.19,3345000
2014-03-12,68.06,68.06,68.1,66.75,67.06,2433600
2014-03-13,67.08,67.08,68.83,66.63,68.48,2870900
2014-03-14,67.19,67.19,67.7,66.87,67.7,3006600
2014-03-17,68.17,68.17,69.35,67.73,67.89,3932400
2014-03-18,68.52,68.52,70.24,67.52,67.66,11438500
2014-03-19,67.63,67.63,69.01,66.15,69.01,7683100
2014-03-20,68.49,68.49,69.08,67.44,67.55,5280200
2014-03-21,67.14,67.14,69.06,66.91,69.06,5477200
2014-03-24,65.24,65.24,67.48,64.77,67.22,5905700
2014-03-25,65.81,65.81,66.74,65.06,65.75,4245500
2014-03-26,63.9,63.9,66.39,63.88,66.1,4714000
2014-03-27,64.53,64.53,65.16,63.05,63.6,5556700
2014-03-28,64.88,64.88,65.61,64.15,64.71,4019800
2014-03-31,65.74,65.74,65.95,64.62,64.87,3213900
2014-04-01,65.93,65.93,66.22,65.44,65.9,3398400
2014-04-02,65.48,65.48,66.31,65.12,66.07,2587000
2014-04-03,62.45,62.45,65.5,62.17,65.5,6984500
2014-04-04,61.32,61.32,62.92,61.1,62.92,6157100
2014-04-07,60.47,60.47,61.2,59.63,61.2,6271100
2014-04-08,61.82,61.82,62.25,60.11,60.53,6710000
2014-04-09,63.46,63.46,63.69,61.56,62.0,6427400
2014-04-10,61.49,61.49,63.45,61.27,63.05,5648500
2014-04-11,60.5,60.5,61.75,60.02,60.89,5930700
2014-04-14,61.39,61.39,61.66,60.55,61.18,3234000
2014-04-15,62.11,62.11,62.29,60.5,61.5,3598600
2014-04-16,63.04,63.04,63.14,62.25,62.27,3370600
2014-04-17,64.04,64.04,64.23,62.53,62.96,3745800
2014-04-21,64.3,64.3,64.46,63.56,64.0,2077300
2014-04-22,64.48,64.48,64.74,63.76,64.06,3854900
2014-04-23,64.39,64.39,64.58,63.78,64.23,2863700
2014-04-24,63.22,63.22,65.0,62.93,64.89,3961200
2014-04-25,61.61,61.61,63.03,61.56,62.92,4288500
2014-04-28,60.4,60.4,62.17,59.62,61.84,4375800
2014-04-29,60.91,60.91,60.93,59.91,60.57,3531600
2014-04-30,61.69,61.69,61.8,60.63,60.87,3722100
2014-05-01,62.59,62.59,63.1,61.31,61.69,2839300
2014-05-02,61.56,61.56,62.97,61.53,62.86,2365300
2014-05-05,61.44,61.44,61.98,60.88,61.2,2070200
2014-05-06,59.44,59.44,61.35,59.34,61.15,3913200
2014-05-07,58.63,58.63,59.68,57.15,59.56,7061100
2014-05-08,59.08,59.08,60.61,57.9,58.34,3824900
2014-05-09,59.59,59.59,59.61,58.17,59.14,3607800
2014-05-12,60.7,60.7,61.05,59.74,59.77,2863600
2014-05-13,60.81,60.81,60.97,60.14,60.81,2938400
2014-05-14,60.88,60.88,61.35,59.95,59.95,2497800
2014-05-15,60.2,60.2,60.95,59.56,60.71,5699200
2014-05-16,61.64,61.64,61.69,59.93,60.65,3651200
2014-05-19,62.2,62.2,62.84,61.26,61.27,2817600
2014-05-20,61.71,61.71,62.45,61.42,62.12,1865300
2014-05-21,62.47,62.47,62.66,61.53,61.73,1414100
2014-05-22,63.15,63.15,63.46,61.91,62.29,1814700
2014-05-23,64.3,64.3,64.48,62.84,63.33,2281900
2014-05-27,65.25,65.25,65.49,64.61,64.64,2150600
2014-05-28,64.84,64.84,65.48,64.79,65.43,2198400
2014-05-29,65.45,65.45,65.82,64.93,64.93,2061000
2014-05-30,64.54,64.54,65.75,64.17,65.75,2444300
2014-06-02,64.64,64.64,65.04,63.68,64.54,1427700
2014-06-03,64.09,64.09,64.46,63.49,64.19,3010200
2014-06-04,64.17,64.17,64.73,63.62,64.1,2675600
2014-06-05,65.47,65.47,65.62,63.93,64.3,2041900
2014-06-06,66.91,66.91,67.32,65.69,65.99,3623500
2014-06-09,66.93,66.93,67.38,66.59,66.7,1339800
2014-06-10,66.96,66.96,67.19,66.46,66.69,1558800
2014-06-11,67.46,67.46,67.5,66.66,66.9,1607900
2014-06-12,66.56,66.56,67.46,66.28,67.23,1940100
2014-06-13,66.82,66.82,66.95,66.25,66.7,2981100
2014-06-16,67.62,67.62,67.79,66.52,66.8,4370400
2014-06-17,67.54,67.54,68.0,66.86,67.36,6654100
2014-06-18,73.08,73.08,74.69,72.1,73.82,11376700
2014-06-19,72.95,72.95,73.57,72.24,73.17,4413400
2014-06-20,72.61,72.61,73.15,72.55,73.04,3904500
2014-06-23,72.89,72.89,73.16,72.29,72.74,2354200
2014-06-24,72.38,72.38,73.28,72.18,72.95,2948600
2014-06-25,72.44,72.44,72.76,72.12,72.27,2218800
2014-06-26,72.85,72.85,72.9,72.18,72.44,2075300
2014-06-27,72.0,72.0,72.77,71.76,72.62,7315500
2014-06-30,72.36,72.36,72.74,71.96,72.43,2771300
2014-07-01,73.01,73.01,73.99,71.8,72.09,4718400
2014-07-02,72.76,72.76,73.24,72.6,72.65,2682100
2014-07-03,73.57,73.57,73.71,72.68,72.95,1396100
2014-07-07,72.68,72.68,73.42,72.58,73.07,1768300
2014-07-08,71.14,71.14,72.87,70.87,72.59,2789000
2014-07-09,71.57,71.57,71.97,71.11,71.11,1749500
2014-07-10,71.7,71.7,72.08,70.31,70.46,1853200
2014-07-11,72.26,72.26,72.44,71.05,71.73,1930600
2014-07-14,72.88,72.88,73.26,72.46,72.55,1862500
2014-07-15,72.29,72.29,73.11,71.87,72.8,2752700
2014-07-16,72.38,72.38,72.87,72.19,72.55,1512600
2014-07-17,71.39,71.39,72.47,71.31,72.11,2032400
2014-07-18,72.55,72.55,72.58,71.35,71.9,2856900
2014-07-21,71.96,71.96,72.65,71.7,72.5,1906100
2014-07-22,72.26,72.26,72.83,71.91,72.13,1769500
2014-07-23,72.04,72.04,72.55,71.48,72.34,1873800
2014-07-24,72.8,72.8,72.9,72.2,72.3,2414100
2014-07-25,72.62,72.62,73.15,72.23,72.54,1996700
2014-07-28,72.7,72.7,73.02,71.84,72.39,1721800
2014-07-29,72.27,72.27,73.25,72.24,72.7,1916100
2014-07-30,71.89,71.89,72.7,71.47,72.5,2667600
2014-07-31,69.25,69.25,71.54,69.01,71.31,3822100
2014-08-01,68.94,68.94,69.55,68.52,69.01,2109000
2014-08-04,68.77,68.77,69.24,68.35,68.95,3037300
2014-08-05,68.97,68.97,69.55,68.29,68.3,3456700
2014-08-06,68.23,68.23,69.07,68.22,68.73,2455700
2014-08-07,67.83,67.83,68.88,67.57,68.69,2292500
2014-08-08,68.39,68.39,68.64,67.74,68.08,1573200
2014-08-11,68.97,68.97,69.18,68.28,68.5,2196900
2014-08-12,68.79,68.79,68.99,68.2,68.61,1919200
2014-08-13,69.79,69.79,69.97,68.36,69.12,1881800
2014-08-14,70.05,70.05,70.07,69.59,69.89,1318700
2014-08-15,70.07,70.07,70.91,69.58,70.88,4311600
2014-08-18,71.06,71.06,71.1,70.39,70.44,1707300
2014-08-19,72.05,72.05,72.08,71.06,71.09,1997800
2014-08-20,71.02,71.02,72.0,70.75,71.78,3395300
2014-08-21,71.73,71.73,71.9,70.83,71.07,1886900
2014-08-22,72.04,72.04,72.29,71.55,71.89,1443900
2014-08-25,71.82,71.82,72.57,71.63,72.44,1709000
2014-08-26,71.53,71.53,72.25,71.5,71.79,1848200
2014-08-27,71.55,71.55,72.09,71.37,71.53,1705600
2014-08-28,71.37,71.37,71.72,70.86,71.23,1062900
2014-08-29,71.9,71.9,72.1,71.4,71.77,1659500
2014-09-02,72.1,72.1,72.59,71.84,72.06,2161400
2014-09-03,72.43,72.43,72.8,71.99,72.55,1971400
2014-09-04,72.46,72.46,73.2,72.26,72.63,1976000
2014-09-05,73.13,73.13,73.13,72.41,72.6,1736200
2014-09-08,73.39,73.39,73.55,72.81,72.87,1373500
2014-09-09,72.42,72.42,73.58,72.34,73.58,1648300
2014-09-10,72.33,72.33,72.75,71.84,72.25,2213500
2014-09-11,72.42,72.42,72.57,71.78,72.03,1708800
2014-09-12,70.98,70.98,72.49,70.8,72.4,3145600
2014-09-15,70.27,70.27,70.96,69.37,70.63,3867700
2014-09-16,70.73,70.73,70.96,69.19,70.01,5965200
2014-09-17,67.3,67.3,69.09,67.16,68.03,9463300
2014-09-18,67.91,67.91,68.15,67.1,67.28,5173900
2014-09-19,66.94,66.94,68.2,66.35,68.12,6790000
2014-09-22,67.2,67.2,67.22,65.79,66.7,4122200
2014-09-23,67.79,67.79,68.07,66.85,67.11,4414100
2014-09-24,69.03,69.03,69.25,67.6,67.77,3879800
2014-09-25,67.71,67.71,69.02,67.53,68.85,3622900
2014-09-26,68.36,68.36,68.42,67.42,67.49,2286600
2014-09-29,69.22,69.22,69.49,67.55,67.69,3379600
2014-09-30,69.19,69.19,69.5,68.53,69.49,2887200
2014-10-01,67.54,67.54,69.13,67.51,69.13,4650600
2014-10-02,67.06,67.06,67.95,66.15,67.83,3936900
2014-10-03,68.4,68.4,68.67,67.59,67.59,2873600
2014-10-06,67.67,67.67,68.8,67.45,68.56,1586000
2014-10-07,65.96,65.96,67.63,65.93,67.4,3308200
2014-10-08,67.99,67.99,68.09,65.41,66.0,3562500
2014-10-09,65.66,65.66,67.96,65.48,67.83,3376800
2014-10-10,63.29,63.29,65.58,63.29,65.37,4640900
2014-10-13,61.68,61.68,63.35,61.53,63.01,4822100
2014-10-14,60.88,60.88,62.3,60.69,62.17,4189500
2014-10-15,62.19,62.19,62.65,58.51,59.61,8333600
2014-10-16,62.86,62.86,63.72,60.72,60.72,6640000
2014-10-17,64.52,64.52,65.13,63.46,63.46,6540800
2014-10-20,64.68,64.68,64.73,63.7,64.25,4266200
2014-10-21,66.43,66.43,66.56,64.51,64.84,3222800
2014-10-22,65.04,65.04,66.49,64.99,66.31,2363300
2014-10-23,65.92,65.92,66.4,65.17,65.62,1783800
2014-10-24,67.01,67.01,67.08,65.5,66.26,1391600
2014-10-27,67.03,67.03,67.34,66.31,66.84,1490800
2014-10-28,68.37,68.37,68.51,67.2,67.45,1951100
2014-10-29,67.93,67.93,68.81,67.52,68.21,2054400
2014-10-30,68.57,68.57,68.61,67.23,67.23,1896300
2014-10-31,70.12,70.12,70.25,69.27,69.89,2949200
2014-11-03,69.91,69.91,70.27,69.66,69.93,1889000
2014-11-04,71.07,71.07,71.1,69.75,69.95,2996000
2014-11-05,71.37,71.37,72.04,70.89,71.53,6146600
2014-11-06,72.1,72.1,72.37,71.37,71.59,2345300
2014-11-07,71.6,71.6,72.4,71.44,72.35,4303100
2014-11-10,71.7,71.7,72.0,71.18,71.63,2388800
2014-11-11,71.7,71.7,72.0,71.4,71.81,1876000
2014-11-12,71.41,71.41,71.73,71.26,71.35,1581700
2014-11-13,71.72,71.72,72.08,71.3,71.65,2560800
2014-11-14,71.42,71.42,72.0,71.35,71.7,2470500
2014-11-17,69.97,69.97,71.25,69.87,70.98,3443100
2014-11-18,70.83,70.83,71.08,69.86,69.86,2833200
2014-11-19,70.82,70.82,71.06,70.42,71.01,2193800
2014-11-20,70.44,70.44,70.55,70.02,70.33,2250500
2014-11-21,71.32,71.32,72.55,71.18,72.0,4554400
2014-11-24,71.22,71.22,71.55,70.73,71.52,1821200
2014-11-25,72.0,72.0,72.52,71.2,71.2,2842600
2014-11-26,72.98,72.98,73.0,71.74,72.08,1467600
2014-11-28,73.68,73.68,74.1,73.05,73.13,978400
2014-12-01,73.75,73.75,73.97,73.2,73.64,2023300
2014-12-02,73.47,73.47,74.0,73.08,74.0,1843600
2014-12-03,73.18,73.18,73.64,72.89,73.64,1569100
2014-12-04,73.03,73.03,73.23,72.4,73.09,1415200
2014-12-05,72.4,72.4,73.25,72.36,73.16,3061700
2014-12-08,72.05,72.05,72.78,71.6,72.4,1630100
2014-12-09,71.57,71.57,71.66,70.68,71.34,2866100
2014-12-10,69.85,69.85,71.97,69.74,71.56,2567900
2014-12-11,69.74,69.74,71.14,69.66,70.1,5075100
2014-12-12,76.02,76.02,77.56,73.71,74.17,12613700
2014-12-15,73.04,73.04,76.13,72.84,75.66,9696700
2014-12-16,72.32,72.32,73.8,72.31,72.87,4051200
2014-12-17,74.0,74.0,74.57,72.16,72.5,4180900
2014-12-18,74.89,74.89,75.54,74.6,75.41,6913500
2014-12-19,74.45,74.45,75.24,73.99,75.0,6969500
2014-12-22,74.5,74.5,75.14,74.38,74.38,3815400
2014-12-23,74.38,74.38,75.0,74.29,74.65,1938400
2014-12-24,74.74,74.74,74.93,74.37,74.49,1204600
2014-12-26,74.67,74.67,75.17,74.42,74.74,1083700
2014-12-29,74.13,74.13,74.58,74.0,74.56,925100
2014-12-30,73.08,73.08,73.86,72.75,73.63,1581700
2014-12-31,72.7,72.7,74.21,72.65,73.4,1359300
2015-01-02,72.34,72.34,73.2,71.89,72.7,2349200
2015-01-05,71.98,71.98,72.43,71.57,72.21,2403300
2015-01-06,70.53,70.53,72.1,69.88,71.95,2895400
2015-01-07,71.11,71.11,71.29,70.42,70.77,2378300
2015-01-08,72.92,72.92,73.06,71.31,71.4,2624200
2015-01-09,71.84,71.84,73.13,71.63,72.89,1730300
2015-01-12,71.12,71.12,72.26,70.75,72.13,1337900
2015-01-13,70.59,70.59,72.96,69.95,71.95,2103800
2015-01-14,69.99,69.99,70.4,68.98,69.88,1927100
2015-01-15,70.29,70.29,71.75,70.16,71.71,2839200
2015-01-16,71.73,71.73,71.85,70.03,70.03,2375300
2015-01-20,71.49,71.49,71.99,70.58,71.79,1612000
2015-01-21,71.54,71.54,71.89,70.37,71.16,1787900
2015-01-22,73.48,73.48,73.65,70.9,71.9,2178500
2015-01-23,74.06,74.06,74.4,73.06,73.44,1851700
2015-01-26,72.74,72.74,73.15,71.68,72.61,3593700
2015-01-27,71.46,71.46,72.36,71.06,71.71,1798600
2015-01-28,70.25,70.25,71.84,70.07,71.54,2281100
2015-01-29,71.64,71.64,71.82,69.78,70.03,2538100
2015-01-30,70.13,70.13,71.67,70.06,71.32,2331800
2015-02-02,71.11,71.11,71.2,69.04,70.44,2381900
2015-02-03,71.92,71.92,71.97,71.0,71.54,1555900
2015-02-04,72.28,72.28,72.62,71.78,71.79,2165200
2015-02-05,73.1,73.1,73.18,72.32,72.47,1438800
2015-02-06,72.54,72.54,73.62,72.24,73.18,1367400
2015-02-09,72.33,72.33,72.98,72.04,72.09,1627800
2015-02-10,72.76,72.76,73.19,72.11,72.94,1696200
2015-02-11,73.01,73.01,73.14,72.35,72.78,1600900
2015-02-12,74.59,74.59,74.76,73.31,73.6,2243500
2015-02-13,76.51,76.51,76.62,74.77,74.98,3819300
2015-02-17,77.13,77.13,77.22,76.31,76.67,1986600
2015-02-18,77.73,77.73,78.0,76.8,77.02,1683400
2015-02-19,77.73,77.73,77.94,77.2,77.42,1556100
2015-02-20,78.55,78.55,78.56,77.2,77.76,1626900
2015-02-23,78.1,78.1,78.69,77.79,78.65,1455800
2015-02-24,77.68,77.68,78.03,77.08,78.03,1954300
2015-02-25,78.07,78.07,78.44,77.47,77.76,1256400
2015-02-26,78.96,78.96,79.07,78.02,78.32,1546000
2015-02-27,79.1,79.1,80.3,78.93,79.24,3115800
2015-03-02,79.79,79.79,79.79,78.72,79.14,1497700
2015-03-03,78.99,78.99,79.99,78.97,79.63,1616300
2015-03-04,77.63,77.63,78.74,77.13,78.71,2393600
2015-03-05,78.62,78.62,78.71,77.3,77.6,1850100
2015-03-06,77.55,77.55,78.5,77.05,78.19,2537100
2015-03-09,77.93,77.93,78.24,77.43,77.76,2010900
2015-03-10,76.01,76.01,77.29,75.99,77.25,2622000
2015-03-11,76.01,76.01,76.78,75.68,75.91,1692200
2015-03-12,77.4,77.4,77.44,75.97,76.14,1683200
2015-03-13,77.62,77.62,78.06,76.62,77.18,2202800
2015-03-16,78.33,78.33,78.59,77.8,78.21,1851400
2015-03-17,79.66,79.66,79.87,78.18,78.22,5719000
2015-03-18,76.89,76.89,78.32,74.75,75.5,10509400
2015-03-19,77.14,77.14,77.38,75.29,76.48,3519200
2015-03-20,77.36,77.36,77.96,76.81,77.67,3577600
2015-03-23,76.35,76.35,77.3,76.34,77.11,1754100
2015-03-24,75.45,75.45,76.42,75.38,76.11,2782800
2015-03-25,73.13,73.13,75.59,73.12,75.5,3444700
2015-03-26,72.97,72.97,73.36,72.12,72.43,2965300
2015-03-27,73.31,73.31,73.46,72.56,72.72,2085200
2015-03-30,73.6,73.6,73.86,73.1,73.51,1880700
2015-03-31,73.94,73.94,74.6,72.94,73.11,2556000
2015-04-01,75.07,75.07,75.1,73.03,73.61,3976000
2015-04-02,75.68,75.68,76.17,74.61,75.17,2158400
2015-04-06,76.23,76.23,76.65,74.75,75.13,2556500
2015-04-07,75.65,75.65,76.68,75.62,76.07,2601300
2015-04-08,75.44,75.44,76.35,75.12,75.68,1938500
2015-04-09,76.33,76.33,76.35,75.21,75.62,1556200
2015-04-10,76.53,76.53,76.63,76.0,76.3,1801200
2015-04-13,76.02,76.02,77.0,75.89,76.44,1230000
2015-04-14,75.95,75.95,76.6,75.59,76.02,1924800
2015-04-15,76.03,76.03,76.5,75.9,76.09,1355500
2015-04-16,75.15,75.15,75.69,75.1,75.41,2069800
2015-04-17,73.15,73.15,74.55,72.78,74.38,3856500
2015-04-20,73.92,73.92,74.3,73.42,73.42,1688300
2015-04-21,74.62,74.62,74.88,74.21,74.31,1894600
2015-04-22,75.5,75.5,75.52,74.63,74.68,1523800
2015-04-23,76.52,76.52,76.8,75.0,75.08,1714100
2015-04-24,76.54,76.54,77.21,75.84,76.41,1831100
2015-04-27,76.55,76.55,77.29,76.36,76.84,1653200
2015-04-28,76.02,76.02,77.09,75.87,76.34,1698200
2015-04-29,76.65,76.65,77.26,75.47,75.61,2423900
2015-04-30,76.06,76.06,77.24,75.31,76.4,2109200
2015-05-01,76.43,76.43,76.67,75.66,76.29,1745400
2015-05-04,75.85,75.85,76.99,75.82,76.43,1655600
2015-05-05,75.0,75.0,75.63,74.75,75.35,2052200
2015-05-06,74.48,74.48,75.47,73.96,75.08,1997300
2015-05-07,74.73,74.73,74.84,74.17,74.4,2009500
2015-05-08,76.31,76.31,76.52,75.05,75.28,1585600
2015-05-11,76.79,76.79,77.34,76.07,76.32,2139400
2015-05-12,76.57,76.57,76.9,75.3,76.26,2082600
2015-05-13,77.08,77.08,77.48,76.53,76.6,1830500
2015-05-14,79.43,79.43,79.81,77.1,77.64,3068100
2015-05-15,78.92,78.92,80.0,78.63,80.0,2676200
2015-05-18,79.41,79.41,79.53,78.4,78.69,1436000
2015-05-19,79.62,79.62,79.93,79.37,79.75,2065600
2015-05-20,79.61,79.61,79.9,78.91,79.57,2639000
2015-05-21,80.56,80.56,80.74,79.19,79.54,2761200
2015-05-22,80.04,80.04,80.7,79.97,80.34,1824800
2015-05-26,79.36,79.36,80.12,78.84,79.91,2080800
2015-05-27,80.16,80.16,80.32,79.27,79.55,1671800
2015-05-28,80.02,80.02,80.42,79.75,80.17,1248400
2015-05-29,79.09,79.09,79.99,78.94,79.89,3288000
2015-06-01,79.87,79.87,80.0,78.59,79.5,2288400
2015-06-02,79.82,79.82,80.22,79.35,79.7,1533100
2015-06-03,80.13,80.13,80.34,79.44,79.93,1972000
2015-06-04,78.75,78.75,80.38,78.64,79.86,1659300
2015-06-05,78.86,78.86,79.39,78.38,78.64,1325500
2015-06-08,78.16,78.16,79.18,77.9,78.9,1621300
2015-06-09,77.9,77.9,78.05,76.95,77.88,2100900
2015-06-10,79.56,79.56,79.7,77.99,78.18,1776000
2015-06-11,79.65,79.65,80.29,79.42,79.81,1918300
2015-06-12,79.86,79.86,80.26,79.06,79.33,1794900
2015-06-15,78.9,78.9,79.25,78.35,79.17,2459700
2015-06-16,79.94,79.94,80.43,78.83,78.93,3579400
2015-06-17,77.91,77.91,80.0,77.74,79.5,6464200
2015-06-18,79.39,79.39,79.94,77.82,77.82,3858600
2015-06-19,79.7,79.7,79.94,79.06,79.41,3155600
2015-06-22,82.28,82.28,82.66,79.85,80.0,5830000
2015-06-23,83.55,83.55,83.77,82.1,82.17,4944400
2015-06-24,83.4,83.4,84.36,82.97,83.22,4311200
2015-06-25,83.94,83.94,84.27,83.49,83.82,3052900
2015-06-26,82.74,82.74,84.22,82.27,84.22,5914700
2015-06-29,81.28,81.28,82.06,81.15,81.22,4060300
2015-06-30,81.01,81.01,82.34,80.95,82.19,4086400
2015-07-01,80.94,80.94,81.92,80.71,81.57,2944300
2015-07-02,80.75,80.75,81.29,80.38,81.19,2200900
2015-07-06,80.5,80.5,81.19,80.0,80.02,2590900
2015-07-07,80.59,80.59,81.0,78.94,80.77,2781900
2015-07-08,79.99,79.99,80.52,79.4,79.95,4157600
2015-07-09,80.47,80.47,81.67,80.41,80.74,3067900
2015-07-10,80.59,80.59,81.5,80.47,81.5,3025100
2015-07-13,81.44,81.44,81.66,80.82,81.09,4597200
2015-07-14,81.89,81.89,82.35,81.24,81.67,4428100
2015-07-15,82.12,82.12,82.32,81.71,82.2,3214900
2015-07-16,82.52,82.52,82.67,82.2,82.65,2058100
2015-07-17,82.1,82.1,82.73,81.48,82.17,2402700
2015-07-20,82.09,82.09,82.19,81.45,82.0,1995800
2015-07-21,81.19,81.19,82.1,81.01,81.8,3916400
2015-07-22,80.73,80.73,81.75,80.65,81.38,2601200
2015-07-23,80.64,80.64,81.4,80.48,80.8,2579500
2015-07-24,80.98,80.98,81.36,80.54,81.0,3575300
2015-07-27,79.93,79.93,80.7,79.73,80.53,2762700
2015-07-28,80.59,80.59,80.65,79.13,80.07,2681000
2015-07-29,80.25,80.25,80.54,79.56,80.07,2178000
2015-07-30,81.29,81.29,81.8,79.2,79.9,2072700
2015-07-31,81.99,81.99,82.82,81.37,81.8,2893400
2015-08-03,81.4,81.4,82.26,80.7,82.18,2074000
2015-08-04,82.06,82.06,82.18,81.17,81.43,1375400
2015-08-05,83.38,83.38,84.12,82.17,82.78,1773000
2015-08-06,82.19,82.19,83.63,82.07,83.47,2272300
2015-08-07,82.69,82.69,82.92,81.48,81.87,1989700
2015-08-10,83.62,83.62,83.92,83.19,83.39,1999600
2015-08-11,83.9,83.9,84.86,83.05,84.06,3103200
2015-08-12,83.82,83.82,84.14,82.08,83.16,2218500
2015-08-13,84.31,84.31,84.83,83.0,83.82,1963400
2015-08-14,86.12,86.12,86.38,83.96,83.96,2610200
2015-08-17,86.77,86.77,86.78,84.9,86.0,1788300
2015-08-18,86.45,86.45,87.25,86.03,86.98,1468300
2015-08-19,85.48,85.48,86.47,85.21,86.12,2460800
2015-08-20,82.69,82.69,84.9,82.69,84.66,3108800
2015-08-21,78.87,78.87,82.16,78.87,81.94,6807400
2015-08-24,74.27,74.27,77.82,71.33,75.0,6938500
2015-08-25,74.57,74.57,78.33,74.47,77.02,7465400
2015-08-26,77.33,77.33,77.61,74.56,76.14,4243600
2015-08-27,78.91,78.91,79.28,77.39,78.41,5197200
2015-08-28,79.4,79.4,79.45,77.75,78.42,3316400
2015-08-31,78.57,78.57,79.7,78.3,79.38,2313100
2015-09-01,75.99,75.99,77.82,75.63,77.07,3206400
2015-09-02,77.25,77.25,77.33,75.54,77.0,3533800
2015-09-03,78.32,78.32,79.55,77.36,77.6,3480100
2015-09-04,76.89,76.89,78.27,76.39,76.99,2326500
2015-09-08,79.78,79.78,79.91,78.13,78.64,2670600
2015-09-09,78.52,78.52,81.51,78.23,80.79,2460300
2015-09-10,78.7,78.7,78.97,78.01,78.63,3541000
2015-09-11,79.19,79.19,79.23,77.94,78.44,2913700
2015-09-14,78.46,78.46,79.41,78.28,79.35,2545900
2015-09-15,79.53,79.53,80.11,78.3,78.61,3436300
2015-09-16,80.53,80.53,80.67,79.32,79.51,2509800
2015-09-17,80.31,80.31,81.88,79.7,80.45,4892900
2015-09-18,81.25,81.25,84.95,78.16,78.54,16424000
2015-09-21,83.32,83.32,83.69,81.42,81.42,4919700
2015-09-22,84.66,84.66,84.83,81.77,81.98,6336500
2015-09-23,85.5,85.5,85.99,84.05,84.92,4007700
2015-09-24,83.91,83.91,85.37,83.36,85.07,4463700
2015-09-25,83.13,83.13,84.72,82.58,84.71,3736900
2015-09-28,80.52,80.52,83.0,80.03,82.88,3435700
2015-09-29,79.83,79.83,80.58,79.09,80.52,3126300
2015-09-30,82.22,82.22,82.37,80.38,80.88,3653800
2015-10-01,83.75,83.75,83.77,81.57,82.42,3407800
2015-10-02,83.99,83.99,84.01,81.29,82.21,3402600
2015-10-05,85.84,85.84,86.31,84.49,84.8,4204800
2015-10-06,85.15,85.15,86.0,84.84,85.6,3662900
2015-10-07,80.65,80.65,83.1,79.02,82.2,14474800
2015-10-08,82.26,82.26,82.48,80.2,80.45,4596000
2015-10-09,83.82,83.82,83.9,81.99,82.41,3774300
2015-10-12,83.92,83.92,84.84,83.23,83.66,2706600
2015-10-13,83.65,83.65,84.64,83.31,83.32,1992800
2015-10-14,83.8,83.8,84.73,83.4,84.0,2391200
2015-10-15,86.77,86.77,86.86,84.09,84.19,4381900
2015-10-16,88.67,88.67,89.04,86.18,87.17,5332100
2015-10-19,88.4,88.4,88.49,87.03,88.15,3353900
2015-10-20,86.84,86.84,88.65,86.42,88.15,2694200
2015-10-21,86.13,86.13,87.57,85.87,87.22,2883000
2015-10-22,88.46,88.46,88.83,86.56,86.56,3547100
2015-10-23,87.86,87.86,89.44,87.44,89.0,6744100
2015-10-26,88.84,88.84,89.7,87.61,87.91,2375700
2015-10-27,88.05,88.05,88.85,87.81,88.65,2593600
2015-10-28,88.5,88.5,88.83,87.58,88.44,3206700
2015-10-29,88.12,88.12,88.5,87.51,88.26,1623400
2015-10-30,88.66,88.66,89.49,87.9,87.99,2131600
2015-11-02,89.91,89.91,90.55,88.47,89.03,2904700
2015-11-03,90.36,90.36,90.74,88.92,89.59,2102200
2015-11-04,91.01,91.01,91.34,90.21,90.34,1873700
2015-11-05,90.55,90.55,91.87,89.79,91.5,1835600
2015-11-06,90.69,90.69,90.79,88.97,90.07,2004200
2015-11-09,89.8,89.8,90.49,88.99,90.24,1705200
2015-11-10,90.28,90.28,90.31,88.99,89.56,1943600
2015-11-11,91.21,91.21,91.47,90.25,90.68,2361500
2015-11-12,90.84,90.84,91.88,90.74,91.08,2458800
2015-11-13,89.02,89.02,90.95,88.8,90.95,1831400
2015-11-16,89.77,89.77,89.8,88.0,89.66,2198500
2015-11-17,90.29,90.29,91.29,89.87,89.96,1736500
2015-11-18,91.27,91.27,91.39,89.47,90.31,1453600
2015-11-19,91.76,91.76,92.13,91.28,91.52,2414400
2015-11-20,91.81,91.81,92.5,91.22,92.33,2134500
2015-11-23,91.96,91.96,92.37,91.27,91.82,1570400
2015-11-24,92.0,92.0,92.22,90.09,91.14,2046200
2015-11-25,91.77,91.77,92.5,91.7,92.3,1117800
2015-11-27,92.17,92.17,92.57,91.77,91.86,633000
2015-11-30,91.46,91.46,92.66,91.13,92.41,2380200
2015-12-01,92.55,92.55,92.58,91.1,92.01,1545100
2015-12-02,92.02,92.02,92.85,91.68,92.52,1904500
2015-12-03,89.91,89.91,92.76,89.73,91.97,2424500
2015-12-04,92.58,92.58,92.82,90.13,90.13,2980800
2015-12-07,89.6,89.6,92.88,89.22,92.56,3958700
2015-12-08,91.72,91.72,92.09,88.96,89.22,3372900
2015-12-09,89.56,89.56,91.79,88.95,91.04,3333600
2015-12-10,88.96,88.96,90.43,88.51,90.41,4751900
2015-12-11,91.42,91.42,93.65,90.12,92.51,8315000
2015-12-14,93.26,93.26,93.31,91.02,91.71,3784100
2015-12-15,94.02,94.02,95.79,93.72,93.98,4099800
2015-12-16,95.56,95.56,95.66,93.61,94.41,2613900
2015-12-17,94.2,94.2,96.42,94.19,95.7,3069700
2015-12-18,91.31,91.31,93.92,91.3,93.73,5314200
2015-12-21,91.62,91.62,92.69,90.81,92.16,2663600
2015-12-22,93.82,93.82,93.95,91.63,91.94,1873600
2015-12-23,94.7,94.7,94.99,93.53,94.42,1526500
2015-12-24,94.3,94.3,95.19,94.03,94.45,598200
2015-12-28,94.2,94.2,94.3,93.23,93.79,1027000
2015-12-29,95.33,95.33,95.9,94.6,94.6,1124900
2015-12-30,95.28,95.28,96.02,95.0,95.19,1153600
2015-12-31,93.94,93.94,95.21,93.88,95.07,1454000
2016-01-04,91.97,91.97,92.0,90.54,91.77,2993800
2016-01-05,92.34,92.34,92.85,91.41,92.01,1821300
2016-01-06,91.02,91.02,91.5,90.24,91.1,1674000
2016-01-07,89.11,89.11,91.4,88.71,89.4,2717800
2016-01-08,87.85,87.85,89.99,87.63,89.68,2263400
2016-01-11,89.38,89.38,89.8,87.84,88.07,2362200
2016-01-12,89.82,89.82,91.03,88.41,89.89,2370500
2016-01-13,88.3,88.3,91.44,87.99,90.59,3409100
2016-01-14,89.8,89.8,90.3,87.32,88.92,4087500
2016-01-15,89.17,89.17,89.35,86.82,86.84,3937500
2016-01-19,89.18,89.18,91.4,88.37,90.29,3680600
2016-01-20,87.94,87.94,88.76,84.67,87.69,3667200
2016-01-21,88.0,88.0,89.93,87.14,88.64,4298700
2016-01-22,89.63,89.63,89.93,88.48,89.55,5390100
2016-01-25,86.77,86.77,89.26,86.63,88.39,3945000
2016-01-26,86.89,86.89,87.58,85.47,87.26,2745700
2016-01-27,84.85,84.85,87.83,84.51,87.27,3070600
2016-01-28,84.52,84.52,85.74,82.7,85.54,5315500
2016-01-29,89.13,89.13,89.13,85.12,85.55,4679500
2016-02-01,89.61,89.61,90.24,87.9,88.16,2893100
2016-02-02,87.95,87.95,89.02,87.64,88.71,3070900
2016-02-03,87.99,87.99,89.25,86.67,88.91,3185700
2016-02-04,86.36,86.36,87.97,85.78,87.82,3417400
2016-02-05,79.2,79.2,85.5,77.83,85.5,10644200
2016-02-08,74.94,74.94,78.33,71.27,77.4,12910000
2016-02-09,73.85,73.85,77.19,73.04,74.76,6697400
2016-02-10,75.53,75.53,77.61,73.9,74.99,6465300
2016-02-11,74.94,74.94,75.53,73.58,74.04,4984700
2016-02-12,76.67,76.67,77.36,75.4,75.99,4368700
2016-02-16,78.88,78.88,79.2,77.13,77.13,4736400
2016-02-17,81.85,81.85,82.07,78.54,79.4,4474200
2016-02-18,80.53,80.53,82.82,80.14,82.3,3560300
2016-02-19,80.87,80.87,80.94,79.51,80.32,3928900
2016-02-22,83.8,83.8,84.16,82.05,82.09,3615500
2016-02-23,83.07,83.07,84.49,82.86,83.41,2958400
2016-02-24,83.42,83.42,83.53,80.93,82.22,2667300
2016-02-25,86.68,86.68,86.72,84.15,84.76,3284000
2016-02-26,86.6,86.6,87.48,84.1,87.11,3723200
2016-02-29,85.15,85.15,86.19,85.09,86.01,3156400
2016-03-01,88.37,88.37,88.4,84.59,85.92,3603900
2016-03-02,88.39,88.39,88.55,87.26,88.12,2863500
2016-03-03,87.21,87.21,88.5,85.85,88.5,3082100
2016-03-04,86.18,86.18,87.94,85.58,87.93,3002500
2016-03-07,85.11,85.11,85.96,84.05,85.58,3121300
2016-03-08,84.35,84.35,85.95,83.17,84.25,3245700
2016-03-09,85.27,85.27,85.29,83.25,84.88,2491500
2016-03-10,84.85,84.85,86.52,83.59,85.06,2969700
2016-03-11,86.0,86.0,86.23,84.63,85.2,3330400
2016-03-14,87.01,87.01,87.75,85.84,86.11,3754500
2016-03-15,86.83,86.83,87.19,86.22,86.4,2909600
2016-03-16,88.17,88.17,88.48,86.4,86.7,3383000
2016-03-17,89.96,89.96,90.21,87.25,88.66,6914600
2016-03-18,93.42,93.42,98.0,93.11,98.0,12530100
2016-03-21,92.5,92.5,93.27,91.33,92.69,4657300
2016-03-22,92.56,92.56,93.42,92.05,92.06,4475800
2016-03-23,92.16,92.16,92.94,91.93,92.62,2767600
2016-03-24,92.52,92.52,92.74,91.25,91.5,3266800
2016-03-28,92.4,92.4,92.83,91.9,92.68,2283000
2016-03-29,93.22,93.22,93.44,91.76,91.79,4248600
2016-03-30,93.78,93.78,94.48,92.98,93.63,6797200
2016-03-31,93.8,93.8,94.58,93.23,93.76,6561400
2016-04-01,95.16,95.16,95.47,92.77,93.33,3981300
2016-04-04,94.5,94.5,96.28,94.23,95.42,2398300
2016-04-05,94.17,94.17,94.77,93.22,93.32,2472600
2016-04-06,95.4,95.4,95.49,93.97,94.07,2705700
2016-04-07,93.78,93.78,94.89,93.19,94.72,2370500
2016-04-08,94.07,94.07,94.5,93.39,94.48,2063100
2016-04-11,92.95,92.95,94.81,92.84,94.43,2165100
2016-04-12,93.42,93.42,93.67,92.22,93.18,2079000
2016-04-13,94.53,94.53,94.6,93.69,93.82,2055000
2016-04-14,94.44,94.44,94.71,94.01,94.34,1764000
2016-04-15,95.16,95.16,95.22,94.16,94.66,2187400
2016-04-18,96.55,96.55,96.58,94.59,94.75,2174900
2016-04-19,96.52,96.52,97.69,95.13,97.0,2507100
2016-04-20,96.33,96.33,97.0,95.76,97.0,2712100
2016-04-21,96.37,96.37,97.14,95.76,96.21,2066900
2016-04-22,94.79,94.79,96.24,93.76,96.17,3797900
2016-04-25,95.8,95.8,96.04,94.22,94.38,2047000
2016-04-26,96.15,96.15,96.3,95.22,95.96,1419300
2016-04-27,95.64,95.64,95.99,94.53,95.72,2082800
2016-04-28,93.64,93.64,95.74,93.15,94.8,3497700
2016-04-29,94.22,94.22,94.58,92.32,92.89,3163800
2016-05-02,94.9,94.9,94.99,93.81,94.29,2330600
2016-05-03,93.66,93.66,94.39,93.09,94.07,1811400
2016-05-04,92.94,92.94,93.59,92.55,93.18,1710700
2016-05-05,93.5,93.5,94.22,92.92,93.1,1894800
2016-05-06,94.3,94.3,94.4,92.57,93.13,1465000
2016-05-09,94.61,94.61,95.19,93.87,94.0,1406900
2016-05-10,96.52,96.52,96.59,94.75,94.82,1808400
2016-05-11,96.1,96.1,97.26,96.04,96.26,1569100
2016-05-12,95.96,95.96,96.98,94.93,96.31,1198100
2016-05-13,95.97,95.97,97.21,95.37,95.62,2221100
2016-05-16,97.23,97.23,97.76,95.91,95.91,1918500
2016-05-17,95.93,95.93,97.35,95.75,96.81,3279600
2016-05-18,96.7,96.7,97.43,95.5,95.78,2010400
2016-05-19,95.88,95.88,96.95,95.25,96.41,1988400
2016-05-20,96.88,96.88,97.12,95.86,96.1,2217900
2016-05-23,96.62,96.62,97.42,96.5,96.71,1095900
2016-05-24,99.63,99.63,99.7,96.97,97.18,3014800
2016-05-25,99.61,99.61,99.99,98.8,99.91,1954500
2016-05-26,99.37,99.37,100.33,99.07,99.81,1970900
2016-05-27,100.14,100.14,100.14,98.9,99.52,1603600
2016-05-31,99.47,99.47,100.56,99.35,100.14,3480500
2016-06-01,100.04,100.04,100.4,98.93,99.24,1662600
2016-06-02,100.17,100.17,100.17,99.17,99.98,1761700
2016-06-03,98.7,98.7,99.52,97.89,99.52,2417000
2016-06-06,99.12,99.12,99.49,98.47,99.16,1395800
2016-06-07,98.52,98.52,99.67,98.47,99.51,2143900
2016-06-08,98.68,98.68,98.91,97.99,98.45,2078700
2016-06-09,98.07,98.07,98.7,97.85,98.36,1609400
2016-06-10,97.09,97.09,97.87,96.75,96.89,1863800
2016-06-13,96.96,96.96,98.09,96.7,96.87,2291500
2016-06-14,96.98,96.98,97.26,96.32,96.53,1889800
2016-06-15,97.02,97.02,97.83,96.9,97.01,2270400
2016-06-16,97.19,97.19,97.3,95.54,96.5,1952000
2016-06-17,95.58,95.58,97.39,95.36,97.25,4541500
2016-06-20,97.99,97.99,98.75,96.77,97.1,4310600
2016-06-21,99.72,99.72,99.92,98.13,98.64,6505100
2016-06-22,94.01,94.01,96.5,93.86,95.53,10280500
2016-06-23,96.21,96.21,96.28,94.31,94.73,3803200
2016-06-24,92.2,92.2,94.35,92.04,92.39,4329100
2016-06-27,90.85,90.85,92.03,90.35,91.36,3925700
2016-06-28,92.46,92.46,92.65,91.36,91.37,3319200
2016-06-29,94.39,94.39,94.62,92.68,92.91,2965500
2016-06-30,95.79,95.79,95.88,94.13,94.48,3544700
2016-07-01,95.32,95.32,97.14,95.0,95.04,3001900
2016-07-05,94.73,94.73,95.61,94.15,94.55,2314600
2016-07-06,95.18,95.18,95.48,94.06,94.53,1490300
2016-07-07,95.14,95.14,95.51,94.54,95.01,1576200
2016-07-08,96.79,96.79,96.86,95.34,95.93,2023900
2016-07-11,97.14,97.14,97.55,96.81,96.98,1732000
2016-07-12,97.54,97.54,97.79,96.7,97.25,2051400
2016-07-13,97.34,97.34,98.38,97.34,97.97,2125700
2016-07-14,97.7,97.7,98.14,97.46,98.0,1402200
2016-07-15,97.83,97.83,98.4,97.5,98.39,1530100
2016-07-18,97.79,97.79,98.53,97.58,97.74,1544200
2016-07-19,97.79,97.79,98.17,97.0,97.11,1797000
2016-07-20,98.4,98.4,98.89,97.85,98.16,1553800
2016-07-21,96.34,96.34,98.43,96.08,98.12,2579500
2016-07-22,98.06,98.06,98.24,96.09,96.71,2101500
2016-07-25,97.32,97.32,97.75,96.88,97.75,1815100
2016-07-26,97.91,97.91,98.42,97.0,97.81,2196500
2016-07-27,97.93,97.93,98.41,97.39,97.59,2312900
2016-07-28,98.44,98.44,98.61,97.57,97.92,1666000
2016-07-29,97.86,97.86,98.55,97.23,98.4,1786600
2016-08-01,97.72,97.72,98.16,97.22,97.75,1474600
2016-08-02,96.05,96.05,97.63,95.42,97.38,2352700
2016-08-03,96.67,96.67,96.68,95.65,96.06,2070700
2016-08-04,97.09,97.09,97.28,96.19,96.5,1282600
2016-08-05,99.04,99.04,99.08,97.15,97.36,1932100
2016-08-08,98.49,98.49,98.95,98.3,98.86,1107200
2016-08-09,98.87,98.87,99.22,98.47,98.71,1001700
2016-08-10,100.62,100.62,100.99,99.09,99.13,2670200
2016-08-11,101.67,101.67,101.93,100.59,100.85,2259000
2016-08-12,101.04,101.04,101.2,100.06,100.98,1713300
2016-08-15,100.93,100.93,101.63,100.88,101.38,1697600
2016-08-16,100.6,100.6,100.97,99.91,100.52,1649300
2016-08-17,99.7,99.7,100.81,99.45,100.65,2123900
2016-08-18,100.67,100.67,100.93,99.6,99.6,2027000
2016-08-19,100.32,100.32,100.61,99.72,100.31,1587900
2016-08-22,100.24,100.24,100.68,99.92,100.32,1000800
2016-08-23,101.14,101.14,101.28,100.24,100.46,1008500
2016-08-24,101.14,101.14,101.52,100.69,101.0,1425200
2016-08-25,101.69,101.69,101.79,100.91,101.15,1174100
2016-08-26,102.06,102.06,102.75,101.08,101.68,1834600
2016-08-29,102.3,102.3,102.68,101.4,101.85,1161600
2016-08-30,102.0,102.0,102.39,101.51,102.09,1325100
2016-08-31,102.31,102.31,102.6,101.51,101.66,1773000
2016-09-01,102.9,102.9,102.97,101.81,102.23,2006600
2016-09-02,103.57,103.57,104.16,102.95,103.49,1719300
2016-09-06,103.5,103.5,103.74,103.09,103.33,1585100
2016-09-07,103.0,103.0,103.51,102.58,103.47,1386500
2016-09-08,101.88,101.88,102.97,101.62,102.77,2110600
2016-09-09,99.38,99.38,101.28,99.38,100.97,3379300
2016-09-12,100.32,100.32,100.5,99.0,99.18,2882600
2016-09-13,98.77,98.77,99.92,97.87,99.92,3797600
2016-09-14,98.79,98.79,99.55,98.49,98.95,2025300
2016-09-15,99.62,99.62,100.04,98.49,98.84,3095000
2016-09-16,98.93,98.93,99.67,98.32,99.26,3700600
2016-09-19,99.68,99.68,100.21,99.02,99.21,3307500
2016-09-20,100.62,100.62,100.91,99.72,100.16,4104900
2016-09-21,107.78,107.78,108.22,105.8,106.54,8764500
2016-09-22,107.92,107.92,108.5,107.01,107.46,3960300
2016-09-23,107.47,107.47,108.0,106.79,107.21,3087200
2016-09-26,107.26,107.26,107.57,106.53,106.91,2342700
2016-09-27,109.7,109.7,109.76,106.74,106.99,3531400
2016-09-28,109.49,109.49,109.69,108.82,109.48,2739800
2016-09-29,107.8,107.8,109.57,107.55,109.5,2436900
2016-09-30,108.54,108.54,108.84,107.44,108.15,3717600
2016-10-03,108.45,108.45,108.96,108.16,108.41,1553800
2016-10-04,108.39,108.39,108.94,107.85,108.52,1394000
2016-10-05,108.8,108.8,109.33,108.32,108.57,1855000
2016-10-06,108.56,108.56,109.27,108.14,108.72,1590800
2016-10-07,108.64,108.64,109.07,107.6,109.07,1412700
2016-10-10,109.24,109.24,110.13,109.15,109.15,1581600
2016-10-11,107.37,107.37,109.2,107.04,109.0,1970900
2016-10-12,108.05,108.05,108.42,106.82,108.42,1463800
2016-10-13,108.01,108.01,108.13,106.53,107.13,1588500
2016-10-14,107.84,107.84,109.1,107.82,108.19,1968000
2016-10-17,107.49,107.49,108.28,107.39,108.0,1136500
2016-10-18,108.42,108.42,108.82,108.01,108.44,1319000
2016-10-19,108.39,108.39,108.89,108.15,108.81,1281500
2016-10-20,109.03,109.03,109.38,107.55,108.41,1820800
2016-10-21,109.03,109.03,109.17,107.63,108.51,1838300
2016-10-24,110.81,110.81,111.09,109.35,109.63,2014900
2016-10-25,109.03,109.03,110.77,108.95,110.76,1712900
2016-10-26,107.97,107.97,108.82,107.59,108.74,1623700
2016-10-27,107.07,107.07,108.66,106.69,108.47,2393900
2016-10-28,107.6,107.6,108.32,107.05,107.08,1931100
2016-10-31,107.51,107.51,108.29,107.04,108.02,1678400
2016-11-01,106.87,106.87,107.97,106.04,107.79,1951400
2016-11-02,105.89,105.89,106.95,105.57,106.85,2140300
2016-11-03,107.17,107.17,108.16,106.48,106.54,3667000
2016-11-04,106.2,106.2,107.09,105.6,105.85,2587500
2016-11-07,108.66,108.66,108.97,107.37,107.66,2729900
2016-11-08,108.39,108.39,109.16,107.93,108.68,2453700
2016-11-09,107.86,107.86,108.05,104.52,105.55,3650200
2016-11-10,104.08,104.08,108.26,101.66,108.08,7301700
2016-11-11,103.68,103.68,104.47,102.62,103.62,3833200
2016-11-14,102.42,102.42,104.49,101.77,104.12,3040500
2016-11-15,103.66,103.66,104.76,102.55,103.14,2561000
2016-11-16,104.08,104.08,104.4,102.96,103.61,2459600
2016-11-17,105.81,105.81,105.93,103.48,103.77,2606600
2016-11-18,105.02,105.02,106.8,104.72,106.19,2358200
2016-11-21,105.65,105.65,106.14,105.14,105.56,1806000
2016-11-22,105.21,105.21,106.36,105.04,105.85,1703100
2016-11-23,104.21,104.21,105.56,103.98,105.41,2144600
2016-11-25,105.02,105.02,105.03,103.9,104.17,937700
2016-11-28,104.5,104.5,105.15,104.09,104.81,1552600
2016-11-29,104.95,104.95,105.98,104.26,104.27,2353100
2016-11-30,102.81,102.81,105.46,102.8,104.99,3399900
2016-12-01,99.51,99.51,102.92,98.87,102.82,5121200
2016-12-02,99.73,99.73,100.15,98.0,99.52,3514400
2016-12-05,101.95,101.95,102.52,100.16,100.46,2319400
2016-12-06,101.55,101.55,101.99,100.71,101.99,2679900
2016-12-07,103.36,103.36,103.51,100.89,100.89,2728900
2016-12-08,103.5,103.5,104.07,102.54,103.36,1851900
2016-12-09,104.31,104.31,104.5,103.42,104.0,2620600
2016-12-12,105.16,105.16,105.24,103.52,104.62,2711400
2016-12-13,106.15,106.15,107.6,105.62,105.74,3396600
2016-12-14,105.81,105.81,106.79,105.44,106.3,3213700
2016-12-15,105.1,105.1,106.48,104.6,106.33,5678900
2016-12-16,103.55,103.55,107.8,101.91,107.8,8949400
2016-12-19,105.29,105.29,106.08,103.41,103.57,3567100
2016-12-20,105.77,105.77,105.88,104.76,105.5,2194100
2016-12-21,105.51,105.51,106.06,104.48,105.74,2524600
2016-12-22,104.72,104.72,105.15,103.95,105.12,1717300
2016-12-23,105.02,105.02,105.42,104.61,104.61,1047500
2016-12-27,104.98,104.98,105.9,104.86,105.0,1047900
2016-12-28,103.77,103.77,105.16,103.5,104.83,1742900
2016-12-29,103.68,103.68,104.39,103.41,103.63,1095000
2016-12-30,102.95,102.95,104.22,102.47,104.07,2095800
2017-01-03,103.48,103.48,104.03,102.81,103.43,2277400
2017-01-04,104.14,104.14,104.37,103.5,103.74,1712600
2017-01-05,105.91,105.91,106.02,103.77,104.13,2504000
2017-01-06,108.3,108.3,108.43,105.25,105.98,2625600
2017-01-09,108.57,108.57,108.79,107.56,107.96,2925000
2017-01-10,108.26,108.26,108.79,107.61,108.57,3081000
2017-01-11,108.99,108.99,109.05,108.0,108.23,1784000
2017-01-12,108.59,108.59,108.74,107.16,107.99,1617900
2017-01-13,108.53,108.53,108.9,107.98,108.84,1593500
2017-01-17,108.0,108.0,108.05,107.06,107.79,1697800
2017-01-18,108.79,108.79,109.17,107.53,108.5,2536900
2017-01-19,109.79,109.79,109.98,108.04,108.63,3090500
2017-01-20,110.71,110.71,110.81,109.57,110.02,3179200
2017-01-23,110.97,110.97,111.92,110.3,110.71,2574200
2017-01-24,113.72,113.72,114.17,111.34,111.46,3654400
2017-01-25,114.25,114.25,114.57,113.29,113.77,3919300
2017-01-26,112.88,112.88,114.44,112.73,113.79,2745200
2017-01-27,113.99,113.99,114.01,112.75,113.07,1696800
2017-01-30,113.82,113.82,113.87,112.26,113.22,2176500
2017-01-31,113.38,113.38,113.75,112.7,113.22,1716600
2017-02-01,113.36,113.36,113.64,112.68,113.31,1859100
2017-02-02,113.16,113.16,113.58,112.27,112.82,1695400
2017-02-03,115.17,115.17,115.45,113.42,113.55,2507500
2017-02-06,114.46,114.46,114.83,113.29,114.68,3067500
2017-02-07,114.96,114.96,115.19,114.54,114.83,1643500
2017-02-08,116.13,116.13,116.38,114.45,115.0,2591700
2017-02-09,116.44,116.44,116.9,116.02,116.26,1688900
2017-02-10,116.85,116.85,116.94,115.03,116.51,2612900
2017-02-13,117.65,117.65,117.94,116.2,117.03,1910400
2017-02-14,117.58,117.58,117.79,116.67,117.65,1556500
2017-02-15,118.73,118.73,119.09,117.07,117.33,1699600
2017-02-16,118.93,118.93,119.47,118.47,118.84,1649300
2017-02-17,119.67,119.67,119.72,118.24,118.79,2143300
2017-02-21,119.63,119.63,120.17,119.31,119.73,2032300
2017-02-22,119.47,119.47,119.89,118.85,119.67,1981800
2017-02-23,118.83,118.83,120.15,118.03,120.1,2381700
2017-02-24,119.31,119.31,119.32,117.83,118.3,1942500
2017-02-27,118.78,118.78,119.2,118.07,119.02,1550400
2017-02-28,118.34,118.34,118.84,118.02,118.83,2008000
2017-03-01,120.35,120.35,120.57,118.38,119.24,2356500
2017-03-02,119.9,119.9,120.12,119.28,120.09,1819700
2017-03-03,120.04,120.04,120.13,119.48,119.83,1361100
2017-03-06,120.15,120.15,120.48,119.37,119.73,1979700
2017-03-07,119.98,119.98,120.69,119.69,120.06,1872500
2017-03-08,119.6,119.6,120.66,119.35,120.21,2962800
2017-03-09,119.91,119.91,120.26,119.11,119.82,1984200
2017-03-10,121.09,121.09,121.37,120.24,120.57,2211000
2017-03-13,121.8,121.8,121.96,120.89,121.11,1805200
2017-03-14,121.44,121.44,121.99,120.62,121.65,1507500
2017-03-15,122.11,122.11,122.42,120.9,122.0,2396300
2017-03-16,122.35,122.35,123.6,121.53,123.25,4044600
2017-03-17,127.01,127.01,130.3,126.94,128.45,8749900
2017-03-20,126.31,126.31,128.09,125.79,126.99,3320900
2017-03-21,125.07,125.07,127.36,124.96,126.64,3105300
2017-03-22,126.21,126.21,126.94,124.51,124.6,3477300
2017-03-23,126.87,126.87,127.25,126.01,126.2,2197200
2017-03-24,127.7,127.7,129.0,127.05,127.86,3044000
2017-03-27,128.25,128.25,128.84,126.36,127.48,2424200
2017-03-28,128.69,128.69,129.28,127.81,127.81,2213000
2017-03-29,129.58,129.58,129.63,128.2,128.4,2272500
2017-03-30,129.61,129.61,130.28,129.3,129.55,2204800
2017-03-31,130.13,130.13,130.69,129.4,129.57,2086400
2017-04-03,129.59,129.59,130.75,128.88,129.59,2336800
2017-04-04,130.04,130.04,130.37,129.02,129.47,2026500
2017-04-05,129.89,129.89,131.33,129.38,130.58,2811600
2017-04-06,130.15,130.15,130.22,129.16,129.86,1890800
2017-04-07,130.22,130.22,130.67,129.52,130.15,2287600
2017-04-10,130.16,130.16,130.38,129.47,130.32,2234900
2017-04-11,129.95,129.95,130.17,128.21,129.91,2331600
2017-04-12,129.38,129.38,129.96,128.72,129.96,2106100
2017-04-13,129.05,129.05,130.42,129.05,129.63,1815100
2017-04-17,129.99,129.99,130.36,129.11,129.69,1395300
2017-04-18,129.81,129.81,130.23,129.48,129.74,1499900
2017-04-19,130.22,130.22,130.98,129.82,129.9,2007600
2017-04-20,131.42,131.42,131.99,130.28,130.7,2004000
2017-04-21,131.52,131.52,131.97,131.03,131.84,2137100
2017-04-24,132.89,132.89,133.18,132.17,132.94,1845300
2017-04-25,133.49,133.49,133.72,132.88,133.44,2504100
2017-04-26,132.79,132.79,133.8,132.42,133.5,1635900
2017-04-27,133.38,133.38,134.25,132.76,133.13,1658000
2017-04-28,133.74,133.74,133.92,132.67,133.4,1749200
2017-05-01,135.11,135.11,135.34,133.71,134.3,1812000
2017-05-02,135.0,135.0,135.7,134.75,135.54,2692200
2017-05-03,134.85,134.85,135.21,134.38,134.99,1974200
2017-05-04,134.61,134.61,135.35,134.41,135.13,1810500
2017-05-05,134.84,134.84,135.19,134.19,135.19,1845500
2017-05-08,135.12,135.12,135.39,134.22,135.36,1583100
2017-05-09,135.6,135.6,135.62,134.9,135.33,1692700
2017-05-10,136.15,136.15,136.75,135.51,135.86,1755400
2017-05-11,136.29,136.29,136.31,135.4,135.98,1343900
2017-05-12,136.84,136.84,137.38,135.89,136.45,1626600
2017-05-15,137.6,137.6,137.71,136.83,137.13,3210200
2017-05-16,138.03,138.03,138.39,137.6,138.06,2271800
2017-05-17,134.33,134.33,137.32,134.24,137.2,3558500
2017-05-18,134.54,134.54,134.85,130.82,132.77,4158700
2017-05-19,136.43,136.43,136.61,134.34,135.18,3721700
2017-05-22,138.86,138.86,139.19,136.58,137.38,2516000
2017-05-23,139.52,139.52,139.95,138.7,139.16,2123600
2017-05-24,141.12,141.12,141.25,139.81,140.18,1695100
2017-05-25,142.85,142.85,143.48,141.8,142.16,1731100
2017-05-26,141.89,141.89,143.1,141.67,142.93,1604200
2017-05-30,142.41,142.41,142.56,141.5,141.8,1540800
2017-05-31,141.86,141.86,143.19,141.41,143.04,2944400
2017-06-01,141.38,141.38,142.49,140.93,141.64,2407700
2017-06-02,143.48,143.48,143.57,141.86,142.12,2885700
2017-06-05,143.59,143.59,144.34,143.51,144.14,1847600
2017-06-06,143.03,143.03,144.17,142.73,143.35,2162700
2017-06-07,143.62,143.62,143.77,142.45,143.33,1633800
2017-06-08,142.63,142.63,143.97,141.74,143.96,2811500
2017-06-09,138.05,138.05,143.59,135.76,143.14,4146200
2017-06-12,137.25,137.25,138.64,131.2,133.72,6772300
2017-06-13,139.09,139.09,139.86,138.09,138.79,2871400
2017-06-14,138.25,138.25,140.85,136.41,139.29,2831100
2017-06-15,137.52,137.52,137.9,134.45,136.63,2804400
2017-06-16,137.84,137.84,138.35,136.29,137.35,4205800
2017-06-19,140.35,140.35,141.47,138.64,138.79,4356900
2017-06-20,140.91,140.91,142.3,140.19,141.21,5454700
2017-06-21,144.24,144.24,147.45,142.75,145.08,8251900
2017-06-22,143.69,143.69,145.77,143.66,145.15,3688400
2017-06-23,145.41,145.41,145.59,143.06,143.75,3419000
2017-06-26,144.96,144.96,146.89,144.36,146.06,2775500
2017-06-27,142.54,142.54,144.81,142.54,144.33,3018900
2017-06-28,143.81,143.81,144.08,141.15,143.01,2507900
2017-06-29,141.24,141.24,143.2,139.65,143.06,2653900
2017-06-30,141.44,141.44,142.81,140.74,141.87,2331000
2017-07-03,138.41,138.41,142.15,138.31,141.73,1786000
2017-07-05,141.21,141.21,141.97,138.55,138.65,2229900
2017-07-06,140.75,140.75,141.18,138.88,139.73,1803200
2017-07-07,142.22,142.22,143.36,140.97,141.07,1533900
2017-07-10,143.34,143.34,143.88,141.57,142.21,1615200
2017-07-11,142.93,142.93,143.98,142.12,142.99,1623700
2017-07-12,145.91,145.91,146.19,143.79,144.0,1812100
2017-07-13,145.05,145.05,146.48,144.94,145.91,1308300
2017-07-14,146.16,146.16,146.48,145.22,145.59,2283800
2017-07-17,146.4,146.4,146.73,145.39,146.16,1310400
2017-07-18,147.89,147.89,147.96,145.37,146.47,1820800
2017-07-19,148.92,148.92,149.32,147.5,147.89,1880100
2017-07-20,149.94,149.94,150.1,148.35,149.07,1566000
2017-07-21,149.52,149.52,150.4,148.91,149.16,1819800
2017-07-24,149.53,149.53,149.95,149.04,149.16,1503400
2017-07-25,148.21,148.21,149.9,148.14,149.82,1591800
2017-07-26,149.78,149.78,149.83,148.42,148.62,1363100
2017-07-27,146.2,146.2,150.37,144.28,149.87,3057900
2017-07-28,146.73,146.73,147.24,144.5,145.77,1407900
2017-07-31,146.49,146.49,146.91,145.06,146.36,2182100
2017-08-01,147.36,147.36,147.65,146.52,147.48,1580300
2017-08-02,147.13,147.13,147.6,144.52,147.56,2112000
2017-08-03,147.79,147.79,147.98,145.68,147.47,1510600
2017-08-04,147.71,147.71,148.62,147.27,148.25,1503500
2017-08-07,148.44,148.44,148.9,147.54,147.74,1455600
2017-08-08,147.81,147.81,148.86,146.36,148.14,1508800
2017-08-09,148.35,148.35,148.5,146.5,146.68,1177900
2017-08-10,144.92,144.92,147.74,144.72,147.23,1902000
2017-08-11,146.47,146.47,147.1,144.18,145.25,1382900
2017-08-14,149.16,149.16,149.5,147.56,147.81,1171600
2017-08-15,150.36,150.36,150.65,148.41,149.56,1144100
2017-08-16,151.8,151.8,151.99,149.76,150.7,1455000
2017-08-17,148.23,148.23,151.72,148.19,151.66,2125500
2017-08-18,147.97,147.97,148.69,147.12,147.74,1699300
2017-08-21,149.26,149.26,149.33,147.57,148.05,1244800
2017-08-22,152.25,152.25,152.59,150.14,150.14,1981300
2017-08-23,151.1,151.1,152.18,150.75,152.18,1355000
2017-08-24,150.81,150.81,151.83,149.17,151.22,1449400
2017-08-25,151.45,151.45,153.0,150.91,152.0,1182300
2017-08-28,151.79,151.79,152.5,151.19,151.87,952600
2017-08-29,152.14,152.14,152.76,150.01,150.55,1189000
2017-08-30,153.67,153.67,154.26,151.89,152.05,1465900
2017-08-31,155.16,155.16,155.36,154.35,154.36,1895000
2017-09-01,155.06,155.06,156.06,154.38,155.76,1321300
2017-09-05,154.28,154.28,155.41,153.31,154.83,1274000
2017-09-06,153.76,153.76,155.56,153.61,155.11,1224400
2017-09-07,155.47,155.47,155.89,153.64,154.49,1445400
2017-09-08,155.34,155.34,155.88,154.29,155.24,1449900
2017-09-11,156.87,156.87,157.89,156.38,156.59,1716000
2017-09-12,156.31,156.31,157.22,154.92,156.76,1766400
2017-09-13,156.24,156.24,156.7,155.39,155.88,1363900
2017-09-14,154.95,154.95,156.2,154.68,155.37,1676400
2017-09-15,154.49,154.49,155.19,153.56,154.9,3012800
2017-09-18,155.77,155.77,156.3,154.37,155.01,2581000
2017-09-19,156.6,156.6,157.05,155.81,156.3,4014800
2017-09-20,149.96,149.96,152.4,149.0,151.99,9372300
2017-09-21,149.3,149.3,151.25,148.3,150.38,4991800
2017-09-22,148.5,148.5,149.5,147.85,148.69,2929200
2017-09-25,144.57,144.57,148.71,143.95,148.39,4869500
2017-09-26,145.4,145.4,146.35,143.96,145.5,3280000
2017-09-27,146.43,146.43,147.09,145.75,146.31,2947600
2017-09-28,146.83,146.83,147.32,145.39,146.14,1667000
2017-09-29,149.18,149.18,149.28,146.6,146.69,2181300
2017-10-02,147.94,147.94,150.48,147.52,149.79,2341700
2017-10-03,148.6,148.6,148.8,147.99,148.48,1808200
2017-10-04,147.95,147.95,148.46,146.6,148.21,2885600
2017-10-05,150.25,150.25,150.45,147.71,148.49,2413800
2017-10-06,151.12,151.12,151.36,149.53,149.96,2282800
2017-10-09,151.5,151.5,151.57,150.25,150.76,1460900
2017-10-10,152.15,152.15,152.86,151.32,152.0,2817600
2017-10-11,153.65,153.65,154.0,151.35,152.09,2791000
2017-10-12,153.61,153.61,154.85,153.39,153.72,2430000
2017-10-13,153.93,153.93,154.59,153.06,153.96,2515600
2017-10-16,150.46,150.46,153.07,149.28,151.15,3833200
2017-10-17,150.38,150.38,150.93,148.15,150.52,3547800
2017-10-18,153.0,153.0,153.43,149.03,150.33,4290900
2017-10-19,171.73,171.73,172.15,164.42,165.5,13522600
2017-10-20,175.64,175.64,175.87,171.36,171.5,6019400
2017-10-23,172.16,172.16,175.85,171.83,175.68,3220300
2017-10-24,171.58,171.58,172.49,170.49,171.47,2658600
2017-10-25,171.83,171.83,173.41,170.04,170.37,2785700
2017-10-26,173.75,173.75,175.02,172.02,172.06,2581200
2017-10-27,177.33,177.33,177.58,174.02,174.02,2806400
2017-10-30,176.03,176.03,177.48,174.45,177.0,2124200
2017-10-31,175.16,175.16,176.73,174.52,176.16,2656500
2017-11-01,176.25,176.25,176.94,174.7,176.59,2002900
2017-11-02,180.94,180.94,181.48,175.8,178.02,3262300
2017-11-03,182.3,182.3,182.74,179.64,181.76,2244700
2017-11-06,180.8,180.8,182.29,180.54,182.01,2021900
2017-11-07,180.88,180.88,181.78,180.11,181.23,2544200
2017-11-08,184.06,184.06,184.44,181.06,181.19,1791800
2017-11-09,181.92,181.92,183.08,179.03,182.88,2704600
2017-11-10,181.72,181.72,182.06,179.83,181.0,2082600
2017-11-13,181.85,181.85,182.32,179.75,180.5,1496100
2017-11-14,181.32,181.32,182.17,180.31,181.98,1549700
2017-11-15,180.08,180.08,181.73,179.6,180.92,1980900
2017-11-16,182.3,182.3,182.44,180.58,181.18,1961200
2017-11-17,182.24,182.24,182.91,181.14,182.08,1482100
2017-11-20,182.34,182.34,183.43,181.34,182.8,1118100
2017-11-21,184.15,184.15,185.55,182.84,183.75,2036500
2017-11-22,182.9,182.9,184.5,182.62,184.32,1546700
2017-11-24,184.46,184.46,184.71,182.96,182.96,663000
2017-11-27,185.0,185.0,185.84,184.09,184.83,1305100
2017-11-28,185.4,185.4,186.27,184.37,185.62,1647000
2017-11-29,176.85,176.85,184.73,175.31,183.87,4320800
2017-11-30,181.47,181.47,181.67,176.55,178.14,3976300
2017-12-01,179.52,179.52,182.0,177.13,179.51,3016200
2017-12-04,168.44,168.44,180.62,168.43,180.34,5931400
2017-12-05,167.54,167.54,171.78,165.68,167.69,4698700
2017-12-06,173.52,173.52,173.96,165.75,166.79,3773000
2017-12-07,174.61,174.61,175.9,172.13,173.46,2442000
2017-12-08,173.57,173.57,177.2,173.17,177.08,2101800
2017-12-11,174.31,174.31,174.98,173.2,173.77,2776700
2017-12-12,172.54,172.54,174.13,170.43,172.69,3924200
2017-12-13,176.83,176.83,177.42,173.29,173.5,4591700
2017-12-14,175.0,175.0,178.72,174.98,178.26,4720900
2017-12-15,177.51,177.51,179.98,174.3,179.36,9191700
2017-12-18,176.74,176.74,179.15,175.31,178.42,3435400
2017-12-19,174.97,174.97,176.76,174.23,176.01,2509500
2017-12-20,174.25,174.25,176.0,172.92,176.0,2677300
2017-12-21,174.56,174.56,175.32,174.0,174.05,2164100
2017-12-22,175.0,175.0,175.1,173.75,173.99,1702600
2017-12-26,174.44,174.44,175.0,173.03,174.36,918400
2017-12-27,175.36,175.36,175.44,173.97,174.65,1527800
2017-12-28,175.55,175.55,176.0,174.85,175.92,1043700
2017-12-29,175.24,175.24,176.97,175.1,175.19,1810300
2018-01-02,177.7,177.7,177.8,175.26,175.85,2432800
2018-01-03,181.04,181.04,181.89,177.7,178.0,2561200
2018-01-04,183.22,183.22,184.06,181.64,181.93,2211400
2018-01-05,185.34,185.34,185.9,183.54,185.0,2376500
2018-01-08,185.04,185.04,185.6,183.83,184.95,2088000
2018-01-09,186.7,186.7,186.97,183.93,185.57,1804300
2018-01-10,187.11,187.11,187.27,185.07,185.21,1664300
2018-01-11,188.92,188.92,188.94,186.19,187.29,1600100
2018-01-12,195.05,195.05,195.5,188.99,189.09,4246000
2018-01-16,192.46,192.46,198.21,191.71,195.92,4595600
2018-01-17,196.49,196.49,197.12,192.77,194.02,2969500
2018-01-18,196.2,196.2,196.59,194.06,196.21,2539400
2018-01-19,195.73,195.73,196.63,194.65,196.24,2343000
2018-01-22,197.84,197.84,198.0,194.42,195.7,1701300
2018-01-23,200.09,200.09,204.45,199.44,202.29,3981000
2018-01-24,197.78,197.78,202.3,196.52,201.82,3250500
2018-01-25,197.51,197.51,199.24,196.07,198.08,2574200
2018-01-26,201.3,201.3,201.55,198.25,198.5,2338100
2018-01-29,198.23,198.23,200.86,197.87,200.11,1939000
2018-01-30,196.9,196.9,197.73,194.89,197.25,3343300
2018-01-31,199.76,199.76,200.96,196.75,197.13,2747600
2018-02-01,199.38,199.38,201.75,198.08,199.12,2366100
2018-02-02,195.64,195.64,199.4,195.44,197.33,2813800
2018-02-05,190.27,190.27,198.46,188.0,194.06,3801300
2018-02-06,194.47,194.47,194.82,182.1,186.59,4480000
2018-02-07,192.34,192.34,196.24,192.02,193.87,2988000
2018-02-08,185.16,185.16,192.97,185.02,192.84,3978700
2018-02-09,187.99,187.99,189.71,179.34,187.33,3818800
2018-02-12,192.15,192.15,192.99,188.56,189.0,2824700
2018-02-13,193.48,193.48,194.31,190.39,190.85,1961300
2018-02-14,197.13,197.13,197.5,191.95,192.48,2542400
2018-02-15,202.97,202.97,203.28,197.13,198.97,2233300
2018-02-16,201.56,201.56,203.9,200.74,202.52,2172600
2018-02-20,202.98,202.98,205.12,199.18,200.46,2722700
2018-02-21,202.09,202.09,206.83,202.02,204.45,2043500
2018-02-22,202.61,202.61,204.22,201.68,203.07,1541500
2018-02-23,209.74,209.74,209.78,203.31,204.22,2349300
2018-02-26,212.15,212.15,212.35,209.26,211.29,2418700
2018-02-27,208.82,208.82,212.76,208.25,211.99,2330800
2018-02-28,209.13,209.13,213.44,209.1,210.69,2356900
2018-03-01,206.03,206.03,210.68,204.45,210.32,2632200
2018-03-02,209.79,209.79,210.21,201.76,203.96,2624700
2018-03-05,211.16,211.16,212.0,206.92,208.75,2111800
2018-03-06,212.01,212.01,212.74,209.88,212.44,2169000
2018-03-07,216.86,216.86,217.44,211.0,211.33,2795100
2018-03-08,216.4,216.4,219.71,214.86,218.03,2284400
2018-03-09,221.11,221.11,221.27,217.19,218.0,2642300
2018-03-12,220.94,220.94,223.11,220.34,222.97,3216900
2018-03-13,219.76,219.76,224.9,218.43,223.0,4732000
2018-03-14,218.44,218.44,221.46,217.6,220.75,3357600
2018-03-15,218.87,218.87,221.47,218.06,220.0,4457000
2018-03-16,225.55,225.55,228.88,224.0,227.18,8783000
2018-03-19,222.18,222.18,226.59,218.68,224.48,4029300
2018-03-20,229.75,229.75,231.34,223.0,223.19,5019300
2018-03-21,226.85,226.85,229.25,225.61,228.76,3971800
2018-03-22,220.52,220.52,225.87,220.26,223.86,3008700
2018-03-23,215.02,215.02,222.46,214.78,219.52,4297200
2018-03-26,228.91,228.91,229.15,218.5,218.83,4485400
2018-03-27,213.8,213.8,230.98,212.25,229.9,5468100
2018-03-28,212.54,212.54,217.15,209.04,213.72,4503200
2018-03-29,216.08,216.08,219.59,210.27,213.35,3757400
2018-04-02,212.28,212.28,216.5,207.22,214.81,3494900
2018-04-03,215.93,215.93,217.85,212.28,214.78,3017800
2018-04-04,225.05,225.05,226.28,210.5,210.71,4474400
2018-04-05,223.54,223.54,228.8,221.61,227.94,4084900
2018-04-06,218.61,218.61,224.46,216.75,221.89,2964500
2018-04-09,219.17,219.17,224.44,218.82,220.08,2536100
2018-04-10,224.53,224.53,225.16,221.18,222.61,2823200
2018-04-11,223.63,223.63,226.62,222.54,222.93,1851100
2018-04-12,226.96,226.96,228.39,225.12,225.72,2084100
2018-04-13,224.06,224.06,228.95,222.55,228.85,2029300
2018-04-16,226.52,226.52,227.23,222.95,226.08,2130700
2018-04-17,231.16,231.16,232.21,228.07,228.56,3404400
2018-04-18,231.1,231.1,233.17,228.62,231.7,2261600
2018-04-19,227.62,227.62,230.43,226.28,230.11,2620100
2018-04-20,225.24,225.24,227.6,223.05,227.0,2403700
2018-04-23,225.3,225.3,229.15,224.75,226.39,2138000
2018-04-24,217.89,217.89,228.3,215.78,227.0,3450800
2018-04-25,217.32,217.32,219.4,213.25,218.16,2946100
2018-04-26,221.91,221.91,223.19,218.85,219.77,2235900
2018-04-27,221.9,221.9,224.18,219.68,223.08,1503100
2018-04-30,221.6,221.6,224.14,219.54,223.27,1766300
2018-05-01,224.08,224.08,224.49,219.38,220.77,1792900
2018-05-02,221.1,221.1,224.5,220.55,224.3,2202900
2018-05-03,226.05,226.05,227.37,218.74,220.01,2507900
2018-05-04,228.51,228.51,229.39,223.39,223.89,1663700
2018-05-07,230.99,230.99,232.36,229.02,229.54,1808300
2018-05-08,234.56,234.56,235.0,228.75,229.74,2244600
2018-05-09,239.74,239.74,240.15,233.53,235.0,3091600
2018-05-10,241.15,241.15,241.76,238.24,240.46,1941400
2018-05-11,241.88,241.88,241.93,238.79,241.03,2261700
2018-05-14,238.37,238.37,243.34,237.24,242.0,2670800
2018-05-15,236.6,236.6,237.35,233.0,235.64,2130100
2018-05-16,237.39,237.39,238.12,235.84,236.59,1843700
2018-05-17,236.85,236.85,239.67,234.83,237.32,1690600
2018-05-18,238.09,238.09,239.28,235.26,236.24,1888200
2018-05-21,238.1,238.1,240.78,237.11,239.85,1757900
2018-05-22,238.79,238.79,243.49,237.76,241.15,2950200
2018-05-23,243.91,243.91,244.09,236.0,236.32,2757600
2018-05-24,245.15,245.15,245.9,240.72,243.79,2779600
2018-05-25,243.56,243.56,245.79,242.87,245.0,2152900
2018-05-29,242.19,242.19,243.39,240.38,242.99,2093400
2018-05-30,247.4,247.4,248.56,244.39,244.4,2319300
2018-05-31,249.28,249.28,251.52,246.58,247.11,3838400
2018-06-01,251.31,251.31,251.83,248.85,250.55,2773200
2018-06-04,253.34,253.34,254.72,251.1,252.85,3058700
2018-06-05,252.7,252.7,254.06,251.11,254.0,2677400
2018-06-06,253.95,253.95,254.07,251.5,253.75,3963600
2018-06-07,247.51,247.51,254.05,244.03,253.24,4169200
2018-06-08,251.21,251.21,251.66,245.83,246.86,2880600
2018-06-11,251.0,251.0,253.48,250.13,251.76,2868200
2018-06-12,252.59,252.59,254.8,251.13,252.65,3513300
2018-06-13,256.13,256.13,257.9,253.65,253.7,3590700
2018-06-14,258.1,258.1,258.91,256.58,257.15,5618300
2018-06-15,251.82,251.82,253.87,247.52,251.28,9052800
2018-06-18,255.69,255.69,256.77,249.8,250.52,3764300
2018-06-19,251.74,251.74,253.65,247.9,251.83,3532500
2018-06-20,251.24,251.24,254.8,250.98,253.5,2577500
2018-06-21,248.83,248.83,252.72,247.57,252.0,2639700
2018-06-22,243.63,243.63,248.8,243.26,248.11,4124500
2018-06-25,239.68,239.68,241.96,235.87,240.15,4575400
2018-06-26,242.25,242.25,244.23,239.66,240.67,2998300
2018-06-27,237.68,237.68,244.98,237.51,243.46,3499500
2018-06-28,239.81,239.81,241.82,236.44,236.59,2217200
2018-06-29,243.81,243.81,245.49,241.5,241.88,3774700
2018-07-02,243.26,243.26,243.33,239.6,241.05,4127400
2018-07-03,242.01,242.01,245.94,241.67,244.72,1307700
2018-07-05,244.18,244.18,244.62,242.14,243.04,1863400
2018-07-06,248.19,248.19,248.72,243.22,244.48,1889700
2018-07-09,249.77,249.77,250.66,246.37,249.9,2170700
2018-07-10,248.63,248.63,250.85,248.21,250.47,2012400
2018-07-11,248.12,248.12,249.74,245.85,246.65,1730600
2018-07-12,254.87,254.87,255.05,249.38,249.94,2761600
2018-07-13,258.59,258.59,259.51,253.49,254.64,3934100
2018-07-16,254.68,254.68,259.04,253.83,258.63,2165100
2018-07-17,258.31,258.31,258.68,250.71,252.68,2552000
2018-07-18,259.78,259.78,260.94,256.54,257.86,2637000
2018-07-19,257.68,257.68,259.6,256.36,258.0,1980200
2018-07-20,257.54,257.54,259.45,256.74,258.17,2221800
2018-07-23,259.47,259.47,260.14,256.38,257.66,1935700
2018-07-24,257.49,257.49,262.73,255.93,261.04,2433300
2018-07-25,263.17,263.17,263.5,257.83,258.35,2270300
2018-07-26,261.93,261.93,263.83,258.49,261.92,2265800
2018-07-27,254.81,254.81,262.86,253.05,262.05,3030900
2018-07-30,242.32,242.32,254.76,240.1,254.42,5496800
2018-07-31,244.68,244.68,246.8,241.16,244.93,2939500
2018-08-01,248.01,248.01,248.76,244.24,245.0,3185000
2018-08-02,252.22,252.22,252.57,245.0,245.7,2395400
2018-08-03,253.28,253.28,254.39,249.48,252.58,2100300
2018-08-06,254.11,254.11,254.88,251.54,252.74,1535300
2018-08-07,253.39,253.39,255.16,252.45,254.5,1885400
2018-08-08,253.83,253.83,254.57,251.63,252.95,1585400
2018-08-09,253.8,253.8,255.75,253.39,254.55,2092000
2018-08-10,253.7,253.7,254.97,251.5,252.0,1789000
2018-08-13,253.54,253.54,256.6,253.3,254.16,1532700
2018-08-14,256.05,256.05,256.25,252.09,254.38,2100300
2018-08-15,250.52,250.52,255.83,248.02,253.8,2744700
2018-08-16,248.89,248.89,253.3,248.1,252.79,2420400
2018-08-17,245.7,245.7,249.22,243.71,248.39,2744200
2018-08-20,249.76,249.76,250.37,246.0,246.08,2901300
2018-08-21,251.5,251.5,253.33,250.36,250.45,2168900
2018-08-22,255.54,255.54,256.16,250.36,250.59,1895400
2018-08-23,257.0,257.0,258.33,254.47,254.62,2984300
2018-08-24,261.51,261.51,263.39,258.33,258.33,3862300
2018-08-27,262.4,262.4,263.7,259.39,263.0,2433000
2018-08-28,263.04,263.04,263.7,261.03,263.7,1867100
2018-08-29,268.36,268.36,269.96,262.56,263.0,3155200
2018-08-30,266.43,266.43,269.05,265.5,266.72,2409300
2018-08-31,263.51,263.51,266.83,263.2,265.55,2944500
2018-09-04,266.68,266.68,266.93,262.3,263.67,2158200
2018-09-05,256.14,256.14,266.16,254.54,265.61,4203300
2018-09-06,259.75,259.75,260.27,255.14,256.95,2810800
2018-09-07,260.87,260.87,263.67,257.12,258.0,2894300
2018-09-10,265.37,265.37,265.93,260.79,264.27,2633600
2018-09-11,267.0,267.0,268.6,263.31,265.3,2866000
2018-09-12,267.79,267.79,270.94,266.45,267.83,3365400
2018-09-13,268.52,268.52,270.0,265.01,267.13,4774000
2018-09-14,274.69,274.69,277.61,268.0,269.0,6182500
2018-09-17,268.25,268.25,275.78,267.68,275.0,3080900
2018-09-18,270.79,270.79,273.78,266.6,267.61,2684400
2018-09-19,264.88,264.88,271.95,263.61,271.14,2801400
2018-09-20,266.34,266.34,269.54,264.19,266.47,2560200
2018-09-21,260.88,260.88,267.5,260.24,266.15,6186500
2018-09-24,264.09,264.09,264.46,257.07,260.0,2619100
2018-09-25,267.84,267.84,268.43,264.2,264.6,2298000
2018-09-26,268.47,268.47,270.68,266.66,268.56,2027700
2018-09-27,269.91,269.91,272.42,269.25,270.0,1735200
2018-09-28,269.95,269.95,272.26,268.44,269.75,2784500
2018-10-01,275.49,275.49,276.63,271.46,271.76,3553100
2018-10-02,272.0,272.0,277.03,271.85,274.71,3254400
2018-10-03,270.51,270.51,274.17,269.76,273.25,2726400
2018-10-04,263.71,263.71,271.07,260.54,269.5,3780300
2018-10-05,263.22,263.22,266.1,258.31,263.96,3098600
2018-10-08,254.69,254.69,263.46,248.69,261.84,5109200
2018-10-09,254.16,254.16,258.72,251.71,254.16,2597500
2018-10-10,237.91,237.91,253.38,237.86,252.52,5309300
2018-10-11,238.59,238.59,245.72,234.72,236.41,7042900
2018-10-12,248.87,248.87,249.91,242.78,247.74,4779900
2018-10-15,238.01,238.01,248.37,238.0,248.34,5106400
2018-10-16,260.67,260.67,261.73,251.77,252.5,8679600
2018-10-17,258.91,258.91,261.89,255.26,261.21,4405100
2018-10-18,250.35,250.35,257.21,246.01,256.19,5378900
2018-10-19,245.03,245.03,252.89,243.64,252.73,4070600
2018-10-22,251.06,251.06,251.64,242.8,246.0,3487000
2018-10-23,251.76,251.76,254.91,242.56,246.19,5006300
2018-10-24,238.44,238.44,254.6,238.23,250.61,4859500
2018-10-25,252.92,252.92,253.59,241.66,242.17,5283600
2018-10-26,245.8,245.8,252.18,241.41,243.85,4505800
2018-10-29,239.75,239.75,254.53,233.4,250.67,4725000
2018-10-30,238.41,238.41,242.5,231.7,238.99,5626800
2018-10-31,245.76,245.76,249.6,243.67,245.41,4423000
2018-11-01,245.28,245.28,247.55,241.49,245.69,3192200
2018-11-02,239.64,239.64,247.47,237.8,246.57,4335300
2018-11-05,239.89,239.89,241.0,233.62,240.0,3224100
2018-11-06,240.56,240.56,244.64,237.76,240.48,2446700
2018-11-07,253.43,253.43,253.96,243.81,244.8,3790600
2018-11-08,249.96,249.96,254.13,247.74,253.31,2389300
2018-11-09,244.84,244.84,248.29,241.16,247.56,2765900
2018-11-12,236.67,236.67,244.8,235.36,244.14,3498300
2018-11-13,238.74,238.74,243.0,235.85,238.38,4017100
2018-11-14,235.22,235.22,242.91,231.91,242.16,3261300
2018-11-15,239.95,239.95,241.43,231.33,233.98,3383500
2018-11-16,238.89,238.89,240.14,235.37,239.52,2897400
2018-11-19,219.69,219.69,238.65,218.72,237.5,7642200
2018-11-20,219.73,219.73,222.84,207.02,209.41,6180500
2018-11-21,225.98,225.98,228.99,222.24,225.33,4846400
2018-11-23,225.56,225.56,227.74,222.51,222.71,1691000
2018-11-26,231.96,231.96,233.3,227.91,229.19,3603700
2018-11-27,232.25,232.25,232.78,228.68,230.77,2882400
2018-11-28,249.21,249.21,250.41,237.74,237.9,6447100
2018-11-29,249.09,249.09,252.25,244.31,246.36,3723500
2018-11-30,250.89,250.89,251.57,247.09,250.23,5156700
2018-12-03,255.26,255.26,260.72,251.82,260.71,4286200
2018-12-04,245.82,245.82,254.71,244.98,253.22,4041700
2018-12-06,250.63,250.63,250.68,237.96,240.0,3950600
2018-12-07,238.0,238.0,249.26,237.65,248.39,3971100
2018-12-10,244.09,244.09,245.4,237.01,237.46,3194300
2018-12-11,245.34,245.34,251.75,242.78,251.43,3179400
2018-12-12,245.55,245.55,251.56,245.04,249.99,4067900
2018-12-13,248.08,248.08,251.6,245.2,248.15,5395200
2018-12-14,230.0,230.0,240.92,229.91,240.76,12189400
2018-12-17,221.38,221.38,230.63,220.48,226.93,7059500
2018-12-18,226.18,226.18,228.13,221.55,222.53,5265000
2018-12-19,224.65,224.65,231.02,221.11,225.92,6110800
2018-12-20,218.65,218.65,224.85,212.83,223.0,6099400
2018-12-21,208.8,208.8,222.26,207.37,219.55,8828100
2018-12-24,205.16,205.16,212.58,204.95,206.9,2940500
2018-12-26,222.95,222.95,222.96,206.25,206.53,5897900
2018-12-27,225.14,225.14,225.17,214.16,219.99,3931100
2018-12-28,223.13,223.13,228.11,220.87,227.58,3160200
2018-12-31,226.24,226.24,227.33,223.24,225.56,2866400
2019-01-02,224.57,224.57,226.17,219.0,219.91,2784100
2019-01-03,215.7,215.7,223.63,215.15,220.88,3663500
2019-01-04,226.19,226.19,227.65,217.48,219.84,4043400
2019-01-07,229.26,229.26,232.6,227.29,229.95,3638500
2019-01-08,232.68,232.68,233.77,228.33,232.65,3685900
2019-01-09,235.43,235.43,238.59,232.0,234.01,3594200
2019-01-10,237.77,237.77,238.04,231.71,233.77,2704600
2019-01-11,237.55,237.55,239.32,235.23,235.71,3179500
2019-01-14,234.56,234.56,236.26,231.96,235.33,2606800
2019-01-15,242.36,242.36,243.93,237.26,237.9,3656500
2019-01-16,241.95,241.95,244.0,239.68,243.6,2885200
2019-01-17,244.4,244.4,245.04,238.78,240.13,2836200
2019-01-18,247.51,247.51,250.68,244.45,247.45,3711300
2019-01-22,243.85,243.85,245.61,241.19,245.13,4155500
2019-01-23,245.14,245.14,248.16,240.6,244.91,2031400
2019-01-24,242.56,242.56,245.98,241.18,245.62,3643000
2019-01-25,244.95,244.95,247.1,243.43,244.99,3822300
2019-01-28,241.85,241.85,243.22,239.35,241.0,2110400
2019-01-29,238.27,238.27,242.87,237.27,241.81,1937100
2019-01-30,242.67,242.67,243.0,238.87,240.16,2482900
2019-01-31,247.82,247.82,249.0,243.0,243.0,5007200
2019-02-01,247.38,247.38,251.04,246.1,247.82,3033300
2019-02-04,254.74,254.74,256.99,248.06,248.56,3705100
2019-02-05,254.82,254.82,258.56,254.01,256.74,3042000
2019-02-06,254.35,254.35,255.93,250.71,255.06,2539100
2019-02-07,253.74,253.74,254.31,250.28,251.33,2099300
2019-02-08,257.0,257.0,257.05,250.64,251.39,2756800
2019-02-11,258.39,258.39,259.9,256.19,258.89,3538100
2019-02-12,261.37,261.37,262.25,258.67,260.15,2518400
2019-02-13,260.23,260.23,263.36,259.37,263.13,1899700
2019-02-14,260.14,260.14,261.71,258.01,259.4,1885000
2019-02-15,259.45,259.45,260.97,258.07,260.34,2999200
2019-02-19,257.81,257.81,260.06,256.45,258.98,3475600
2019-02-20,258.1,258.1,260.99,255.92,258.13,2484800
2019-02-21,257.76,257.76,259.35,255.12,257.3,2607400
2019-02-22,258.9,258.9,260.24,257.61,257.61,2006000
2019-02-25,258.62,258.62,262.98,258.18,261.5,1815800
2019-02-26,261.22,261.22,262.58,256.37,258.0,2538900
2019-02-27,262.9,262.9,263.08,256.52,259.77,2266800
2019-02-28,262.5,262.5,266.24,261.76,262.4,3810300
2019-03-01,264.01,264.01,266.24,261.5,265.75,2594000
2019-03-04,258.16,258.16,267.0,254.08,266.7,2994900
2019-03-05,257.38,257.38,259.87,256.37,259.0,2101800
2019-03-06,256.4,256.4,259.49,253.84,257.4,1950500
2019-03-07,255.46,255.46,257.49,253.29,255.77,3185200
2019-03-08,254.74,254.74,255.02,249.1,251.49,2195400
2019-03-11,260.96,260.96,261.46,255.77,255.98,2711700
2019-03-12,263.51,263.51,264.75,259.01,261.86,2583500
2019-03-13,264.38,264.38,269.8,264.13,265.5,3992500
2019-03-14,267.69,267.69,268.0,263.52,265.26,5113400
2019-03-15,257.09,257.09,260.0,252.03,258.03,12110500
2019-03-18,257.76,257.76,259.96,253.89,257.11,4013400
2019-03-19,260.42,260.42,260.64,256.34,259.43,4257300
2019-03-20,259.74,259.74,262.3,256.17,260.54,3732600
2019-03-21,264.18,264.18,264.34,258.4,259.0,2359900
2019-03-22,259.69,259.69,264.64,259.52,263.47,3454000
2019-03-25,262.27,262.27,263.12,257.1,259.21,2639300
2019-03-26,265.59,265.59,267.74,263.84,265.05,3150100
2019-03-27,262.34,262.34,265.97,259.04,265.53,2521900
2019-03-28,263.53,263.53,265.17,260.88,263.5,2018000
2019-03-29,266.49,266.49,266.75,264.2,265.47,2097400
2019-04-01,272.17,272.17,272.39,268.19,269.85,2970100
2019-04-02,271.35,271.35,273.0,267.63,272.89,1877800
2019-04-03,271.5,271.5,274.18,270.98,273.71,2432800
2019-04-04,267.89,267.89,271.47,263.72,270.98,2947400
2019-04-05,267.45,267.45,269.94,266.59,269.44,1970500
2019-04-08,268.81,268.81,269.09,264.7,266.96,1796800
2019-04-09,268.99,268.99,269.99,266.8,267.12,1605900
2019-04-10,271.58,271.58,272.16,269.01,269.47,1469700
2019-04-11,271.9,271.9,272.92,270.77,271.95,2085600
2019-04-12,271.86,271.86,273.51,270.82,273.01,1681100
2019-04-15,272.22,272.22,273.71,270.62,271.86,1462300
2019-04-16,271.43,271.43,273.39,269.64,273.07,1638400
2019-04-17,269.45,269.45,272.67,268.44,272.17,2391500
2019-04-18,270.57,270.57,270.82,266.64,270.09,2028900
2019-04-22,272.21,272.21,272.32,269.2,269.82,1364700
2019-04-23,278.49,278.49,278.89,271.59,272.54,2693600
2019-04-24,275.45,275.45,280.17,275.25,279.22,1867600
2019-04-25,277.66,277.66,279.52,274.38,278.4,1747200
2019-04-26,281.96,281.96,282.0,275.79,278.18,2114000
2019-04-29,286.14,286.14,291.71,285.38,286.46,5592400
2019-04-30,289.25,289.25,289.77,285.25,286.1,3068000
2019-05-01,283.35,283.35,291.0,283.19,291.0,2056200
2019-05-02,279.64,279.64,284.59,278.15,283.14,2482300
2019-05-03,285.58,285.58,286.35,282.39,282.56,1979500
2019-05-06,283.66,283.66,284.22,275.81,277.6,1994500
2019-05-07,277.07,277.07,280.65,273.67,278.82,2568000
2019-05-08,276.77,276.77,278.37,274.16,275.83,2610800
2019-05-09,275.79,275.79,277.12,270.8,274.16,1866800
2019-05-10,278.48,278.48,279.5,270.32,273.58,2097500
2019-05-13,267.7,267.7,274.19,267.22,270.57,2698300
2019-05-14,271.86,271.86,274.23,269.29,269.43,2046600
2019-05-15,276.82,276.82,276.95,269.5,269.82,2708600
2019-05-16,283.55,283.55,285.87,278.4,278.63,3413100
2019-05-17,279.85,279.85,284.41,279.07,281.68,2223500
2019-05-20,275.45,275.45,277.89,273.4,276.1,2392000
2019-05-21,278.07,278.07,280.0,277.05,278.21,1793500
2019-05-22,281.82,281.82,282.74,277.26,277.42,1570500
2019-05-23,274.25,274.25,278.43,271.69,278.29,2706400
2019-05-24,274.77,274.77,277.48,273.54,273.54,1878300
2019-05-28,278.25,278.25,281.45,275.37,276.49,2475800
2019-05-29,273.38,273.38,276.8,272.28,275.29,1806000
2019-05-30,274.51,274.51,275.09,272.43,274.43,1601100
2019-05-31,270.9,270.9,272.91,268.75,271.28,2526600
2019-06-03,259.03,259.03,272.81,257.53,270.51,3903400
2019-06-04,268.71,268.71,268.93,257.46,263.27,3750800
2019-06-05,272.86,272.86,273.21,268.39,272.78,2650400
2019-06-06,274.8,274.8,275.76,271.05,273.72,2211800
2019-06-07,278.16,278.16,282.37,275.51,275.87,2758900
2019-06-10,280.34,280.34,284.98,280.2,280.98,2487700
2019-06-11,275.99,275.99,284.89,272.03,283.91,2969300
2019-06-12,276.84,276.84,277.56,274.58,276.13,1313700
2019-06-13,276.3,276.3,278.96,275.92,278.59,1696400
2019-06-14,274.28,274.28,277.1,274.0,275.91,2262800
2019-06-17,275.6,275.6,277.47,274.63,274.63,2254200
2019-06-18,276.78,276.78,280.49,276.62,280.37,4529300
2019-06-19,291.21,291.21,292.0,284.34,287.0,9738600
2019-06-20,302.11,302.11,302.66,293.25,293.25,5632500
2019-06-21,299.33,299.33,304.0,299.09,301.46,4015500
2019-06-24,299.87,299.87,302.58,298.69,300.0,2868900
2019-06-25,287.97,287.97,300.65,287.0,299.21,4638500
2019-06-26,288.72,288.72,292.76,288.7,291.26,2896800
2019-06-27,293.23,293.23,294.67,290.04,290.04,2596800
2019-06-28,294.65,294.65,295.1,291.95,294.5,2648300
2019-07-01,300.97,300.97,301.9,297.66,299.55,2619500
2019-07-02,301.39,301.39,301.58,299.36,301.19,1816600
2019-07-03,305.7,305.7,305.86,301.29,302.0,1585300
2019-07-05,303.98,303.98,305.24,298.93,304.01,2872700
2019-07-08,302.92,302.92,303.11,300.13,302.76,1909200
2019-07-09,304.2,304.2,305.13,300.22,300.56,1644300
2019-07-10,306.98,306.98,309.32,305.1,305.1,1954100
2019-07-11,307.6,307.6,310.17,305.9,307.39,1951500
2019-07-12,309.42,309.42,309.7,304.96,308.01,1624800
2019-07-15,308.76,308.76,310.46,307.72,310.0,1161600
2019-07-16,305.7,305.7,308.46,305.07,308.0,1838700
2019-07-17,309.39,309.39,310.96,306.75,307.13,2298100
2019-07-18,310.08,310.08,310.92,306.85,307.21,1597200
2019-07-19,306.87,306.87,313.11,305.27,311.56,2100200
2019-07-22,308.55,308.55,309.92,307.14,308.39,1336400
2019-07-23,307.88,307.88,309.98,305.22,309.91,1826800
2019-07-24,310.27,310.27,310.73,305.81,305.81,1458800
2019-07-25,308.73,308.73,309.66,306.1,308.66,1378500
2019-07-26,311.27,311.27,312.5,309.26,309.97,1507800
2019-07-29,307.22,307.22,311.94,301.48,311.94,2778400
2019-07-30,303.64,303.64,307.09,302.55,305.07,2158000
2019-07-31,298.86,298.86,304.95,295.11,303.61,3066900
2019-08-01,298.44,298.44,304.99,296.77,299.15,3210200
2019-08-02,293.71,293.71,297.35,289.42,295.57,3400900
2019-08-05,280.36,280.36,286.87,276.78,285.04,4292600
2019-08-06,286.21,286.21,286.99,282.5,283.63,2552100
2019-08-07,289.02,289.02,290.26,282.0,282.24,2196700
2019-08-08,297.78,297.78,297.87,290.2,292.75,2506000
2019-08-09,294.83,294.83,298.27,292.15,296.14,1451100
2019-08-12,288.65,288.65,294.42,287.41,293.14,1580500
2019-08-13,293.17,293.17,295.5,286.39,288.23,2326400
2019-08-14,283.66,283.66,289.65,281.43,287.6,2586000
2019-08-15,282.71,282.71,286.49,280.86,285.64,2336800
2019-08-16,287.45,287.45,290.15,283.32,285.58,1954500
2019-08-19,287.97,287.97,291.77,287.17,291.32,1955200
2019-08-20,285.71,285.71,288.66,285.4,287.97,1491000
2019-08-21,291.53,291.53,292.92,286.51,288.54,1520200
2019-08-22,287.69,287.69,292.9,285.12,292.57,1743200
2019-08-23,282.44,282.44,293.57,280.97,289.23,2851900
2019-08-26,288.74,288.74,288.89,283.51,284.86,1792800
2019-08-27,289.45,289.45,291.85,286.53,290.66,1792300
2019-08-28,282.13,282.13,287.99,280.42,286.55,2776300
2019-08-29,286.63,286.63,287.7,283.62,285.71,2171900
2019-08-30,284.51,284.51,288.5,280.12,287.41,2373300
2019-09-03,282.45,282.45,287.46,281.4,284.25,1837000
2019-09-04,284.6,284.6,286.25,282.46,286.04,1516000
2019-09-05,287.75,287.75,288.01,281.52,287.83,2835900
2019-09-06,284.94,284.94,289.59,283.96,288.2,2273100
2019-09-09,279.3,279.3,286.93,276.6,286.52,3134500
2019-09-10,276.14,276.14,277.58,272.34,277.58,4097800
2019-09-11,277.78,277.78,280.31,274.0,277.66,2594000
2019-09-12,278.02,278.02,282.28,277.94,281.0,2955000
2019-09-13,278.35,278.35,280.28,276.32,278.22,2948600
2019-09-16,282.93,282.93,283.05,275.3,276.62,2774700
2019-09-17,284.69,284.69,285.3,280.36,284.04,4069200
2019-09-18,279.72,279.72,280.29,270.02,275.35,7449700
2019-09-19,281.26,281.26,284.37,279.83,280.17,3163500
2019-09-20,277.91,277.91,283.2,274.95,281.6,4046500
2019-09-23,277.44,277.44,279.58,275.41,275.93,1966300
2019-09-24,272.47,272.47,280.7,271.08,279.58,3288100
2019-09-25,277.43,277.43,277.71,267.73,271.9,3307300
2019-09-26,283.81,283.81,285.9,277.01,278.46,4270800
2019-09-27,277.54,277.54,284.98,274.12,284.63,3167600
2019-09-30,276.25,276.25,279.0,275.14,277.54,3992300
2019-10-01,272.71,272.71,279.65,271.87,278.99,3245800
2019-10-02,266.66,266.66,271.18,265.19,271.18,3370100
2019-10-03,272.4,272.4,272.8,263.85,266.92,3545100
2019-10-04,276.96,276.96,278.08,273.11,273.11,2566300
2019-10-07,276.9,276.9,278.49,275.59,276.32,1823500
2019-10-08,270.83,270.83,275.41,270.8,274.46,2135900
2019-10-09,274.27,274.27,275.55,272.86,273.52,1359400
2019-10-10,274.98,274.98,276.71,272.79,274.06,1562300
2019-10-11,278.29,278.29,281.27,277.63,278.37,2087600
2019-10-14,277.78,277.78,279.42,277.15,278.11,1372600
2019-10-15,279.39,279.39,281.51,278.02,278.17,1964000
2019-10-16,272.7,272.7,272.81,267.51,270.23,4315200
2019-10-17,269.24,269.24,274.12,267.15,272.61,3319100
2019-10-18,265.52,265.52,269.68,262.1,269.36,4391000
2019-10-21,266.84,266.84,267.43,262.57,265.63,2868800
2019-10-22,261.09,261.09,269.28,260.64,268.49,3349100
2019-10-23,261.32,261.32,265.52,259.57,261.0,3020400
2019-10-24,269.7,269.7,271.46,263.25,264.04,3511000
2019-10-25,270.98,270.98,271.61,267.02,267.8,1822300
2019-10-28,271.35,271.35,272.29,268.38,271.58,2281900
2019-10-29,271.45,271.45,273.72,271.06,271.68,1723500
2019-10-30,278.41,278.41,278.65,272.61,273.25,2320800
2019-10-31,277.93,277.93,279.32,275.31,278.27,2845400
2019-11-01,277.82,277.82,281.83,277.27,279.14,2827200
2019-11-04,277.5,277.5,281.21,276.05,280.56,2790200
2019-11-05,289.29,289.29,292.88,283.6,292.11,6170600
2019-11-06,287.4,287.4,289.26,285.61,289.11,2762400
2019-11-07,290.77,290.77,293.48,287.0,288.3,3201600
2019-11-08,292.46,292.46,292.46,288.48,290.02,1628500
2019-11-11,290.27,290.27,292.34,289.7,291.95,1777400
2019-11-12,291.72,291.72,294.16,290.27,290.79,2084900
2019-11-13,293.54,293.54,293.7,290.26,291.86,1739900
2019-11-14,294.53,294.53,295.08,292.15,293.54,1459700
2019-11-15,297.5,297.5,297.5,293.56,296.54,2011300
2019-11-18,297.16,297.16,298.56,296.0,297.55,1632700
2019-11-19,300.6,300.6,300.74,296.39,298.75,2142700
2019-11-20,300.1,300.1,302.05,297.05,299.39,1841300
2019-11-21,298.8,298.8,300.35,296.62,298.99,1609800
2019-11-22,299.3,299.3,299.92,295.8,299.59,1508900
2019-11-25,305.28,305.28,305.45,300.48,300.48,2205400
2019-11-26,307.9,307.9,309.06,304.89,305.0,2619000
2019-11-27,309.06,309.06,309.17,305.74,308.5,1469700
2019-11-29,309.53,309.53,310.0,308.0,308.52,1175100
2019-12-02,302.75,302.75,309.9,299.51,309.22,2891400
2019-12-03,303.91,303.91,304.46,297.32,298.24,1608500
2019-12-04,302.51,302.51,305.33,301.28,305.0,1522800
2019-12-05,303.03,303.03,304.24,301.0,303.13,1698100
2019-12-06,306.23,306.23,306.75,303.16,306.2,1733000
2019-12-09,307.05,307.05,310.91,306.7,308.91,2892500
2019-12-10,304.17,304.17,309.03,304.1,306.62,2155300
2019-12-11,303.74,303.74,305.38,301.48,305.15,2928600
2019-12-12,305.96,305.96,306.58,300.72,303.0,3104600
2019-12-13,317.94,317.94,321.73,313.74,314.11,6606700
2019-12-16,323.8,323.8,325.25,319.27,319.27,3436700
2019-12-17,322.85,322.85,325.08,321.75,325.04,2331900
2019-12-18,324.38,324.38,326.82,322.01,322.1,2332600
2019-12-19,327.63,327.63,327.96,324.26,324.38,2561400
2019-12-20,327.61,327.61,330.0,325.62,328.37,4233000
2019-12-23,328.95,328.95,329.88,327.26,328.83,2210600
2019-12-24,329.64,329.64,331.54,328.68,329.0,1066400
2019-12-26,331.2,331.2,331.28,329.63,329.63,1055100
2019-12-27,330.79,330.79,332.88,329.77,332.88,1229800
2019-12-30,328.34,328.34,330.47,325.17,330.35,1896700
2019-12-31,329.81,329.81,329.94,326.25,326.25,1592300
2020-01-02,334.43,334.43,334.48,329.17,330.0,1990100
2020-01-03,331.81,331.81,332.98,328.69,329.17,1577600
2020-01-06,333.71,333.71,333.91,328.19,328.29,1874700
2020-01-07,333.39,333.39,334.79,332.31,334.15,2500800
2020-01-08,337.87,337.87,339.23,333.4,333.81,2248500
2020-01-09,340.45,340.45,341.81,338.19,340.14,1626300
2020-01-10,339.81,339.81,343.36,339.62,342.05,1480400
2020-01-13,345.63,345.63,345.73,341.22,341.54,2069200
2020-01-14,344.63,344.63,347.27,343.15,347.01,2274400
2020-01-15,342.94,342.94,347.5,342.46,346.42,2213300
2020-01-16,345.38,345.38,345.99,342.76,345.98,2439600
2020-01-17,349.74,349.74,349.95,346.38,349.0,2536100
2020-01-21,350.0,350.0,352.37,345.62,346.37,2121200
2020-01-22,350.06,350.06,354.28,349.96,352.6,1600300
2020-01-23,351.76,351.76,352.16,347.85,351.02,2084400
2020-01-24,351.37,351.37,355.69,349.2,354.1,1640200
2020-01-27,346.9,346.9,349.9,340.4,341.04,2652000
2020-01-28,354.63,354.63,355.66,347.12,349.0,2270800
2020-01-29,351.66,351.66,356.7,351.36,356.7,1521300
2020-01-30,356.74,356.74,356.82,349.69,349.69,1834900
2020-01-31,351.14,351.14,355.84,348.3,355.84,3692900
2020-02-03,358.0,358.0,358.67,352.29,353.41,2693800
2020-02-04,366.74,366.74,367.44,360.45,363.43,3053000
2020-02-05,365.55,365.55,374.48,362.31,373.99,2463400
2020-02-06,367.46,367.46,368.25,363.01,366.16,2224500
2020-02-07,366.09,366.09,369.34,364.38,366.0,2092700
2020-02-10,370.0,370.0,370.81,365.22,365.44,2426800
2020-02-11,369.28,369.28,373.7,367.25,373.03,2004700
2020-02-12,374.29,374.29,374.43,367.15,370.64,2355600
2020-02-13,374.84,374.84,377.71,372.39,372.56,1917100
2020-02-14,379.67,379.67,379.83,375.85,376.28,1690300
2020-02-18,378.85,378.85,382.59,378.59,380.2,2074400
2020-02-19,383.28,383.28,385.0,381.48,383.83,2580400
2020-02-20,378.96,378.96,386.75,373.48,384.0,3789300
2020-02-21,372.95,372.95,378.34,368.75,378.02,2742800
2020-02-24,357.41,357.41,363.46,349.0,355.39,3924000
2020-02-25,347.8,347.8,363.97,346.28,361.0,4188100
2020-02-26,351.34,351.34,360.07,348.6,349.4,3489700
2020-02-27,337.52,337.52,352.24,337.27,340.0,4737700
2020-02-28,345.12,345.12,345.46,324.0,324.42,6463400
2020-03-02,360.28,360.28,360.75,342.61,349.81,5398100
2020-03-03,348.34,348.34,364.95,344.04,361.76,4204500
2020-03-04,363.85,363.85,364.27,350.08,354.38,4146300
2020-03-05,351.03,351.03,360.45,347.19,355.06,3199000
2020-03-06,336.77,336.77,344.16,326.6,340.45,5622900
2020-03-09,305.79,305.79,322.44,305.33,311.68,5291900
2020-03-10,332.38,332.38,332.94,309.31,318.98,5973700
2020-03-11,315.23,315.23,326.36,309.0,324.32,4869200
2020-03-12,285.0,285.0,310.13,283.0,290.41,7230200
2020-03-13,335.5,335.5,336.0,298.0,312.88,8935200
2020-03-16,286.03,286.03,307.11,283.25,288.36,7140100
2020-03-17,311.81,311.81,312.95,278.35,291.2,6189100
2020-03-18,294.61,294.61,296.87,255.13,290.0,7293300
2020-03-19,307.51,307.51,318.71,281.1,291.77,6023800
2020-03-20,295.34,295.34,324.8,293.77,312.92,7461800
2020-03-23,307.27,307.27,312.49,287.78,296.67,6016800
2020-03-24,310.0,310.0,326.99,301.59,322.96,6592200
2020-03-25,305.91,305.91,317.65,298.13,308.0,4830400
2020-03-26,322.67,322.67,324.43,305.69,305.99,4531000
2020-03-27,305.83,305.83,314.29,300.63,311.7,4862100
2020-03-30,318.39,318.39,322.97,308.01,308.89,4340200
2020-03-31,318.24,318.24,326.33,312.68,316.41,6413700
2020-04-01,301.21,301.21,309.61,298.32,307.0,3903000
2020-04-02,303.96,303.96,306.5,293.18,297.76,3589700
2020-04-03,293.61,293.61,303.47,289.71,302.06,3934700
2020-04-06,319.13,319.13,320.51,299.96,306.56,5145100
2020-04-07,308.93,308.93,328.32,306.3,327.41,5422300
2020-04-08,317.18,317.18,317.72,308.2,313.88,4002500
2020-04-09,318.7,318.7,320.78,310.79,318.65,3290200
2020-04-13,320.65,320.65,320.9,313.75,315.94,1839000
2020-04-14,340.77,340.77,342.1,328.47,328.77,3858900
2020-04-15,332.55,332.55,339.22,329.65,335.34,2818600
2020-04-16,342.7,342.7,345.52,336.04,339.71,3918600
2020-04-17,344.11,344.11,350.38,340.5,350.09,3342400
2020-04-20,344.88,344.88,348.5,338.75,340.79,2772000
2020-04-21,328.99,328.99,342.76,325.21,340.9,3548200
2020-04-22,336.77,336.77,339.38,332.8,337.41,2231500
2020-04-23,335.37,335.37,341.75,334.8,338.9,2120300
2020-04-24,344.1,344.1,344.7,333.5,338.0,2143900
2020-04-27,348.5,348.5,349.96,345.12,348.8,2375200
2020-04-28,333.45,333.45,353.45,332.57,353.09,3895600
2020-04-29,349.17,349.17,351.25,335.44,339.53,5006400
2020-04-30,353.64,353.64,356.23,346.55,348.01,3902200
2020-05-01,343.84,343.84,350.31,340.26,347.24,2578600
2020-05-04,349.11,349.11,350.6,340.0,340.74,2372000
2020-05-05,356.13,356.13,359.7,352.39,353.38,2377400
2020-05-06,362.52,362.52,366.79,357.13,357.92,2319700
2020-05-07,366.78,366.78,369.5,365.5,368.82,2465200
2020-05-08,367.51,367.51,371.1,365.41,370.0,2547200
2020-05-11,371.42,371.42,373.63,364.5,365.84,2266200
2020-05-12,365.1,365.1,372.72,364.55,371.46,2071800
2020-05-13,358.56,358.56,367.43,352.71,366.45,3365500
2020-05-14,355.39,355.39,357.0,348.01,354.0,2752000
2020-05-15,365.3,365.3,365.48,351.53,351.57,2626600
2020-05-18,367.97,367.97,375.49,367.21,371.59,2351900
2020-05-19,372.2,372.2,376.0,368.89,369.88,2753700
2020-05-20,383.63,383.63,384.4,377.06,377.21,2824700
2020-05-21,382.17,382.17,385.12,380.6,382.0,2261100
2020-05-22,385.26,385.26,386.52,380.95,381.39,1688200
2020-05-26,376.63,376.63,391.27,374.81,391.0,3526000
2020-05-27,375.17,375.17,375.7,361.44,373.24,3553300
2020-05-28,379.83,379.83,386.9,372.5,372.5,2903600
2020-05-29,386.6,386.6,389.05,377.08,382.62,5892000
2020-06-01,389.68,389.68,389.99,382.9,387.08,2034100
2020-06-02,390.44,390.44,390.91,382.03,389.92,2509600
2020-06-03,389.92,389.92,391.14,387.46,390.82,2537100
2020-06-04,385.8,385.8,395.72,382.28,389.5,2422600
2020-06-05,392.9,392.9,396.17,382.0,384.64,2793700
2020-06-08,397.78,397.78,398.1,385.84,391.0,2593000
2020-06-09,397.16,397.16,402.31,394.15,397.03,2279300
2020-06-10,406.82,406.82,409.98,399.49,399.59,3611600
2020-06-11,387.67,387.67,404.2,387.37,400.0,4123700
2020-06-12,406.54,406.54,411.72,395.41,409.3,8332600
2020-06-15,401.34,401.34,406.11,397.0,398.8,3781500
2020-06-16,411.67,411.67,414.68,405.48,407.83,3764400
2020-06-17,413.49,413.49,417.46,411.36,414.0,2112300
2020-06-18,420.46,420.46,420.84,413.0,413.5,2578400
2020-06-19,428.01,428.01,429.27,419.65,423.76,3931600
2020-06-22,438.64,438.64,438.95,428.54,428.96,3156300
2020-06-23,440.55,440.55,446.15,436.01,440.07,3065900
2020-06-24,431.68,431.68,442.67,427.47,440.0,3329400
2020-06-25,436.95,436.95,437.99,427.58,430.01,2275200
2020-06-26,426.92,426.92,438.18,424.71,436.0,3829700
2020-06-29,424.2,424.2,428.48,416.03,427.11,2623900
2020-06-30,435.31,435.31,436.91,423.86,426.68,2944700
2020-07-01,439.81,439.81,442.05,433.62,434.8,2581700
2020-07-02,442.95,442.95,448.16,441.36,445.0,2503000
2020-07-06,452.59,452.59,455.53,444.69,448.0,2761200
2020-07-07,449.36,449.36,459.44,448.72,452.59,2684600
2020-07-08,457.68,457.68,458.24,452.0,453.76,1999200
2020-07-09,460.84,460.84,463.8,451.88,460.44,2269800
2020-07-10,466.2,466.2,467.21,455.48,460.83,3676200
2020-07-13,442.47,442.47,470.61,440.64,469.77,3480700
2020-07-14,433.78,433.78,437.21,416.29,435.74,5666700
2020-07-15,433.01,433.01,439.63,428.73,434.91,2566200
2020-07-16,426.29,426.29,430.59,418.51,428.43,2677700
2020-07-17,432.42,432.42,433.5,423.7,428.12,2568200
2020-07-20,455.27,455.27,456.89,433.0,434.06,3512500
2020-07-21,444.28,444.28,456.99,441.75,456.07,2027600
2020-07-22,445.05,445.05,449.37,441.76,447.55,1400300
2020-07-23,431.74,431.74,448.81,430.3,445.04,2313900
2020-07-24,430.31,430.31,435.0,423.44,425.0,1900800
2020-07-27,437.1,437.1,438.36,431.01,431.77,1622000
2020-07-28,432.26,432.26,438.26,431.33,436.83,1463400
2020-07-29,436.3,436.3,440.48,435.04,435.16,1489300
2020-07-30,438.88,438.88,440.5,426.81,429.98,1449000
2020-07-31,444.32,444.32,444.44,434.8,441.98,2034000
2020-08-03,447.97,447.97,450.74,442.28,449.84,2075200
2020-08-04,446.92,446.92,449.08,440.7,448.26,2622600
2020-08-05,449.51,449.51,454.04,446.35,449.09,2353100
2020-08-06,464.11,464.11,464.37,449.13,451.35,2362000
2020-08-07,449.57,449.57,461.79,445.09,460.87,3289700
2020-08-10,443.29,443.29,451.13,436.5,450.37,1836800
2020-08-11,435.23,435.23,444.48,431.59,440.26,1900200
2020-08-12,445.36,445.36,447.93,437.37,437.37,2223700
2020-08-13,450.02,450.02,455.9,446.07,446.07,2028000
2020-08-14,447.6,447.6,452.81,444.43,451.39,1111000
2020-08-17,451.58,451.58,456.1,449.2,450.0,1555700
2020-08-18,463.51,463.51,464.5,452.84,454.79,2097700
2020-08-19,462.01,462.01,468.11,457.59,464.29,2439200
2020-08-20,478.48,478.48,479.8,458.89,460.99,2485000
2020-08-21,473.22,473.22,477.28,470.34,477.09,2645600
2020-08-24,476.3,476.3,480.02,469.52,478.14,1840500
2020-08-25,484.43,484.43,484.65,474.43,476.67,3967400
2020-08-26,528.49,528.49,533.7,492.23,496.95,7780300
2020-08-27,510.32,510.32,523.32,504.46,519.01,3631800
2020-08-28,516.44,516.44,518.8,510.94,512.33,1926300
2020-08-31,513.39,513.39,516.73,507.77,513.86,2346700
2020-09-01,527.95,527.95,528.54,514.48,515.0,2404000
2020-09-02,533.8,533.8,536.88,521.41,536.25,2783400
2020-09-03,507.8,507.8,527.63,493.42,526.04,5837600
2020-09-04,491.94,491.94,511.35,471.71,504.65,3900300
2020-09-08,462.13,462.13,481.48,461.18,471.89,4533100
2020-09-09,479.46,479.46,483.49,462.48,473.91,3312100
2020-09-10,476.26,476.26,501.85,473.5,491.15,4248100
2020-09-11,471.35,471.35,489.41,464.48,487.08,4414200
2020-09-14,485.91,485.91,490.44,476.87,484.99,4463800
2020-09-15,497.67,497.67,499.69,491.49,493.74,5682400
2020-09-16,476.0,476.0,505.5,475.5,505.5,8462600
2020-09-17,474.3,474.3,475.17,460.5,464.44,4560800
2020-09-18,467.55,467.55,478.34,452.52,477.4,7182300
2020-09-21,475.64,475.64,475.86,456.73,460.31,3913700
2020-09-22,486.78,486.78,487.2,469.56,479.31,2629100
2020-09-23,470.39,470.39,488.0,468.23,486.88,2671300
2020-09-24,467.67,467.67,471.43,460.27,466.93,2838800
2020-09-25,479.78,479.78,481.58,466.01,469.23,2541100
2020-09-28,488.51,488.51,489.39,481.18,487.97,2844800
2020-09-29,489.33,489.33,493.45,484.17,489.94,2030400
2020-09-30,490.43,490.43,497.24,486.22,488.13,3508200
2020-10-01,499.51,499.51,501.5,495.76,497.43,2264600
2020-10-02,478.99,478.99,496.78,478.64,487.99,2780900
2020-10-05,486.47,486.47,486.69,478.99,483.25,1984100
2020-10-06,478.98,478.98,491.51,477.5,485.0,2041500
2020-10-07,493.15,493.15,493.98,481.43,484.35,2025800
2020-10-08,490.84,490.84,499.49,487.56,499.05,1590700
2020-10-09,502.16,502.16,502.17,491.18,491.77,1853800
2020-10-12,510.89,510.89,516.0,499.54,508.26,3149700
2020-10-13,514.31,514.31,519.6,511.9,512.19,2438100
2020-10-14,506.31,506.31,516.95,501.6,514.34,2032900
2020-10-15,501.15,501.15,502.5,491.85,499.26,2042800
2020-10-16,502.82,502.82,510.34,500.7,504.0,2441200
2020-10-19,495.2,495.2,507.75,493.2,507.75,1931400
2020-10-20,494.58,494.58,500.17,491.91,495.25,1453900
2020-10-21,495.96,495.96,499.81,490.57,492.05,1369700
2020-10-22,483.6,483.6,496.86,479.4,496.72,2613700
2020-10-23,488.5,488.5,488.51,479.51,486.41,1899300
2020-10-26,475.2,475.2,488.78,470.13,480.88,2337400
2020-10-27,478.56,478.56,481.89,473.47,479.78,1896500
2020-10-28,456.97,456.97,470.97,455.88,469.17,2677300
2020-10-29,461.11,461.11,464.73,457.28,459.32,2125300
2020-10-30,447.1,447.1,459.5,442.51,458.32,3127000
2020-11-02,444.94,444.94,456.19,438.94,451.0,2479000
2020-11-03,454.02,454.02,457.84,445.67,448.99,1758600
2020-11-04,487.23,487.23,494.94,474.47,477.93,4524300
2020-11-05,496.47,496.47,502.53,489.8,499.27,2401000
2020-11-06,494.63,494.63,498.72,483.0,494.95,1956300
2020-11-09,471.14,471.14,499.41,470.76,494.7,3625300
2020-11-10,452.0,452.0,468.01,446.0,466.72,4920300
2020-11-11,467.75,467.75,470.12,457.5,458.49,2634200
2020-11-12,462.58,462.58,474.93,461.15,473.49,2115000
2020-11-13,469.34,469.34,470.6,459.0,467.45,2965600
2020-11-16,460.95,460.95,469.53,458.25,460.43,2522200
2020-11-17,467.95,467.95,469.91,460.0,461.66,2407600
2020-11-18,459.47,459.47,467.9,459.26,466.71,2063200
2020-11-19,466.41,466.41,471.04,459.26,460.0,3132700
2020-11-20,462.92,462.92,470.0,462.36,465.16,1849900
2020-11-23,460.61,460.61,467.0,456.17,464.63,2370000
2020-11-24,462.7,462.7,464.49,456.68,461.41,2584900
2020-11-25,470.08,470.08,472.53,464.85,466.29,2634500
2020-11-27,477.03,477.03,482.41,474.86,476.9,1815500
2020-11-30,478.47,478.47,480.86,469.2,480.0,2787000
2020-12-01,479.15,479.15,482.01,471.63,482.01,2531100
2020-12-02,481.26,481.26,481.32,470.12,475.67,2107100
2020-12-03,484.28,484.28,492.81,481.5,482.21,3062700
2020-12-04,486.0,486.0,491.39,484.36,485.67,2749800
2020-12-07,492.25,492.25,499.29,487.0,487.0,3441700
2020-12-08,495.28,495.28,496.04,486.2,492.29,2175700
2020-12-09,483.74,483.74,497.0,479.26,496.03,3449100
2020-12-10,476.87,476.87,488.29,470.95,483.74,3922000
2020-12-11,475.91,475.91,478.89,468.82,475.98,3561300
2020-12-14,486.42,486.42,488.41,475.5,475.61,3945200
2020-12-15,482.64,482.64,489.5,480.53,489.05,2558600
2020-12-16,489.9,489.9,491.5,484.11,485.0,2555600
2020-12-17,495.36,495.36,496.99,490.63,493.0,2178400
2020-12-18,502.95,502.95,504.07,493.57,497.61,4667400
2020-12-21,498.39,498.39,502.0,491.5,498.05,2412900
2020-12-22,504.17,504.17,506.92,495.83,498.36,1701500
2020-12-23,496.91,496.91,505.46,496.59,505.13,1428300
2020-12-24,499.86,499.86,503.01,497.28,499.16,589200
2020-12-28,498.95,498.95,506.04,496.82,505.61,1515400
2020-12-29,502.11,502.11,505.35,499.74,501.17,1434100
2020-12-30,497.45,497.45,504.37,496.33,503.05,1529900
2020-12-31,500.12,500.12,500.66,494.89,497.99,1462100
2021-01-04,485.34,485.34,500.79,476.28,500.3,3612900
2021-01-05,485.69,485.69,486.08,479.2,485.88,2010100
2021-01-06,466.31,466.31,475.87,466.0,474.1,4156600
2021-01-07,477.74,477.74,479.64,468.25,471.0,2901200
2021-01-08,485.1,485.1,485.54,477.21,480.0,2266100
2021-01-11,474.24,474.24,482.59,471.3,481.99,2382400
2021-01-12,471.65,471.65,475.0,464.0,474.41,2964900
2021-01-13,472.05,472.05,477.85,469.3,472.0,2105900
2021-01-14,463.27,463.27,473.55,462.2,472.41,3508300
2021-01-15,458.08,458.08,467.88,457.49,462.5,3200400
2021-01-19,456.5,456.5,461.59,453.34,461.17,4419200
2021-01-20,469.73,469.73,472.39,458.77,462.73,3859000
2021-01-21,472.02,472.02,474.69,466.1,470.26,2768700
2021-01-22,472.44,472.44,476.35,470.61,472.5,2534300
2021-01-25,473.44,473.44,477.7,463.98,474.51,2697400
2021-01-26,476.28,476.28,477.22,467.76,473.73,2363100
2021-01-27,460.0,460.0,473.67,455.07,470.99,3586400
2021-01-28,465.67,465.67,475.02,459.07,459.07,3000700
2021-01-29,458.77,458.77,465.0,455.11,462.17,3061100
2021-02-01,470.0,470.0,474.8,459.82,462.28,2554800
2021-02-02,484.93,484.93,487.37,472.55,473.65,3022000
2021-02-03,481.92,481.92,488.85,479.17,487.09,2146900
2021-02-04,489.38,489.38,489.88,481.92,484.22,2005100
2021-02-05,492.12,492.12,495.1,488.0,490.92,1675000
2021-02-08,493.76,493.76,497.86,489.21,494.26,1727000
2021-02-09,496.05,496.05,497.95,492.01,495.0,1571500
2021-02-10,492.67,492.67,499.99,490.27,499.17,1764500
2021-02-11,496.62,496.62,497.0,491.08,494.53,1609800
2021-02-12,498.84,498.84,499.36,491.76,495.16,1450600
2021-02-16,501.64,501.64,506.51,497.6,500.03,1845900
2021-02-17,491.23,491.23,495.55,485.51,495.41,2112000
2021-02-18,488.37,488.37,489.8,480.0,486.32,1803200
2021-02-19,479.12,479.12,488.65,476.1,487.16,2720700
2021-02-22,467.33,467.33,472.1,466.66,470.48,2510500
2021-02-23,467.8,467.8,471.44,450.12,461.02,4164300
2021-02-24,476.62,476.62,477.35,460.29,463.49,3390600
2021-02-25,459.16,459.16,476.31,456.01,471.24,3252500
2021-02-26,459.67,459.67,467.32,456.01,462.8,3154500
2021-03-01,469.57,469.57,470.5,462.65,465.68,2358600
2021-03-02,466.59,466.59,473.8,463.46,473.03,2211000
2021-03-03,448.45,448.45,464.68,448.09,463.22,2808100
2021-03-04,439.06,439.06,457.53,437.63,446.45,4486400
2021-03-05,440.83,440.83,444.95,423.71,444.88,4615000
2021-03-08,421.2,421.2,440.99,420.78,439.76,3885100
2021-03-09,439.18,439.18,442.75,436.0,437.84,3926400
2021-03-10,437.01,437.01,448.46,436.82,445.73,2747300
2021-03-11,451.06,451.06,454.07,447.31,448.14,2762200
2021-03-12,444.3,444.3,445.89,438.6,443.45,2183100
2021-03-15,447.59,447.59,447.79,437.77,444.4,2508400
2021-03-16,450.54,450.54,457.41,449.67,452.01,2618800
2021-03-17,451.01,451.01,453.94,441.02,445.44,2502700
2021-03-18,439.18,439.18,446.86,438.5,443.16,2931200
2021-03-19,441.5,441.5,444.5,438.14,439.18,3923800
2021-03-22,452.41,452.41,457.82,444.86,444.86,2944300
2021-03-23,460.2,460.2,466.88,456.41,457.35,5317000
2021-03-24,451.51,451.51,465.61,448.34,464.76,5214100
2021-03-25,450.99,450.99,456.87,445.41,448.33,3201500
2021-03-26,469.09,469.09,469.77,449.05,450.25,3615900
2021-03-29,469.32,469.32,472.0,462.5,469.03,3141900
2021-03-30,465.46,465.46,469.09,461.5,462.58,2436300
2021-03-31,475.37,475.37,482.41,468.7,469.7,3155900
2021-04-01,483.34,483.34,487.04,480.71,483.12,2664700
2021-04-05,491.62,491.62,495.51,480.5,483.69,2982500
2021-04-06,491.34,491.34,495.59,487.57,492.32,1878300
2021-04-07,493.41,493.41,494.85,487.89,492.98,1576800
2021-04-08,499.84,499.84,504.6,498.14,500.16,2026000
2021-04-09,504.04,504.04,504.44,492.6,498.37,1886900
2021-04-12,506.03,506.03,506.94,498.44,499.29,1584600
2021-04-13,514.86,514.86,517.26,506.78,506.85,2195400
2021-04-14,510.63,510.63,517.78,509.13,514.0,1956400
2021-04-15,523.25,523.25,524.59,515.1,515.67,2122300
2021-04-16,525.08,525.08,525.44,518.55,524.21,2031600
2021-04-19,516.17,516.17,524.0,514.44,523.13,1917700
2021-04-20,514.21,514.21,517.29,510.6,515.29,1677500
2021-04-21,512.34,512.34,515.48,509.55,515.02,1678100
2021-04-22,507.29,507.29,512.77,504.06,508.08,2084600
2021-04-23,515.84,515.84,517.5,508.4,508.79,2257500
2021-04-26,515.7,515.7,516.31,510.25,513.57,1387500
2021-04-27,517.32,517.32,519.16,511.35,518.0,1944000
2021-04-28,515.48,515.48,519.13,510.02,515.24,1472200
2021-04-29,516.09,516.09,520.45,510.62,518.11,1592500
2021-04-30,508.34,508.34,515.05,507.15,514.13,1950500
2021-05-03,503.46,503.46,511.74,501.12,510.97,1458600
2021-05-04,490.7,490.7,499.47,484.83,499.47,2528900
2021-05-05,486.69,486.69,498.63,484.44,495.69,1875300
2021-05-06,483.61,483.61,485.67,475.92,485.67,2537100
2021-05-07,488.73,488.73,499.15,485.78,496.0,1632300
2021-05-10,479.38,479.38,489.04,478.63,487.54,1970900
2021-05-11,485.19,485.19,486.91,468.5,471.03,2293700
2021-05-12,472.09,472.09,480.99,469.57,477.19,2399500
2021-05-13,474.16,474.16,480.46,471.76,478.01,1996500
2021-05-14,486.56,486.56,488.33,478.69,481.63,1857100
2021-05-17,482.74,482.74,487.87,478.11,487.03,1581000
2021-05-18,480.62,480.62,488.32,480.46,484.63,1395100
2021-05-19,480.47,480.47,480.87,472.0,473.02,2047500
2021-05-20,491.67,491.67,495.36,482.61,483.68,1991100
2021-05-21,488.07,488.07,496.23,487.13,494.19,1567800
2021-05-24,497.83,497.83,499.99,492.01,494.64,1846900
2021-05-25,505.08,505.08,505.6,498.87,499.02,2322500
2021-05-26,506.98,506.98,509.5,504.63,506.27,1695600
2021-05-27,498.28,498.28,505.0,497.45,505.0,2957300
2021-05-28,504.58,504.58,511.37,504.19,506.08,1924800
2021-06-01,495.91,495.91,506.0,492.31,504.54,2189000
2021-06-02,495.77,495.77,501.82,493.09,495.18,1761300
2021-06-03,493.14,493.14,496.76,487.34,492.4,1539100
2021-06-04,504.5,504.5,506.5,497.72,498.73,1644200
2021-06-07,509.47,509.47,509.78,502.0,504.99,1768500
2021-06-08,509.2,509.2,516.29,508.07,511.15,1747800
2021-06-09,514.68,514.68,518.32,512.48,513.99,1702400
2021-06-10,535.52,535.52,536.41,513.01,513.99,3152400
2021-06-11,541.26,541.26,541.85,529.75,529.75,2871300
2021-06-14,556.95,556.95,561.36,543.25,545.04,3522600
2021-06-15,548.46,548.46,555.0,547.23,554.99,2424800
2021-06-16,543.33,543.33,553.99,535.72,548.46,2842000
2021-06-17,551.36,551.36,552.72,538.75,539.99,3566400
2021-06-18,565.59,565.59,570.0,556.39,569.96,6762000
2021-06-21,567.35,567.35,570.19,560.35,565.99,2625900
2021-06-22,575.74,575.74,576.31,567.0,568.51,2370400
2021-06-23,574.23,574.23,579.8,570.71,577.99,1616700
2021-06-24,578.26,578.26,580.97,574.96,575.9,1835000
2021-06-25,579.66,579.66,582.0,577.06,578.64,2133500
2021-06-28,588.8,588.8,589.41,581.0,582.71,1714000
2021-06-29,590.75,590.75,591.34,583.9,586.78,1204800
2021-06-30,585.64,585.64,592.24,585.0,590.75,1704200
2021-07-01,584.73,584.73,587.78,581.35,583.33,1646100
2021-07-02,593.07,593.07,594.08,587.96,588.67,1744600
2021-07-06,596.9,596.9,600.66,592.48,595.87,1657400
2021-07-07,605.77,605.77,607.67,597.4,600.0,2022500
2021-07-08,605.95,605.95,607.3,593.33,595.64,1846600
2021-07-09,604.5,604.5,605.95,597.44,601.43,2145200
2021-07-12,600.2,600.2,607.42,596.48,606.0,1696200
2021-07-13,605.01,605.01,609.33,598.42,600.56,1435600
2021-07-14,608.83,608.83,611.3,604.01,608.14,1376900
2021-07-15,606.17,606.17,609.95,602.65,608.4,1618100
2021-07-16,606.1,606.1,611.62,603.66,608.71,1249700
2021-07-19,602.05,602.05,610.69,598.14,602.75,2046600
2021-07-20,608.72,608.72,612.75,598.48,605.39,1675700
2021-07-21,612.26,612.26,612.58,603.32,605.72,1381000
2021-07-22,623.68,623.68,623.95,614.58,614.58,1477900
2021-07-23,625.87,625.87,631.64,622.0,625.76,2030400
2021-07-26,620.8,620.8,625.87,619.73,624.18,1389800
2021-07-27,618.28,618.28,623.92,610.64,621.0,1540300
2021-07-28,620.92,620.92,626.0,617.57,620.99,1468100
2021-07-29,621.7,621.7,625.67,617.04,617.04,1068900
2021-07-30,621.63,621.63,622.8,617.29,619.03,1403400
2021-08-02,618.75,618.75,627.6,612.93,625.87,1466800
2021-08-03,621.28,621.28,624.7,614.0,620.23,1067300
2021-08-04,625.68,625.68,627.08,617.62,622.47,1306800
2021-08-05,632.08,632.08,632.47,623.0,626.99,1158200
2021-08-06,631.38,631.38,631.84,625.17,629.27,1127700
2021-08-09,629.22,629.22,634.98,626.92,634.98,1118900
2021-08-10,621.74,621.74,633.3,620.6,630.48,1540100
2021-08-11,626.03,626.03,627.42,621.65,623.76,1328300
2021-08-12,634.35,634.35,636.64,624.04,626.0,1163100
2021-08-13,637.31,637.31,638.43,632.35,634.49,932800
2021-08-16,636.94,636.94,638.02,628.19,637.03,1105500
2021-08-17,635.01,635.01,637.0,630.22,636.55,1346300
2021-08-18,626.77,626.77,637.14,626.05,632.8,1386500
2021-08-19,637.66,637.66,642.55,623.63,624.88,1693700
2021-08-20,647.34,647.34,652.0,634.53,639.84,1434000
2021-08-23,656.86,656.86,658.5,645.52,645.87,1652400
2021-08-24,657.24,657.24,660.0,653.4,659.14,866400
2021-08-25,656.8,656.8,661.06,651.64,658.61,1047900
2021-08-26,652.39,652.39,657.91,649.35,653.59,1619200
2021-08-27,658.52,658.52,662.61,651.86,652.52,1142300
2021-08-30,665.99,665.99,667.67,659.78,659.78,1341500
2021-08-31,663.7,663.7,667.9,660.46,667.9,1877800
2021-09-01,665.89,665.89,668.96,662.0,664.51,1261200
2021-09-02,664.64,664.64,669.85,661.67,669.82,1402400
2021-09-03,666.59,666.59,673.88,664.3,664.43,1640300
2021-09-07,661.39,661.39,668.87,656.55,667.35,1382300
2021-09-08,663.22,663.22,664.08,657.1,660.15,1367700
2021-09-09,661.68,661.68,667.46,659.93,664.84,1110200
2021-09-10,658.94,658.94,668.87,658.2,666.18,1204200
2021-09-13,645.15,645.15,663.6,640.24,663.04,2242500
2021-09-14,645.01,645.01,649.58,642.46,646.0,2150200
2021-09-15,661.08,661.08,663.31,650.98,652.32,2009300
2021-09-16,665.11,665.11,666.47,654.71,657.53,2046100
2021-09-17,654.48,654.48,665.0,652.04,663.21,3553200
2021-09-20,641.29,641.29,653.93,633.05,646.04,2637400
2021-09-21,645.89,645.89,650.95,640.3,646.88,2449300
2021-09-22,626.08,626.08,628.94,615.06,624.79,5689600
2021-09-23,630.84,630.84,633.82,627.02,632.29,2985500
2021-09-24,622.71,622.71,629.03,618.22,628.0,2809000
2021-09-27,603.65,603.65,616.66,602.73,615.8,4152200
2021-09-28,578.77,578.77,596.31,578.33,596.31,5108900
2021-09-29,577.7,577.7,586.55,576.07,585.45,2726800
2021-09-30,575.72,575.72,586.19,573.24,580.64,2743600
2021-10-01,577.47,577.47,581.47,568.61,577.52,2915300
2021-10-04,558.49,558.49,576.8,552.14,574.59,3977000
2021-10-05,566.7,566.7,570.29,559.21,563.91,2337800
2021-10-06,570.31,570.31,572.16,560.21,561.24,2043200
2021-10-07,578.96,578.96,586.15,576.19,578.46,2648500
2021-10-08,576.86,576.86,583.61,575.52,581.3,2050700
2021-10-11,573.07,573.07,582.28,571.5,574.5,1410600
2021-10-12,580.69,580.69,584.22,574.42,579.16,1740200
2021-10-13,591.12,591.12,593.54,582.66,585.26,2142300
2021-10-14,607.51,607.51,609.44,596.97,600.0,2500900
2021-10-15,610.09,610.09,612.25,607.55,611.69,1960100
2021-10-18,622.83,622.83,623.47,607.57,610.65,1905100
2021-10-19,636.07,636.07,639.39,625.26,625.26,2470000
2021-10-20,632.37,632.37,641.29,630.17,639.28,1497200
2021-10-21,638.66,638.66,639.17,629.0,632.0,1586600
2021-10-22,643.58,643.58,644.43,634.45,640.43,1786500
2021-10-25,646.97,646.97,649.62,639.07,644.47,1629400
2021-10-26,642.5,642.5,659.19,642.1,650.91,2154000
2021-10-27,640.08,640.08,648.81,639.81,644.48,1629900
2021-10-28,639.28,639.28,642.49,633.27,638.0,2085000
2021-10-29,650.36,650.36,651.31,637.0,637.77,1927700
2021-11-01,640.2,640.2,654.0,634.78,651.05,2215800
2021-11-02,640.4,640.4,647.74,639.23,641.12,1770000
2021-11-03,655.18,655.18,656.5,640.0,645.52,1970700
2021-11-04,674.08,674.08,676.08,657.75,659.44,2480600
2021-11-05,662.72,662.72,677.76,661.11,676.74,2517600
2021-11-08,666.02,666.02,668.25,661.4,666.56,1497200
2021-11-09,667.92,667.92,669.66,663.0,667.69,1128000
2021-11-10,647.5,647.5,665.81,645.86,663.2,2038200
2021-11-11,643.17,643.17,652.57,642.1,649.61,1271100
2021-11-12,657.6,657.6,658.47,647.16,649.01,1286500
2021-11-15,659.73,659.73,663.67,655.19,658.37,1077600
2021-11-16,671.03,671.03,673.74,658.99,659.14,1422000
2021-11-17,670.67,670.67,672.74,662.84,671.76,1221900
2021-11-18,670.96,670.96,676.55,665.08,670.62,1493800
2021-11-19,688.37,688.37,699.5,678.91,681.26,3090900
2021-11-22,673.57,673.57,699.54,672.66,696.28,2284700
2021-11-23,665.16,665.16,667.57,648.61,662.7,2502800
2021-11-24,668.32,668.32,668.87,647.14,655.83,2426800
2021-11-26,662.1,662.1,684.0,659.68,670.25,2204000
2021-11-29,687.49,687.49,691.36,665.77,668.0,2728800
2021-11-30,669.85,669.85,694.89,667.83,687.22,4703600
2021-12-01,657.41,657.41,678.78,656.28,676.0,2831800
2021-12-02,671.88,671.88,674.85,653.62,655.95,2675400
2021-12-03,616.53,616.53,662.09,604.3,658.1,6741800
2021-12-06,622.04,622.04,625.9,605.73,617.47,3170000
2021-12-07,649.96,649.96,655.22,640.05,644.19,3943500
2021-12-08,653.1,653.1,654.65,641.61,647.3,2416200
2021-12-09,632.57,632.57,655.72,630.88,650.92,2550700
2021-12-10,654.45,654.45,654.97,635.1,638.13,2873000
2021-12-13,658.3,658.3,675.21,650.98,652.77,3829400
2021-12-14,614.86,614.86,636.0,599.1,635.36,5934200
2021-12-15,630.33,630.33,631.25,604.62,615.96,4288800
2021-12-16,566.09,566.09,591.58,556.15,578.4,10961200
2021-12-17,556.64,556.64,566.99,545.14,566.09,7999200
2021-12-20,549.77,549.77,557.27,543.5,545.61,3441100
2021-12-21,557.52,557.52,559.89,538.05,550.91,4104700
2021-12-22,563.98,563.98,564.92,552.24,560.3,4526200
2021-12-23,569.62,569.62,572.57,566.16,568.96,2147700
2021-12-27,577.68,577.68,580.88,572.09,575.04,1980100
2021-12-28,569.36,569.36,582.88,568.35,582.84,2107800
2021-12-29,569.29,569.29,576.96,562.78,573.33,2484200
2021-12-30,570.53,570.53,578.99,566.04,570.57,1564600
2021-12-31,567.06,567.06,570.17,565.07,570.0,1581400
2022-01-03,564.37,564.37,575.0,553.27,566.65,2862700
2022-01-04,554.0,554.0,564.3,541.31,563.9,4344800
2022-01-05,514.43,514.43,538.75,514.0,535.0,7394800
2022-01-06,514.12,514.12,526.31,508.2,510.0,3913600
2022-01-07,510.7,510.7,520.42,504.0,513.66,3605400
2022-01-10,525.83,525.83,526.58,497.01,500.0,5429700
2022-01-11,529.89,529.89,535.18,520.98,525.55,3422200
2022-01-12,532.37,532.37,541.59,529.28,533.09,2901800
2022-01-13,516.9,516.9,535.27,516.32,532.22,3406500
2022-01-14,520.6,520.6,522.57,511.27,514.49,2659800
2022-01-18,513.34,513.34,519.39,504.98,510.39,3461000
2022-01-19,516.58,516.58,528.92,515.3,516.48,2985900
2022-01-20,510.85,510.85,532.03,509.64,522.38,3208100
2022-01-21,499.91,499.91,513.86,499.27,508.5,4276100
2022-01-24,519.66,519.66,520.43,483.31,491.07,7538000
2022-01-25,502.72,502.72,514.26,500.01,505.51,4051500
2022-01-26,500.81,500.81,520.49,494.22,514.0,4449500
2022-01-27,493.05,493.05,513.23,485.62,508.94,5865400
2022-01-28,518.16,518.16,519.0,480.62,494.09,4339000
2022-01-31,534.3,534.3,534.94,514.39,518.98,3995100
2022-02-01,535.98,535.98,538.77,527.72,536.0,2307400
2022-02-02,533.09,533.09,540.46,529.32,536.25,2494100
2022-02-03,510.83,510.83,525.18,508.75,522.87,3058700
2022-02-04,513.54,513.54,519.97,503.77,503.77,2583700
2022-02-07,507.1,507.1,516.0,500.95,516.0,3120500
2022-02-08,511.31,511.31,513.51,501.07,501.63,3205500
2022-02-09,521.75,521.75,522.48,515.06,520.35,2542200
2022-02-10,495.02,495.02,514.48,492.28,508.08,4735800
2022-02-11,473.97,473.97,499.93,472.9,497.92,5027000
2022-02-14,474.01,474.01,478.57,469.21,473.2,3372100
2022-02-15,479.5,479.5,482.53,472.39,482.53,3743100
2022-02-16,477.7,477.7,480.21,467.27,476.49,3750500
2022-02-17,457.71,457.71,476.45,456.05,473.14,4021100
2022-02-18,442.56,442.56,459.3,441.77,458.69,5194200
2022-02-22,438.4,438.4,451.09,435.05,440.35,4287600
2022-02-23,429.45,429.45,449.59,428.06,447.78,4263000
2022-02-24,463.82,463.82,465.93,416.81,418.59,6448800
2022-02-25,465.54,465.54,468.52,456.02,465.39,2869700
2022-02-28,467.68,467.68,468.48,458.86,462.4,3302300
2022-03-01,466.68,466.68,479.21,462.92,468.0,3352800
2022-03-02,471.18,471.18,477.49,466.04,471.94,2948500
2022-03-03,459.08,459.08,476.05,455.45,475.83,2906300
2022-03-04,452.13,452.13,463.52,447.0,455.49,2751600
2022-03-07,437.97,437.97,457.68,437.18,456.22,3676100
2022-03-08,431.53,431.53,443.8,421.36,432.51,3734800
2022-03-09,450.87,450.87,453.11,438.93,443.8,2905700
2022-03-10,438.95,438.95,447.65,433.01,444.68,2722300
2022-03-11,416.38,416.38,440.61,415.43,439.66,4434500
2022-03-14,411.5,411.5,422.38,407.94,413.36,3731400
2022-03-15,421.66,421.66,422.96,413.17,415.97,3201700
2022-03-16,442.36,442.36,442.52,424.35,431.74,4141200
2022-03-17,444.36,444.36,446.82,436.51,441.26,3556700
2022-03-18,453.33,453.33,453.74,435.79,439.2,5898100
2022-03-21,453.59,453.59,459.58,445.95,451.42,3704200
2022-03-22,466.45,466.45,471.98,450.69,453.5,5377000
2022-03-23,422.9,422.9,437.98,416.47,437.51,13979800
2022-03-24,432.14,432.14,432.21,421.49,426.08,5544300
2022-03-25,431.62,431.62,438.62,426.0,435.44,3283600
2022-03-28,450.01,450.01,450.32,433.15,433.42,4472600
2022-03-29,466.33,466.33,467.8,452.44,459.16,4323800
2022-03-30,460.06,460.06,466.77,456.84,461.52,3889200
2022-03-31,455.62,455.62,465.43,455.43,461.59,4141300
2022-04-01,458.19,458.19,461.55,450.96,455.0,2718400
2022-04-04,468.81,468.81,473.49,460.61,461.04,2974500
2022-04-05,458.58,458.58,471.76,455.07,469.32,2481900
2022-04-06,444.33,444.33,450.01,439.57,448.24,3824900
2022-04-07,452.72,452.72,455.92,440.76,444.09,2757800
2022-04-08,445.34,445.34,454.41,443.37,449.95,2260700
2022-04-11,434.44,434.44,440.0,429.74,438.81,2932100
2022-04-12,426.77,426.77,444.44,425.16,442.69,2199000
2022-04-13,431.67,431.67,433.52,425.67,427.3,3078900
2022-04-14,420.44,420.44,435.95,420.03,435.86,2597000
2022-04-18,425.47,425.47,429.69,418.73,419.4,2594700
2022-04-19,436.4,436.4,437.49,420.64,422.02,1962700
2022-04-20,428.11,428.11,442.44,427.2,440.59,2094400
2022-04-21,417.48,417.48,438.94,416.36,432.69,2390100
2022-04-22,408.67,408.67,424.33,408.02,420.71,3198800
2022-04-25,413.95,413.95,414.08,401.67,405.7,3368800
2022-04-26,399.12,399.12,411.61,397.47,410.17,2820100
2022-04-27,397.9,397.9,412.46,396.81,401.44,3080700
2022-04-28,410.53,410.53,414.27,398.49,406.13,2593900
2022-04-29,395.95,395.95,413.0,394.64,407.47,3033200
2022-05-02,407.29,407.29,407.98,394.04,397.13,3010000
2022-05-03,407.58,407.58,413.93,403.5,406.59,2196100
2022-05-04,423.35,423.35,424.23,395.05,407.29,3330400
2022-05-05,400.51,400.51,417.99,395.71,415.55,3507700
2022-05-06,391.01,391.01,401.26,382.82,395.0,3522200
2022-05-09,376.91,376.91,389.63,374.86,381.95,4324900
2022-05-10,393.03,393.03,400.83,374.78,385.72,5334400
2022-05-11,379.33,379.33,409.99,377.81,389.99,3822000
2022-05-12,388.49,388.49,390.13,370.27,373.4,4048200
2022-05-13,405.45,405.45,408.97,393.94,396.47,3379300
2022-05-16,402.86,402.86,407.17,396.6,399.74,2645200
2022-05-17,409.65,409.65,416.72,403.54,413.08,2614700
2022-05-18,397.88,397.88,411.66,396.11,404.38,2915900
2022-05-19,394.38,394.38,403.04,391.57,399.01,2797200
2022-05-20,399.09,399.09,406.24,385.62,401.39,3432400
2022-05-23,406.76,406.76,407.88,398.89,404.01,2337500
2022-05-24,398.41,398.41,404.33,391.04,401.61,2630800
2022-05-25,402.5,402.5,406.1,394.71,395.32,2726700
2022-05-26,408.6,408.6,411.55,402.46,405.09,2419500
2022-05-27,428.22,428.22,428.55,414.63,414.8,3560400
2022-05-31,416.48,416.48,427.29,412.79,427.22,7944200
2022-06-01,418.16,418.16,437.55,413.79,428.0,3409900
2022-06-02,441.28,441.28,441.9,415.84,418.11,3415700
2022-06-03,429.76,429.76,438.01,427.26,430.71,2355300
2022-06-06,429.46,429.46,440.0,427.04,437.59,1563800
2022-06-07,433.42,433.42,435.2,423.12,423.98,1611200
2022-06-08,428.84,428.84,433.75,426.42,430.54,1790100
2022-06-09,426.42,426.42,436.04,423.48,424.17,2572400
2022-06-10,393.84,393.84,413.96,390.19,412.9,4406100
2022-06-13,371.65,371.65,385.65,371.09,377.36,4724800
2022-06-14,370.82,370.82,376.89,367.31,371.44,3197200
2022-06-15,376.92,376.92,382.75,368.5,376.03,3664500
2022-06-16,365.08,365.08,376.12,360.9,369.37,5775300
2022-06-17,360.79,360.79,367.32,338.0,349.24,9475100
2022-06-21,362.99,362.99,372.8,353.51,355.02,5343500
2022-06-22,365.33,365.33,372.55,358.22,360.79,3168200
2022-06-23,376.64,376.64,378.18,367.47,371.71,2534300
2022-06-24,387.72,387.72,388.06,378.22,380.64,3305300
2022-06-27,381.07,381.07,389.39,379.38,388.8,2244600
2022-06-28,365.63,365.63,382.98,364.45,381.0,2654500
2022-06-29,368.5,368.5,370.37,362.64,367.94,2027900
2022-06-30,366.06,366.06,370.42,357.56,362.9,2595500
2022-07-01,368.48,368.48,369.53,359.07,364.18,2471600
2022-07-05,376.49,376.49,378.52,359.82,363.5,3120500
2022-07-06,382.83,382.83,385.39,374.09,378.54,2284600
2022-07-07,390.89,390.89,392.07,382.38,382.5,2368500
2022-07-08,389.44,389.44,391.86,383.84,384.35,1611200
2022-07-11,384.16,384.16,388.05,380.46,386.57,1832200
2022-07-12,375.54,375.54,391.52,372.91,383.9,2639600
2022-07-13,371.94,371.94,374.41,364.7,368.2,1994000
2022-07-14,372.96,372.96,374.19,361.46,368.83,2098400
2022-07-15,379.86,379.86,384.47,376.86,377.79,2488300
2022-07-18,375.23,375.23,385.57,374.01,383.83,1866400
2022-07-19,387.83,387.83,388.32,378.0,382.89,1977600
2022-07-20,401.49,401.49,403.13,390.07,392.19,2746800
2022-07-21,408.91,408.91,409.65,399.24,404.12,2009900
2022-07-22,401.9,401.9,414.62,398.63,410.03,2413200
2022-07-25,391.96,391.96,400.77,388.57,400.11,2340500
2022-07-26,379.26,379.26,393.58,378.16,393.58,2368500
2022-07-27,392.78,392.78,394.91,383.41,385.08,2678000
2022-07-28,403.5,403.5,406.15,390.06,392.76,2421700
2022-07-29,410.12,410.12,411.38,400.89,404.69,2669800
2022-08-01,411.09,411.09,417.16,405.07,406.51,1910000
2022-08-02,409.96,409.96,412.42,402.25,405.34,2165500
2022-08-03,424.54,424.54,426.04,412.02,412.81,2403500
2022-08-04,430.59,430.59,431.15,419.63,425.45,2745600
2022-08-05,433.43,433.43,434.54,421.0,423.0,2481400
2022-08-08,434.34,434.34,440.3,432.48,435.0,2202000
2022-08-09,426.57,426.57,434.59,424.62,434.34,1977300
2022-08-10,438.4,438.4,443.22,436.2,441.42,2634400
2022-08-11,434.89,434.89,445.61,434.4,445.26,1756600
2022-08-12,445.67,445.67,446.0,436.58,439.61,2150400
2022-08-15,451.02,451.02,451.15,442.14,445.07,2503400
2022-08-16,447.56,447.56,450.09,440.1,446.12,2139500
2022-08-17,437.82,437.82,442.99,436.11,440.87,1894400
2022-08-18,439.03,439.03,441.39,437.01,438.61,1402300
2022-08-19,425.06,425.06,432.5,424.62,431.58,2007700
2022-08-22,411.35,411.35,419.79,410.08,419.41,2074600
2022-08-23,410.41,410.41,415.7,409.2,410.37,1392200
2022-08-24,405.65,405.65,413.24,405.33,410.68,1883900
2022-08-25,403.93,403.93,406.67,392.92,405.79,3062400
2022-08-26,381.02,381.02,405.54,380.5,403.99,3600100
2022-08-29,375.26,375.26,382.86,374.82,380.09,2410300
2022-08-30,375.07,375.07,380.66,371.06,379.92,1835000
2022-08-31,373.44,373.44,381.15,372.5,378.53,3193900
2022-09-01,370.53,370.53,371.64,361.72,371.0,2574400
2022-09-02,368.14,368.14,382.0,365.43,374.53,2450500
2022-09-06,368.3,368.3,374.3,365.37,367.23,2564400
2022-09-07,379.72,379.72,381.52,367.19,368.2,2385500
2022-09-08,383.63,383.63,386.66,375.2,377.2,2276800
2022-09-09,394.78,394.78,396.09,389.67,390.19,2998900
2022-09-12,396.36,396.36,396.39,389.28,391.09,2854800
2022-09-13,368.39,368.39,383.58,367.37,382.55,4175100
2022-09-14,371.52,371.52,374.24,365.61,369.57,3004400
2022-09-15,309.13,309.13,329.0,305.0,323.15,27840200
2022-09-16,299.5,299.5,300.2,292.14,298.32,14948100
2022-09-19,296.06,296.06,299.28,293.46,294.88,6593400
2022-09-20,291.06,291.06,294.08,287.81,292.82,6548800
2022-09-21,286.3,286.3,297.94,286.22,292.84,4913100
2022-09-22,287.06,287.06,289.55,280.06,282.0,5657600
2022-09-23,284.56,284.56,288.55,280.7,285.57,4739300
2022-09-26,276.96,276.96,288.9,276.75,286.03,6746200
2022-09-27,277.57,277.57,284.5,274.73,281.7,6390900
2022-09-28,281.4,281.4,282.74,275.37,280.38,4985100
2022-09-29,278.25,278.25,279.59,275.01,277.8,5155300
2022-09-30,275.2,275.2,284.29,274.85,279.69,4578800
2022-10-03,285.24,285.24,286.9,277.0,278.27,3738100
2022-10-04,294.97,294.97,296.79,290.18,290.95,4509200
2022-10-05,297.38,297.38,298.81,289.18,291.41,3469600
2022-10-06,298.41,298.41,305.5,297.1,297.15,4884000
2022-10-07,288.77,288.77,293.71,286.83,291.36,3495900
2022-10-10,285.72,285.72,290.28,283.05,289.75,2906300
2022-10-11,284.83,284.83,288.28,281.44,285.69,3209800
2022-10-12,286.15,286.15,289.79,283.09,284.69,3044100
2022-10-13,294.74,294.74,298.17,276.6,279.71,4737200
2022-10-14,287.94,287.94,297.59,287.45,295.12,3563300
2022-10-17,293.5,293.5,297.96,291.4,297.45,4600600
2022-10-18,292.98,292.98,303.49,286.81,302.68,5472000
2022-10-19,299.83,299.83,303.71,292.7,295.4,5529100
2022-10-20,302.38,302.38,309.19,299.34,301.03,3621600
2022-10-21,306.37,306.37,307.43,298.23,300.99,3659300
2022-10-24,316.22,316.22,317.33,306.2,308.43,4817400
2022-10-25,323.79,323.79,324.23,316.74,319.12,3814600
2022-10-26,320.48,320.48,330.58,316.54,318.16,4207700
2022-10-27,318.65,318.65,323.85,316.87,322.96,2870200
2022-10-28,325.68,325.68,327.05,318.67,318.67,3008400
2022-10-31,318.5,318.5,325.58,317.42,323.49,3253200
2022-11-01,316.02,316.02,322.84,312.79,321.01,2467700
2022-11-02,301.22,301.22,318.84,301.09,318.84,3480000
2022-11-03,285.93,285.93,299.61,285.37,297.07,4897100
2022-11-04,285.75,285.75,291.01,278.23,290.38,5738300
2022-11-07,299.54,299.54,300.36,287.57,288.97,3980700
2022-11-08,302.17,302.17,309.9,297.77,301.15,4230600
2022-11-09,298.87,298.87,303.29,297.35,299.65,2778200
2022-11-10,329.95,329.95,330.37,317.87,318.55,5502900
2022-11-11,341.15,341.15,342.31,329.49,330.34,4110100
2022-11-14,340.37,340.37,345.11,334.43,338.07,3464500
2022-11-15,345.96,345.96,350.97,342.56,348.41,2948600
2022-11-16,338.41,338.41,345.02,336.72,345.0,2123200
2022-11-17,337.83,337.83,339.87,329.35,331.74,2740400
2022-11-18,330.86,330.86,344.7,329.14,344.3,3421700
2022-11-21,321.49,321.49,330.25,320.6,329.53,3219900
2022-11-22,330.88,330.88,331.54,320.2,322.49,2573800
2022-11-23,335.78,335.78,338.5,327.59,329.93,2240800
2022-11-25,334.3,334.3,335.51,332.01,332.89,1197800
2022-11-28,328.97,328.97,338.19,328.07,335.83,2314800
2022-11-29,326.78,326.78,329.7,323.67,326.69,2392600
2022-11-30,344.93,344.93,345.03,326.38,327.12,4979800
2022-12-01,344.11,344.11,350.67,341.5,348.03,3365200
2022-12-02,341.53,341.53,343.53,334.22,337.2,2741800
2022-12-05,334.09,334.09,340.51,330.83,337.8,2542300
2022-12-06,331.15,331.15,334.22,327.4,334.09,2182200
2022-12-07,326.68,326.68,331.0,325.49,327.53,2055900
2022-12-08,332.58,332.58,336.2,324.35,325.71,2065800
2022-12-09,330.64,330.64,334.69,328.5,331.5,1969200
2022-12-12,338.17,338.17,338.27,332.65,334.76,2914700
2022-12-13,342.46,342.46,355.67,338.79,353.63,3428000
2022-12-14,339.92,339.92,345.95,335.0,343.89,3236500
2022-12-15,328.71,328.71,334.5,324.59,332.76,5498700
2022-12-16,338.54,338.54,354.47,337.24,345.0,11940700
2022-12-19,328.76,328.76,340.74,326.3,338.0,4086300
2022-12-20,338.22,338.22,342.5,325.52,327.0,3873600
2022-12-21,341.38,341.38,345.29,336.44,340.29,2583000
2022-12-22,336.52,336.52,339.88,330.94,336.01,2319300
2022-12-23,338.45,338.45,338.92,333.29,335.0,1629800
2022-12-27,335.09,335.09,338.16,332.46,338.0,1464300
2022-12-28,328.33,328.33,338.5,327.19,335.06,1672100
2022-12-29,337.58,337.58,339.5,329.76,330.75,1793100
2022-12-30,336.53,336.53,336.64,331.64,333.0,1740900
2023-01-03,336.92,336.92,345.82,331.92,340.16,2229100
2023-01-04,341.41,341.41,345.63,336.73,342.89,2186800
2023-01-05,328.44,328.44,337.55,328.16,337.53,2081600
2023-01-06,332.75,332.75,334.88,322.44,332.28,2216600
2023-01-09,341.98,341.98,349.46,338.42,338.9,3133800
2023-01-10,338.7,338.7,344.63,336.8,337.65,1670200
2023-01-11,342.93,342.93,343.19,333.47,337.39,2344400
2023-01-12,344.54,344.54,346.44,337.37,344.17,2121800
2023-01-13,344.38,344.38,344.65,335.5,340.25,2581900
2023-01-17,344.38,344.38,350.79,341.97,344.38,2512700
2023-01-18,341.31,341.31,349.24,338.4,345.01,2079800
2023-01-19,342.53,342.53,346.73,340.01,340.56,2467000
2023-01-20,356.38,356.38,357.42,342.76,343.27,3149400
2023-01-23,364.98,364.98,365.87,356.85,358.28,3187100
2023-01-24,361.32,361.32,364.45,358.0,364.1,2466400
2023-01-25,358.17,358.17,359.73,350.57,355.67,2239100
2023-01-26,365.82,365.82,367.43,360.72,362.76,2350500
2023-01-27,370.71,370.71,373.42,362.85,363.49,2615600
2023-01-30,363.42,363.42,368.7,362.83,365.9,2663600
2023-01-31,370.34,370.34,370.7,364.01,364.71,2572400
2023-02-01,383.92,383.92,386.72,366.8,370.01,3362000
2023-02-02,392.23,392.23,402.49,388.88,393.28,4020000
2023-02-03,379.33,379.33,386.72,377.92,384.29,2695400
2023-02-06,375.23,375.23,379.29,373.39,376.21,2369600
2023-02-07,383.82,383.82,384.94,372.76,373.43,2476200
2023-02-08,378.36,378.36,387.28,375.7,382.49,2668100
2023-02-09,375.81,375.81,386.51,374.02,384.97,2265200
2023-02-10,370.99,370.99,374.52,367.08,371.63,1846300
2023-02-13,375.0,375.0,376.31,371.03,373.41,1877300
2023-02-14,377.9,377.9,380.56,369.96,375.0,2479700
2023-02-15,375.94,375.94,381.67,374.84,375.6,2088200
2023-02-16,365.16,365.16,373.49,363.55,366.04,2917000
2023-02-17,356.85,356.85,359.61,352.12,359.31,2985700
2023-02-21,346.7,346.7,353.25,345.69,350.78,3002700
2023-02-22,348.72,348.72,353.17,344.45,346.69,2599300
2023-02-23,347.02,347.02,353.8,343.93,350.44,3154500
2023-02-24,320.54,320.54,329.76,318.6,328.12,8444500
2023-02-27,322.32,322.32,325.1,320.7,322.02,3500600
2023-02-28,323.95,323.95,325.73,320.97,323.37,2714200
2023-03-01,323.38,323.38,325.26,321.0,323.8,2377700
2023-03-02,333.5,333.5,334.46,321.56,323.38,3845800
2023-03-03,344.04,344.04,344.76,334.48,334.69,3725500
2023-03-06,347.02,347.02,351.78,344.28,344.33,3060300
2023-03-07,344.8,344.8,352.17,344.06,347.86,2252800
2023-03-08,345.84,345.84,348.69,343.47,346.74,2518900
2023-03-09,338.37,338.37,350.13,336.99,344.72,3798300
2023-03-10,329.3,329.3,338.52,328.45,338.34,4148200
2023-03-13,324.27,324.27,333.0,323.29,329.42,4203500
2023-03-14,333.33,333.33,335.17,328.7,332.21,3850900
2023-03-15,333.61,333.61,334.28,328.17,330.0,4627100
2023-03-16,353.29,353.29,355.49,340.53,344.57,6946600
2023-03-17,358.14,358.14,360.63,350.84,354.78,6725400
2023-03-20,362.88,362.88,364.94,355.35,357.61,3946800
2023-03-21,374.22,374.22,376.4,362.92,364.63,4479200
2023-03-22,361.71,361.71,377.33,361.52,375.0,3878400
2023-03-23,369.0,369.0,375.25,365.49,368.99,3138600
2023-03-24,374.96,374.96,375.23,367.72,370.23,2993400
2023-03-27,373.15,373.15,380.35,369.68,376.51,2832200
2023-03-28,373.4,373.4,374.0,367.82,373.42,1780800
2023-03-29,379.16,379.16,380.12,375.56,376.68,2497600
2023-03-30,381.9,381.9,382.58,378.08,381.65,2139000
2023-03-31,385.37,385.37,385.73,380.26,382.29,3063400
2023-04-03,380.08,380.08,383.73,378.15,380.88,2712600
2023-04-04,385.15,385.15,385.7,381.05,382.24,2569800
2023-04-05,382.02,382.02,386.0,377.26,384.09,2277200
2023-04-06,380.6,380.6,382.46,375.99,379.31,1835900
2023-04-10,376.25,376.25,376.67,372.26,375.48,1689700
2023-04-11,371.11,371.11,375.9,368.35,374.01,2161100
2023-04-12,369.89,369.89,378.23,368.75,376.42,1978200
2023-04-13,378.8,378.8,379.02,372.73,373.2,2434800
2023-04-14,379.38,379.38,380.57,375.14,376.37,1525500
2023-04-17,377.92,377.92,380.76,374.62,379.61,1614300
2023-04-18,377.55,377.55,380.9,374.49,380.9,1586700
2023-04-19,380.11,380.11,382.84,375.6,377.9,1775200
2023-04-20,380.26,380.26,383.0,375.67,376.04,1947900
2023-04-21,377.67,377.67,380.44,375.44,379.97,1841600
2023-04-24,377.34,377.34,378.95,373.57,376.59,1531100
2023-04-25,369.59,369.59,375.23,368.88,373.63,2413100
2023-04-26,363.06,363.06,369.45,357.25,368.6,2803200
2023-04-27,371.42,371.42,373.82,363.5,365.94,2338800
2023-04-28,377.56,377.56,377.69,368.56,371.42,2061700
2023-05-01,374.15,374.15,378.72,373.71,376.51,1868000
2023-05-02,368.66,368.66,375.85,367.84,374.36,2287600
2023-05-03,345.25,345.25,365.96,344.24,363.49,6700800
2023-05-04,335.83,335.83,348.0,332.84,347.97,6614900
2023-05-05,348.4,348.4,349.55,338.03,338.98,4260900
2023-05-08,344.06,344.06,350.48,340.76,348.0,3135900
2023-05-09,342.65,342.65,345.0,341.23,342.5,1879400
2023-05-10,344.02,344.02,352.0,341.83,348.25,3386300
2023-05-11,341.58,341.58,344.66,339.37,341.88,2183400
2023-05-12,335.45,335.45,340.79,331.89,340.51,4278700
2023-05-15,345.67,345.67,345.89,333.01,337.35,3330500
2023-05-16,345.11,345.11,347.07,341.17,344.2,2558300
2023-05-17,356.63,356.63,358.69,345.12,345.36,3560600
2023-05-18,360.43,360.43,361.48,356.45,357.0,2896400
2023-05-19,371.25,371.25,372.08,361.36,363.0,3856900
2023-05-22,372.05,372.05,374.4,369.66,371.25,2627100
2023-05-23,370.42,370.42,376.49,369.92,371.81,2967700
2023-05-24,365.76,365.76,369.06,361.72,368.41,2666600
2023-05-25,392.06,392.06,397.65,374.09,375.49,7030000
2023-05-26,415.39,415.39,416.36,396.57,396.72,7833600
2023-05-30,417.21,417.21,432.99,416.08,429.94,5332300
2023-05-31,417.79,417.79,421.36,410.7,413.9,5158500
2023-06-01,426.75,426.75,430.6,412.29,412.29,4443100
2023-06-02,436.37,436.37,438.53,430.36,432.0,4334800
2023-06-05,434.18,434.18,440.38,426.96,433.01,3447400
2023-06-06,432.89,432.89,437.12,431.24,432.55,2342000
2023-06-07,418.32,418.32,436.81,417.74,434.56,4773000
2023-06-08,439.03,439.03,440.63,423.58,424.15,6062800
2023-06-09,454.0,454.0,466.59,453.09,456.91,7928300
2023-06-12,474.63,474.63,478.04,459.42,463.71,6913700
2023-06-13,478.99,478.99,491.51,470.36,489.71,7412500
2023-06-14,479.53,479.53,483.85,473.2,476.15,5150100
2023-06-15,490.91,490.91,495.2,474.25,475.47,9682200
2023-06-16,495.18,495.18,518.74,494.62,518.23,13343800
2023-06-20,485.86,485.86,492.69,480.0,485.63,5331200
2023-06-21,477.48,477.48,495.55,475.31,492.0,5258700
2023-06-22,477.58,477.58,481.0,473.02,474.12,3601400
2023-06-23,484.72,484.72,487.33,472.32,472.95,4481500
2023-06-26,479.51,479.51,487.16,479.05,483.01,3169500
2023-06-27,489.27,489.27,490.8,479.95,480.0,2691700
2023-06-28,482.43,482.43,489.75,480.39,482.0,3229200
2023-06-29,483.77,483.77,485.83,479.6,484.47,1905400
2023-06-30,488.99,488.99,492.81,482.72,482.74,3096600
2023-07-03,485.21,485.21,486.61,479.84,486.39,1491000
2023-07-05,487.26,487.26,489.41,479.73,480.99,2190000
2023-07-06,481.29,481.29,482.5,475.0,479.99,2100900
2023-07-07,485.27,485.27,490.42,479.86,481.98,2325000
2023-07-10,496.35,496.35,499.2,485.11,485.27,3352600
2023-07-11,504.74,504.74,506.03,491.76,497.28,2842600
2023-07-12,507.36,507.36,510.79,500.01,509.41,3027400
2023-07-13,517.28,517.28,519.41,509.5,509.62,3049400
2023-07-14,514.83,514.83,523.79,512.67,517.34,2303700
2023-07-17,522.0,522.0,522.69,512.38,513.0,2645600
2023-07-18,532.23,532.23,535.13,517.38,519.64,4093100
2023-07-19,527.17,527.17,539.0,526.06,534.48,3383200
2023-07-20,516.88,516.88,528.31,514.09,522.03,3264500
2023-07-21,520.23,520.23,529.69,519.28,521.75,8099500
2023-07-24,523.86,523.86,524.84,514.86,520.0,2260500
2023-07-25,525.34,525.34,526.88,517.92,519.42,2472100
2023-07-26,514.55,514.55,521.1,510.44,520.49,2918700
2023-07-27,513.97,513.97,527.9,511.24,523.16,2477200
2023-07-28,528.87,528.87,530.32,514.63,515.43,2810000
2023-07-31,546.17,546.17,552.94,541.87,541.87,4059800
2023-08-01,549.1,549.1,552.02,541.67,545.78,2274000
2023-08-02,530.3,530.3,539.99,526.5,539.32,2971000
2023-08-03,523.76,523.76,530.91,522.22,523.0,2183700
2023-08-04,526.88,526.88,535.63,522.12,526.74,2462900
2023-08-07,529.73,529.73,532.58,523.52,530.0,1777600
2023-08-08,520.6,520.6,524.58,515.25,523.99,2626100
2023-08-09,513.78,513.78,520.97,509.53,520.55,1843800
2023-08-10,515.83,515.83,523.22,512.98,521.03,1901700
2023-08-11,508.45,508.45,514.9,506.37,510.83,1930600
2023-08-14,522.25,522.25,522.55,505.03,506.78,2052500
2023-08-15,518.7,518.7,522.04,516.06,518.35,1824300
2023-08-16,514.49,514.49,523.15,514.17,517.81,1541300
2023-08-17,511.67,511.67,525.49,510.56,525.0,2455800
2023-08-18,508.13,508.13,510.05,503.9,504.65,2140100
2023-08-21,520.47,520.47,522.98,510.29,510.29,2428300
2023-08-22,519.48,519.48,530.0,518.35,529.72,1495500
2023-08-23,530.71,530.71,535.25,519.24,522.73,2336900
2023-08-24,512.43,512.43,539.67,511.05,539.0,2950200
2023-08-25,525.06,525.06,528.43,514.47,514.92,2308300
2023-08-28,529.92,529.92,533.51,523.98,525.7,1684100
2023-08-29,540.57,540.57,541.97,526.15,527.7,2167000
2023-08-30,545.36,545.36,546.0,536.09,540.1,1930300
2023-08-31,559.34,559.34,562.1,546.76,547.0,3919300
2023-09-01,563.21,563.21,569.98,558.52,564.8,2234100
2023-09-05,564.88,564.88,567.59,555.42,557.88,2349700
2023-09-06,561.94,561.94,564.06,555.85,560.45,2299900
2023-09-07,560.46,560.46,561.83,551.08,554.0,2089400
2023-09-08,560.36,560.36,570.24,558.03,568.9,2262000
2023-09-11,564.5,564.5,565.43,556.7,562.0,2083300
2023-09-12,542.21,542.21,559.09,540.37,555.63,3961300
2023-09-13,553.56,553.56,559.85,546.43,557.02,3465200
2023-09-14,552.16,552.16,555.19,544.34,551.09,4786900
2023-09-15,528.89,528.89,537.69,523.62,532.11,9774500
2023-09-18,532.42,532.42,533.98,522.18,524.23,2650700
2023-09-19,541.69,541.69,542.4,529.47,531.35,2385800
2023-09-20,535.78,535.78,548.85,535.73,541.69,2626000
2023-09-21,513.88,513.88,526.29,513.4,519.48,3844600
2023-09-22,512.9,512.9,518.15,508.83,513.09,2702100
2023-09-25,511.6,511.6,514.25,507.22,511.45,2219500
2023-09-26,506.3,506.3,510.14,502.01,510.14,2375400
2023-09-27,502.6,502.6,509.25,498.7,507.51,3311100
2023-09-28,504.67,504.67,508.68,499.25,500.0,2720000
2023-09-29,509.9,509.9,518.58,505.44,505.44,2796300
2023-10-02,521.13,521.13,522.41,508.24,508.24,2411500
2023-10-03,507.03,507.03,520.49,504.55,517.52,2004100
2023-10-04,518.42,518.42,519.76,510.0,511.93,2027200
2023-10-05,516.44,516.44,522.61,509.24,519.84,1818800
2023-10-06,526.68,526.68,531.31,509.52,513.22,2526300
2023-10-09,529.29,529.29,530.0,518.75,522.0,1713500
2023-10-10,532.72,532.72,537.0,530.4,530.91,2090900
2023-10-11,549.91,549.91,551.34,536.11,538.59,3307500
2023-10-12,559.63,559.63,574.4,552.23,553.7,4624000
2023-10-13,548.76,548.76,562.89,546.99,560.0,2832600
2023-10-16,550.74,550.74,555.57,545.69,553.18,2179700
2023-10-17,560.09,560.09,560.8,543.34,545.41,2355300
2023-10-18,557.87,557.87,568.18,554.24,554.48,2614500
2023-10-19,555.74,555.74,567.1,553.47,560.0,2809300
2023-10-20,540.96,540.96,555.98,535.95,555.74,2729200
2023-10-23,540.41,540.41,548.03,531.0,535.81,2172600
2023-10-24,539.56,539.56,546.0,532.12,544.64,2358100
2023-10-25,521.14,521.14,534.46,517.63,533.56,2526000
2023-10-26,514.28,514.28,530.99,511.68,530.0,2876700
2023-10-27,508.12,508.12,519.86,506.92,517.5,2985600
2023-10-30,526.94,526.94,530.75,512.24,516.11,2806900
2023-10-31,532.06,532.06,532.64,522.81,530.64,2052300
2023-11-01,544.5,544.5,545.27,534.0,535.0,2644500
2023-11-02,558.71,558.71,559.36,550.0,550.44,2634800
2023-11-03,563.66,563.66,567.03,557.66,560.0,2066300
2023-11-06,565.45,565.45,567.88,558.17,566.0,2593400
2023-11-07,585.2,585.2,589.0,568.81,568.81,3993600
2023-11-08,585.31,585.31,595.67,581.07,589.0,3079200
2023-11-09,577.74,577.74,590.04,576.34,587.51,2336600
2023-11-10,597.22,597.22,598.14,576.01,580.49,3062700
2023-11-13,590.34,590.34,594.26,583.36,589.98,2505100
2023-11-14,604.33,604.33,613.71,599.04,601.56,2884900
2023-11-15,595.31,595.31,605.73,591.79,605.0,3088900
2023-11-16,602.06,602.06,605.27,592.14,595.45,2040400
2023-11-17,602.66,602.66,605.05,597.02,602.07,1968500
2023-11-20,612.7,612.7,614.2,604.5,605.31,2393900
2023-11-21,610.99,610.99,615.57,607.03,610.63,1906200
2023-11-22,619.72,619.72,624.38,614.01,616.63,2064400
2023-11-24,619.43,619.43,619.44,613.6,616.26,942700
2023-11-27,619.27,619.27,625.83,614.57,618.8,1854400
2023-11-28,623.32,623.32,625.6,612.26,613.98,2302900
2023-11-29,617.39,617.39,628.6,616.77,625.94,2595600
2023-11-30,611.01,611.01,621.48,605.07,620.0,3960300
2023-12-01,612.47,612.47,615.2,603.18,609.24,2490500
2023-12-04,604.56,604.56,608.29,596.21,604.91,2541500
2023-12-05,602.22,602.22,602.74,591.17,596.77,2577700
2023-12-06,595.7,595.7,608.53,594.49,608.06,2080400
2023-12-07,608.78,608.78,609.23,596.47,598.92,2605200
2023-12-08,610.01,610.01,610.23,601.3,605.0,2499700
2023-12-11,625.2,625.2,627.82,614.34,616.88,3270600
2023-12-12,633.66,633.66,633.89,623.0,625.86,2968900
2023-12-13,624.26,624.26,632.45,618.03,630.41,6188500
2023-12-14,584.64,584.64,593.16,578.3,593.0,11315300
2023-12-15,584.68,584.68,591.66,578.2,580.6,8666500
2023-12-18,599.13,599.13,603.13,586.62,591.52,5452000
2023-12-19,604.64,604.64,612.71,598.08,600.0,4150700
2023-12-20,596.06,596.06,610.68,595.07,600.71,2587300
2023-12-21,600.14,600.14,607.4,594.82,603.0,3192800
2023-12-22,598.75,598.75,601.86,596.0,600.8,1660600
2023-12-26,598.26,598.26,601.69,596.5,598.92,1595100
2023-12-27,596.08,596.08,599.79,593.71,598.6,1394900
2023-12-28,595.52,595.52,599.04,593.63,597.44,1702600
2023-12-29,596.6,596.6,600.75,592.94,596.09,1893900
2024-01-02,580.07,580.07,590.44,576.76,589.51,2840200
2024-01-03,571.79,571.79,577.3,570.19,574.58,2478000
2024-01-04,567.05,567.05,572.91,566.66,570.99,2092100
2024-01-05,564.6,564.6,569.52,563.34,563.5,1923200
2024-01-08,580.55,580.55,581.51,567.87,567.87,2830000
2024-01-09,586.2,586.2,588.2,577.28,578.33,1926900
2024-01-10,591.03,591.03,593.65,585.43,585.43,2135700
2024-01-11,597.49,597.49,597.84,584.52,592.0,2331800
2024-01-12,596.54,596.54,599.38,593.02,598.39,1477000
2024-01-16,597.68,597.68,597.76,588.34,592.83,2126100
2024-01-17,596.1,596.1,596.75,582.44,591.99,2588300
2024-01-18,593.7,593.7,596.89,584.21,586.9,2793600
2024-01-19,611.55,611.55,612.07,589.13,593.81,3760100
2024-01-22,603.59,603.59,620.96,603.15,615.0,4488000
2024-01-23,597.18,597.18,604.32,591.34,602.21,2723500
2024-01-24,606.48,606.48,616.95,597.46,601.71,2999000
2024-01-25,622.58,622.58,627.06,612.24,615.42,3806200
2024-01-26,613.93,613.93,622.5,613.0,620.7,2137800
2024-01-29,630.23,630.23,636.25,615.71,615.71,3212200
2024-01-30,627.96,627.96,630.47,620.89,630.0,2007400
2024-01-31,617.78,617.78,625.93,612.17,620.0,2666800
2024-02-01,627.91,627.91,628.8,618.78,619.0,1687600
2024-02-02,634.76,634.76,638.25,617.01,624.79,2542800
2024-02-05,630.5,630.5,634.59,624.54,633.03,2131200
2024-02-06,607.14,607.14,626.46,604.67,625.58,3436200
2024-02-07,615.85,615.85,620.42,610.15,613.25,2313800
2024-02-08,615.86,615.86,621.34,612.51,615.85,1815700
2024-02-09,627.21,627.21,628.07,615.8,616.0,2091400
2024-02-12,611.84,611.84,626.35,611.58,626.0,2317200
2024-02-13,601.89,601.89,608.39,590.0,596.7,2985200
2024-02-14,604.66,604.66,610.33,602.5,605.85,1615100
2024-02-15,590.44,590.44,607.32,589.77,606.0,3677400
2024-02-16,546.66,546.66,590.14,546.37,589.9,10328400
2024-02-20,541.91,541.91,545.88,528.01,531.5,6567600
2024-02-21,538.52,538.52,542.57,529.37,539.76,4486600
2024-02-22,537.57,537.57,555.55,534.56,553.94,5023400
2024-02-23,553.44,553.44,557.18,541.48,543.49,4546500
2024-02-26,560.48,560.48,570.6,556.56,556.56,4251200
2024-02-27,552.49,552.49,565.91,548.54,565.91,3247600
2024-02-28,551.82,551.82,557.2,549.76,552.0,2313200
2024-02-29,560.28,560.28,561.94,553.23,554.89,3844400
2024-03-01,570.93,570.93,572.89,560.67,561.11,2968100
2024-03-04,567.94,567.94,576.25,564.1,572.85,2556400
2024-03-05,544.84,544.84,564.19,539.35,562.6,4286800
2024-03-06,543.09,543.09,550.64,538.15,548.0,3209800
2024-03-07,556.04,556.04,558.38,541.59,550.0,2660500
2024-03-08,551.69,551.69,560.44,550.51,553.0,2833200
2024-03-11,560.42,560.42,562.69,551.02,552.45,2857800
2024-03-12,579.14,579.14,579.79,562.6,568.6,3469200
2024-03-13,573.55,573.55,585.35,573.41,579.06,3466000
2024-03-14,570.45,570.45,579.54,568.76,578.0,5908100
2024-03-15,492.46,492.46,503.13,485.0,499.64,19580800
2024-03-18,513.86,513.86,515.73,495.55,495.55,7052700
2024-03-19,521.19,521.19,522.68,508.99,509.89,7081800
2024-03-20,519.14,519.14,523.87,512.5,523.29,4239600
2024-03-21,511.25,511.25,519.73,506.2,517.6,5206600
2024-03-22,499.52,499.52,511.59,496.67,509.07,5413600
2024-03-25,507.23,507.23,510.63,496.69,496.79,4277000
2024-03-26,507.6,507.6,512.79,503.59,508.06,2813300
2024-03-27,504.4,504.4,516.86,499.7,515.47,4228400
2024-03-28,504.6,504.6,509.0,500.26,508.12,3897000
2024-04-01,502.09,502.09,506.92,499.31,504.99,2056000
2024-04-02,499.21,499.21,500.75,491.34,494.4,3083300
2024-04-03,497.01,497.01,498.86,494.71,497.36,2604400
2024-04-04,487.11,487.11,504.11,486.7,503.56,3403300
2024-04-05,485.12,485.12,490.09,481.28,488.84,4972700
2024-04-08,484.28,484.28,486.98,477.23,484.78,3439200
2024-04-09,492.55,492.55,493.31,483.31,486.0,2547500
2024-04-10,487.22,487.22,491.77,480.28,489.39,2487900
2024-04-11,484.28,484.28,488.67,479.74,487.36,2978500
2024-04-12,474.09,474.09,478.78,468.6,477.95,5621900
2024-04-15,470.1,470.1,478.52,468.35,477.02,3353200
2024-04-16,476.22,476.22,478.98,468.49,470.0,2660100
2024-04-17,474.45,474.45,481.02,472.69,477.31,2034800
2024-04-18,473.18,473.18,477.61,471.83,476.76,2389700
2024-04-19,465.02,465.02,476.58,463.09,476.54,3282100
2024-04-22,466.89,466.89,471.5,462.28,470.22,2604300
2024-04-23,472.9,472.9,474.81,467.83,469.72,2205800
2024-04-24,477.12,477.12,478.57,471.73,472.94,2338000
2024-04-25,473.44,473.44,474.5,465.78,468.41,2250900
2024-04-26,477.56,477.56,482.79,471.69,472.31,2460300
2024-04-29,473.07,473.07,481.68,471.07,478.04,2954700
2024-04-30,462.83,462.83,475.42,462.46,472.0,3222600
2024-05-01,469.39,469.39,477.76,460.36,461.12,2490200
2024-05-02,476.57,476.57,477.16,468.3,474.3,2516400
2024-05-03,486.18,486.18,487.49,477.57,482.27,2833200
2024-05-06,493.59,493.59,495.44,488.0,490.1,2104000
2024-05-07,492.27,492.27,496.76,489.14,492.51,2518300
2024-05-08,488.1,488.1,495.81,486.92,489.97,2165000
2024-05-09,482.65,482.65,490.44,481.65,489.41,2301600
2024-05-10,482.29,482.29,489.48,480.3,483.5,2741100
2024-05-13,483.11,483.11,490.16,481.71,486.24,2458200
2024-05-14,475.95,475.95,481.8,466.48,480.41,4287800
2024-05-15,485.35,485.35,489.61,476.61,480.76,3491600
2024-05-16,482.88,482.88,486.23,481.39,484.7,2562900
2024-05-17,483.43,483.43,485.88,481.52,483.32,2260900
2024-05-20,484.69,484.69,485.37,478.32,483.0,1881100
2024-05-21,481.85,481.85,487.5,477.12,481.19,1915800
2024-05-22,483.93,483.93,485.67,479.14,483.97,1875800
2024-05-23,483.31,483.31,491.68,478.69,488.38,2219900
2024-05-24,475.43,475.43,485.38,473.9,481.25,3085600
2024-05-28,478.43,478.43,478.67,469.6,473.01,2575300
2024-05-29,477.6,477.6,482.79,472.6,472.78,2214800
2024-05-30,445.87,445.87,466.82,444.84,464.9,5604400
2024-05-31,444.76,444.76,448.23,433.97,447.72,7487500
2024-06-03,439.02,439.02,449.84,436.58,447.58,3967700
2024-06-04,448.37,448.37,450.12,441.59,442.82,3183600
2024-06-05,455.8,455.8,458.6,448.37,449.19,3295000
2024-06-06,458.13,458.13,467.85,456.87,457.7,3235000
2024-06-07,465.43,465.43,468.93,458.13,458.13,2684200
2024-06-10,459.94,459.94,462.23,451.51,453.84,3209700
2024-06-11,462.69,462.69,462.74,455.5,456.91,2723700
2024-06-12,459.87,459.87,471.12,459.16,470.0,3647400
2024-06-13,458.74,458.74,462.39,453.5,457.87,8558000
2024-06-14,525.31,525.31,534.45,521.88,530.25,14846600
2024-06-17,518.74,518.74,525.94,505.38,525.51,7163800
2024-06-18,522.25,522.25,530.37,513.13,514.71,4225900
2024-06-20,522.95,522.95,533.23,520.4,527.67,5752400
2024-06-21,533.44,533.44,535.0,524.72,530.31,6568300
2024-06-24,524.17,524.17,534.58,523.48,532.1,3067800
2024-06-25,526.88,526.88,529.68,522.24,526.2,3128600
2024-06-26,528.66,528.66,530.66,526.01,528.58,2931700
2024-06-27,546.76,546.76,549.16,532.1,533.21,4734100
2024-06-28,555.54,555.54,558.48,548.01,549.7,5084500
2024-07-01,560.01,560.01,561.21,549.73,551.37,3070200
2024-07-02,567.71,567.71,570.14,560.0,560.0,3054500
2024-07-03,570.15,570.15,571.83,564.0,564.29,1664400
2024-07-05,578.34,578.34,580.55,568.92,570.91,2808600
2024-07-08,575.4,575.4,576.75,563.92,573.18,3007400
2024-07-09,566.02,566.02,575.01,562.46,573.05,2167600
2024-07-10,564.55,564.55,566.93,558.21,564.71,2368400
2024-07-11,557.63,557.63,572.62,557.09,564.0,3189200
2024-07-12,559.05,559.05,562.49,552.32,555.1,2014000
2024-07-15,565.71,565.71,568.23,560.23,560.23,1887800
2024-07-16,566.54,566.54,570.1,562.08,564.6,1539900
2024-07-17,563.09,563.09,565.0,556.46,563.93,2316300
2024-07-18,556.85,556.85,564.26,556.07,564.18,2184700
2024-07-19,551.0,551.0,561.09,548.96,557.05,2601900
2024-07-22,554.82,554.82,560.19,552.71,558.65,2391700
2024-07-23,546.01,546.01,557.25,544.44,556.49,2363900
2024-07-24,531.04,531.04,544.71,530.35,543.8,2630100
2024-07-25,532.15,532.15,542.28,527.59,536.8,2136500
2024-07-26,542.44,542.44,545.5,533.33,535.35,2090000
2024-07-29,536.61,536.61,544.3,535.19,544.3,1590600
2024-07-30,538.71,538.71,543.67,530.95,541.85,1566900
2024-07-31,551.65,551.65,555.55,543.77,547.05,2776000
2024-08-01,546.41,546.41,561.98,540.24,549.99,2075400
2024-08-02,526.17,526.17,536.84,519.68,535.78,2729100
2024-08-05,509.32,509.32,515.9,500.0,504.23,3432200
2024-08-06,514.2,514.2,519.16,509.01,513.69,2076300
2024-08-07,513.62,513.62,531.01,512.86,520.95,1663700
2024-08-08,530.24,530.24,531.07,519.56,520.59,2155100
2024-08-09,536.3,536.3,537.28,528.02,528.02,1272600
2024-08-12,530.93,530.93,538.08,525.77,536.04,1450300
2024-08-13,535.22,535.22,537.72,527.9,530.93,3063900
2024-08-14,539.79,539.79,542.92,533.2,536.62,1915600
2024-08-15,554.16,554.16,557.22,545.01,545.19,2182400
2024-08-16,553.46,553.46,554.76,547.8,552.35,1541600
2024-08-19,563.12,563.12,563.77,550.59,550.59,1423300
2024-08-20,562.25,562.25,568.18,559.61,564.48,1219600
2024-08-21,565.79,565.79,566.6,557.91,562.13,1401700
2024-08-22,557.44,557.44,572.0,555.65,567.07,1627700
2024-08-23,558.3,558.3,566.52,552.5,565.45,2023500
2024-08-26,559.44,559.44,560.26,555.03,555.03,1387500
2024-08-27,567.82,567.82,569.52,554.34,554.4,1404400
2024-08-28,560.54,560.54,569.59,557.67,568.22,1289700
2024-08-29,569.63,569.63,578.4,567.05,567.05,1955600
2024-08-30,574.41,574.41,575.65,568.29,572.2,1983000
2024-09-03,571.04,571.04,586.7,566.79,576.3,2757900
2024-09-04,575.25,575.25,578.86,565.76,568.87,1615800
2024-09-05,567.93,567.93,573.39,562.53,570.75,1573600
2024-09-06,563.41,563.41,573.31,558.0,570.9,2096800
2024-09-09,569.88,569.88,574.57,564.44,567.69,1997100
2024-09-10,574.48,574.48,577.8,567.14,576.75,2030100
2024-09-11,580.38,580.38,581.24,559.35,573.01,2681000
2024-09-12,586.55,586.55,587.75,572.98,581.45,5506600
2024-09-13,536.87,536.87,540.27,526.6,532.57,10423500
2024-09-16,521.5,521.5,537.69,521.26,537.4,5248200
2024-09-17,515.03,515.03,527.1,514.58,524.29,5164100
2024-09-18,508.13,508.13,517.58,506.49,517.01,3997300
2024-09-19,526.44,526.44,527.48,518.02,518.81,3582500
2024-09-20,522.3,522.3,528.63,515.72,526.44,6100700
2024-09-23,527.87,527.87,532.0,524.96,525.71,2107000
2024-09-24,524.07,524.07,530.3,521.71,527.72,2842100
2024-09-25,517.9,517.9,526.18,516.24,526.02,3211600
2024-09-26,515.38,515.38,521.36,512.11,520.51,3282400
2024-09-27,515.48,515.48,516.68,512.3,516.52,2718300
2024-09-30,517.78,517.78,518.47,511.74,513.83,2587000
2024-10-01,502.8,502.8,519.0,502.5,517.45,3730000
2024-10-02,505.81,505.81,510.19,502.82,503.87,1981600
2024-10-03,503.8,503.8,509.81,498.59,501.02,1921600
2024-10-04,507.22,507.22,508.56,503.59,507.29,1949300
2024-10-07,487.3,487.3,504.87,486.4,503.96,4870500
2024-10-08,496.24,496.24,500.0,486.4,492.45,3551600
2024-10-09,494.08,494.08,495.88,492.32,495.88,2869400
2024-10-10,503.57,503.57,506.45,489.35,490.54,2775100
2024-10-11,495.42,495.42,507.98,494.9,504.78,2992400
2024-10-14,509.65,509.65,514.26,500.41,501.8,3411500
2024-10-15,508.03,508.03,517.77,506.8,513.82,3605700
2024-10-16,502.54,502.54,506.84,500.25,506.39,1859100
2024-10-17,496.83,496.83,507.5,495.23,506.51,2769200
2024-10-18,494.9,494.9,499.0,491.05,491.29,2011100
2024-10-21,497.71,497.71,500.65,492.96,494.6,1679700
2024-10-22,493.11,493.11,497.34,488.36,496.43,2388700
2024-10-23,485.03,485.03,493.83,483.39,492.0,2021300
2024-10-24,482.87,482.87,488.47,480.06,486.63,2100300
2024-10-25,483.72,483.72,488.34,482.52,483.42,2426800
2024-10-28,481.04,481.04,488.49,480.48,487.65,2302300
2024-10-29,485.39,485.39,487.56,479.33,481.92,2089500
2024-10-30,486.68,486.68,492.2,482.24,482.24,2728600
2024-10-31,478.08,478.08,486.05,477.38,486.0,2978700
2024-11-01,482.8,482.8,485.16,475.05,475.41,2851600
2024-11-04,481.35,481.35,483.76,477.37,479.03,1954900
2024-11-05,486.42,486.42,486.66,480.47,483.09,1588100
2024-11-06,504.83,504.83,506.21,492.93,492.93,2969900
2024-11-07,500.92,500.92,510.66,495.3,510.66,2640300
2024-11-08,494.68,494.68,505.0,493.69,503.83,2856900
2024-11-11,504.48,504.48,507.72,493.6,493.6,3536600
2024-11-12,526.42,526.42,528.91,504.27,504.39,4125300
2024-11-13,532.5,532.5,539.92,520.59,523.79,3470200
2024-11-14,529.87,529.87,534.64,523.46,530.55,3098800
2024-11-15,503.37,503.37,524.5,498.81,520.3,4612400
2024-11-18,499.51,499.51,505.51,497.69,505.0,2259000
2024-11-19,499.61,499.61,502.41,495.46,496.0,1961700
2024-11-20,499.5,499.5,506.36,494.61,505.41,1874900
2024-11-21,504.44,504.44,508.57,493.1,502.1,2002100
2024-11-22,512.15,512.15,513.37,502.5,502.5,2287200
2024-11-25,518.73,518.73,523.21,513.19,519.09,3320000
2024-11-26,525.3,525.3,525.76,516.36,519.95,2415700
2024-11-27,513.68,513.68,525.88,508.72,523.21,2324200
2024-11-29,515.93,515.93,517.65,513.58,517.65,1450200
2024-12-02,516.2,516.2,518.77,511.53,512.85,2006900
2024-12-03,516.26,516.26,516.78,504.51,511.04,2119300
2024-12-04,536.49,536.49,541.77,521.01,523.02,3307000
2024-12-05,538.22,538.22,540.11,529.79,534.42,2629100
2024-12-06,552.96,552.96,554.37,542.9,544.15,2964100
2024-12-09,547.93,547.93,557.9,546.11,556.1,3588700
2024-12-10,547.05,547.05,552.83,544.22,547.35,2762900
2024-12-11,549.93,549.93,552.3,541.74,547.05,6690600
2024-12-12,474.63,474.63,494.0,470.9,487.5,17344900
2024-12-13,465.69,465.69,474.91,456.8,473.98,11395500
2024-12-16,461.53,461.53,473.62,461.2,467.19,5807000
2024-12-17,455.23,455.23,465.86,452.48,460.59,7514500
2024-12-18,441.31,441.31,455.25,441.1,453.24,6511100
2024-12-19,437.39,437.39,449.0,437.11,443.41,6479500
2024-12-20,447.17,447.17,451.42,432.47,433.02,8220000
2024-12-23,446.74,446.74,451.43,443.42,447.0,3781200
2024-12-24,447.94,447.94,448.87,442.57,446.5,1685000
2024-12-26,450.16,450.16,452.34,444.68,445.85,2131200
2024-12-27,446.48,446.48,449.91,441.11,446.88,2947200
2024-12-30,445.8,445.8,447.6,438.57,442.94,3473200
2024-12-31,444.68,444.68,448.5,442.81,446.35,2285100
2025-01-02,441.0,441.0,450.12,440.56,447.76,2504700
2025-01-03,430.57,430.57,433.3,425.32,429.45,5617000
2025-01-06,431.18,431.18,436.41,427.79,431.88,3994400
2025-01-07,422.63,422.63,435.18,420.51,431.37,4181400
2025-01-08,419.58,419.58,422.66,415.51,417.34,3508800
2025-01-10,405.92,405.92,413.1,405.32,410.0,5564300
2025-01-13,408.5,408.5,409.96,403.75,404.27,4558800
2025-01-14,412.71,412.71,412.75,405.07,407.25,3577100
2025-01-15,417.28,417.28,423.97,415.66,421.7,4345800
2025-01-16,426.93,426.93,428.89,418.0,418.21,4185600
2025-01-17,429.99,429.99,435.99,425.7,434.35,4012700
2025-01-21,436.36,436.36,439.98,431.5,433.26,3833300
2025-01-22,437.32,437.32,439.73,433.43,438.0,3391600
2025-01-23,437.28,437.28,437.73,432.49,435.88,2716700
2025-01-24,435.38,435.38,441.88,434.73,437.28,2631800
2025-01-27,438.6,438.6,445.45,430.12,430.23,5086300
2025-01-28,442.84,442.84,445.81,431.64,436.27,5376400
2025-01-29,441.68,441.68,444.36,438.83,439.92,2997600
2025-01-30,446.0,446.0,448.42,439.23,439.67,3290100
2025-01-31,437.45,437.45,447.01,435.83,446.98,4684300
2025-02-03,438.6,438.6,442.74,430.88,437.8,3348700
2025-02-04,440.23,440.23,443.58,434.26,435.43,2647700
2025-02-05,437.63,437.63,444.95,436.27,440.75,2937800
2025-02-06,435.4,435.4,439.96,434.35,437.63,2568100
2025-02-07,433.07,433.07,441.0,432.41,436.24,2693500
2025-02-10,451.1,451.1,453.37,439.0,439.25,3946700
2025-02-11,458.82,458.82,461.55,448.29,449.0,3257000
2025-02-12,462.76,462.76,463.0,451.3,458.0,3308500
2025-02-13,459.22,459.22,465.7,457.03,465.21,2794400
2025-02-14,460.16,460.16,464.99,458.0,463.35,2623000
2025-02-18,464.11,464.11,464.33,453.07,462.65,2973800
2025-02-19,456.99,456.99,463.61,455.32,463.61,2965500
2025-02-20,454.69,454.69,461.0,451.57,457.44,2337600
2025-02-21,444.32,444.32,453.75,440.69,453.28,3376000
2025-02-24,444.42,444.42,446.28,440.91,445.11,2807900
2025-02-25,443.41,443.41,447.49,439.17,443.47,2612700
2025-02-26,441.5,441.5,447.65,438.4,443.8,1947600
2025-02-27,437.19,437.19,444.57,436.82,441.79,2340200
2025-02-28,438.56,438.56,440.37,432.1,438.16,3936900
2025-03-03,440.72,440.72,448.09,438.21,440.65,2607700
2025-03-04,446.03,446.03,448.82,434.7,439.25,2942200
2025-03-05,451.24,451.24,453.26,443.11,443.65,2406200
2025-03-06,444.78,444.78,452.19,441.19,444.73,2732100
2025-03-07,449.4,449.4,452.51,440.99,442.0,3039500
2025-03-10,435.08,435.08,444.54,433.23,443.11,4001600
2025-03-11,433.66,433.66,441.33,431.0,432.88,3145200
2025-03-12,438.6,438.6,443.9,435.5,436.69,5515900
2025-03-13,377.84,377.84,405.77,374.5,405.27,14386600
2025-03-14,394.74,394.74,396.36,377.8,379.75,6134800
2025-03-17,399.34,399.34,399.94,387.13,394.12,4258500
2025-03-18,391.37,391.37,395.95,384.57,395.36,4297300
2025-03-19,387.89,387.89,395.26,387.0,394.1,4349900
2025-03-20,389.61,389.61,397.82,385.8,386.9,4009500
2025-03-21,387.26,387.26,389.85,382.45,384.13,7607300
2025-03-24,394.47,394.47,396.86,391.38,392.47,5223000
2025-03-25,403.64,403.64,404.32,392.99,393.57,3648600
2025-03-26,397.81,397.81,404.5,397.01,403.0,3425000
2025-03-27,396.15,396.15,401.48,392.51,397.44,2729700
2025-03-28,385.71,385.71,396.92,384.76,393.89,3830300
2025-03-31,383.53,383.53,384.8,374.67,380.0,3960700
2025-04-01,383.2,383.2,384.0,375.53,381.13,3847800
2025-04-02,385.78,385.78,388.0,376.54,378.28,2859100
2025-04-03,367.25,367.25,376.01,366.29,371.88,5324400
2025-04-04,349.07,349.07,361.73,348.8,359.0,5867600
2025-04-07,340.7,340.7,358.36,332.01,335.54,7690900
2025-04-08,340.0,340.0,350.74,333.83,350.1,6650800
2025-04-09,364.64,364.64,365.72,333.43,338.74,7186300
2025-04-10,350.05,350.05,362.5,341.52,360.97,5695000
2025-04-11,352.47,352.47,353.1,342.35,351.44,3941800
2025-04-14,350.91,350.91,362.05,348.5,359.51,3286000
2025-04-15,350.38,350.38,356.49,349.19,351.05,3030400
2025-04-16,344.19,344.19,350.38,341.31,345.0,3687900
2025-04-17,348.8,348.8,351.88,345.09,349.75,5229700
2025-04-21,343.22,343.22,346.68,338.64,344.57,3691200
2025-04-22,349.91,349.91,352.08,344.37,349.14,3250400
2025-04-23,351.96,351.96,363.0,349.8,358.12,3168000
2025-04-24,360.91,360.91,361.12,353.25,353.59,3085100
2025-04-25,367.72,367.72,369.31,359.99,361.7,3499300
2025-04-28,368.62,368.62,370.99,364.58,368.05,3163400
2025-04-29,370.98,370.98,373.88,366.88,367.21,2198300
2025-04-30,374.98,374.98,376.0,363.56,366.87,3305500
2025-05-01,374.63,374.63,380.44,374.07,378.3,2848800
2025-05-02,380.87,380.87,383.56,379.19,380.09,2340700
2025-05-05,381.06,381.06,384.54,378.4,379.29,2095600
2025-05-06,382.98,382.98,386.52,375.05,376.57,2970100
2025-05-07,384.97,384.97,387.83,380.95,384.7,2153000
2025-05-08,383.99,383.99,388.73,383.4,388.3,3383900
2025-05-09,383.28,383.28,388.77,382.33,386.18,2031300
2025-05-12,395.94,395.94,397.82,392.76,394.33,3157700
2025-05-13,397.4,397.4,399.67,394.71,395.9,2664100
2025-05-14,399.47,399.47,400.12,396.42,396.85,2409200
2025-05-15,404.69,404.69,404.85,399.35,399.35,2763800
2025-05-16,417.13,417.13,421.77,412.06,414.62,5391500
2025-05-19,420.68,420.68,421.27,413.2,413.53,3008000
2025-05-20,417.61,417.61,419.13,414.29,417.87,2453000
2025-05-21,414.03,414.03,422.95,412.59,414.86,2495800
2025-05-22,414.33,414.33,417.9,412.51,412.51,1889500
2025-05-23,407.69,407.69,411.45,407.15,409.11,2087700
2025-05-27,413.1,413.1,414.95,411.6,412.76,2680400
2025-05-28,412.23,412.23,416.37,411.42,413.81,2246500
2025-05-29,413.36,413.36,415.42,410.47,414.0,1780400
2025-05-30,415.09,415.09,417.86,411.53,414.14,4231300
2025-06-02,403.4,403.4,410.0,396.73,408.88,4153700
2025-06-03,412.49,412.49,412.64,402.48,403.46,2737500
2025-06-04,413.91,413.91,415.94,410.08,411.54,1843400
2025-06-05,415.2,415.2,421.48,413.98,415.0,2275500
2025-06-06,416.92,416.92,419.65,415.28,417.54,2146900
2025-06-09,416.26,416.26,419.0,415.15,417.3,3034200
2025-06-10,416.06,416.06,419.82,414.42,416.61,2627400
2025-06-11,412.84,412.84,416.04,410.42,415.2,3385400
2025-06-12,413.68,413.68,416.39,410.77,411.43,6313300
2025-06-13,391.68,391.68,399.85,383.75,392.5,10629700
2025-06-16,401.73,401.73,405.0,391.11,392.99,6798300
2025-06-17,382.68,382.68,399.67,381.8,397.28,6866300
2025-06-18,378.04,378.04,385.27,377.54,383.99,4808900
2025-06-20,376.92,376.92,382.29,373.76,380.48,8126900
2025-06-23,380.12,380.12,380.21,374.24,377.59,3841800
2025-06-24,382.34,382.34,385.0,378.51,384.96,4797100
2025-06-25,387.55,387.55,388.05,382.0,383.6,3718800
2025-06-26,384.95,384.95,389.99,382.87,387.2,3139700
2025-06-27,385.83,385.83,390.31,384.41,385.44,5083800
2025-06-30,386.88,386.88,390.98,384.63,387.3,4645500
2025-07-01,392.1,392.1,392.58,381.52,385.1,4516400
2025-07-02,378.47,378.47,386.88,372.73,384.64,6912200
2025-07-03,379.31,379.31,383.2,377.8,378.0,2863700
2025-07-07,376.93,376.93,382.22,375.52,378.9,3545100
2025-07-08,382.24,382.24,386.6,377.18,378.5,3708200
2025-07-09,373.38,373.38,384.75,370.91,383.5,4726600
2025-07-10,371.43,371.43,373.5,365.51,371.99,4022500
2025-07-11,363.35,363.35,371.15,362.7,368.0,3548700
2025-07-14,366.99,366.99,367.68,360.18,363.19,2898700
2025-07-15,364.18,364.18,368.32,363.88,367.0,2551000
2025-07-16,361.77,361.77,365.55,358.71,364.59,3592900
2025-07-17,366.45,366.45,366.96,359.28,360.6,3340500
2025-07-18,365.79,365.79,367.79,364.0,367.07,2459200
2025-07-21,367.68,367.68,368.28,363.13,366.49,2770400
2025-07-22,372.87,372.87,374.5,368.0,368.0,2449000
2025-07-23,372.46,372.46,373.99,369.26,373.49,1994600
2025-07-24,371.69,371.69,376.0,370.61,371.9,2692100
2025-07-25,370.74,370.74,372.41,369.51,372.31,2053200
2025-07-28,369.47,369.47,372.59,368.72,371.03,2984200
2025-07-29,370.7,370.7,376.16,369.71,370.45,4234200
2025-07-30,364.0,364.0,370.72,363.48,370.68,3295200
2025-07-31,357.69,357.69,362.5,354.27,362.26,4513100
2025-08-01,347.8,347.8,356.29,347.46,355.95,4307900
2025-08-04,338.85,338.85,351.21,338.04,351.16,6449300
2025-08-05,338.74,338.74,342.74,337.35,339.31,3909000
2025-08-06,345.62,345.62,345.66,339.19,341.65,3347200
2025-08-07,338.27,338.27,347.38,332.65,344.04,4661800
2025-08-08,341.05,341.05,341.57,336.37,338.68,3507800
2025-08-11,333.65,333.65,343.4,332.47,334.53,4366200
2025-08-12,338.43,338.43,338.76,330.04,333.52,3569400
2025-08-13,351.07,351.07,351.76,337.55,339.54,4375100
2025-08-14,348.58,348.58,351.56,346.1,349.5,3745600
2025-08-15,354.85,354.85,357.29,348.0,348.33,3718700
2025-08-18,357.24,357.24,358.39,353.0,355.68,2923000
2025-08-19,361.03,361.03,364.24,358.12,359.22,2808000
2025-08-20,353.43,353.43,363.0,353.2,361.68,3727900
2025-08-21,353.43,353.43,353.82,347.0,349.91,2363200
2025-08-22,362.09,362.09,362.65,354.0,355.8,3058600
2025-08-25,363.21,363.21,364.65,361.4,362.56,2259500
2025-08-26,354.91,354.91,363.23,353.7,363.03,4067400
2025-08-27,356.35,356.35,360.37,355.16,355.98,2353800
2025-08-28,353.96,353.96,358.26,349.11,357.63,3803100
2025-08-29,356.7,356.7,357.25,352.46,354.0,2639300
2025-09-02,345.63,345.63,352.71,341.28,350.24,4229400
2025-09-03,348.5,348.5,348.51,343.36,345.72,3035300
2025-09-04,344.31,344.31,344.41,331.5,342.24,4918300
2025-09-05,348.97,348.97,354.67,345.1,345.81,4662600
2025-09-08,358.66,358.66,358.82,343.59,348.86,5043300
2025-09-09,354.06,354.06,362.75,353.03,362.75,4324900
2025-09-10,350.16,350.16,359.19,348.12,356.29,4552500
2025-09-11,350.55,350.55,355.25,347.16,354.69,11804200
2025-09-12,349.36,349.36,366.5,341.61,361.1,14146600
2025-09-15,347.1,347.1,358.0,345.05,350.5,6768600
2025-09-16,352.73,352.73,356.94,348.32,350.16,6697000
2025-09-17,362.07,362.07,365.0,353.18,353.18,6449900
2025-09-18,367.46,367.46,370.86,365.85,366.86,4752400
2025-09-19,365.9,365.9,370.31,362.54,368.94,7693000
2025-09-22,364.08,364.08,365.38,359.36,364.16,4709600
2025-09-23,361.78,361.78,368.73,361.3,364.18,3831100
2025-09-24,353.27,353.27,355.6,347.8,355.6,6140000
2025-09-25,354.16,354.16,357.0,351.5,351.91,3336700
2025-09-26,360.37,360.37,360.72,352.78,353.71,3073000
2025-09-29,359.42,359.42,363.17,358.8,362.04,4075900
2025-09-30,352.75,352.75,362.0,349.9,360.54,5360700
2025-10-01,343.72,343.72,349.83,340.05,347.16,6505700
2025-10-02,351.48,351.48,351.73,342.42,343.76,3955400
2025-10-03,346.74,346.74,352.59,346.31,352.0,3122100
2025-10-06,350.14,350.14,357.34,342.04,346.93,5340200
2025-10-07,348.31,348.31,353.33,344.24,352.59,3275500
2025-10-08,348.77,348.77,354.05,347.52,350.0,3285000
2025-10-09,347.47,347.47,350.6,344.3,349.77,2895500
2025-10-10,337.51,337.51,348.72,336.94,347.91,4282400
2025-10-13,339.32,339.32,340.28,335.61,339.25,3020100
2025-10-14,335.94,335.94,338.82,332.72,335.22,3036900
2025-10-15,330.63,330.63,335.6,329.21,335.42,3929900
2025-10-16,329.23,329.23,336.65,327.5,333.86,4570900
2025-10-17,333.26,333.26,335.1,327.7,327.75,4035000
2025-10-20,343.4,343.4,344.2,334.25,334.64,3903200
2025-10-21,357.55,357.55,358.37,343.32,343.59,4389700
2025-10-22,354.09,354.09,360.19,352.87,355.48,3436000
2025-10-23,354.12,354.12,354.35,348.71,352.51,2408100
2025-10-24,353.52,353.52,358.1,353.29,357.21,2016900
2025-10-27,357.8,357.8,358.56,352.41,355.57,2828200
2025-10-28,359.91,359.91,363.7,357.8,360.0,3005600
2025-10-29,337.86,337.86,355.52,337.05,355.52,6746500
2025-10-30,339.24,339.24,344.7,333.1,338.2,4373200
2025-10-31,340.31,340.31,341.26,336.8,338.7,3763400
2025-11-03,337.47,337.47,342.46,332.88,340.31,3916600
2025-11-04,335.35,335.35,340.55,332.81,335.02,3694300
2025-11-05,335.53,335.53,336.84,331.24,332.61,2646700
2025-11-06,327.35,327.35,333.2,324.55,333.0,3888700
2025-11-07,326.95,326.95,331.01,323.03,325.83,4112600
2025-11-10,328.85,328.85,329.96,325.0,328.0,3087000
2025-11-11,333.22,333.22,334.0,329.13,329.5,2827200
2025-11-12,337.05,337.05,338.4,333.18,333.61,2990200
2025-11-13,333.6,333.6,340.0,332.8,335.01,3084600
2025-11-14,331.11,331.11,333.75,328.59,332.91,2761400
2025-11-17,325.07,325.07,332.38,324.43,331.11,3300000
2025-11-18,324.47,324.47,326.64,320.8,323.78,3286400
2025-11-19,318.11,318.11,323.36,315.18,323.18,3738400
2025-11-20,312.4,312.4,323.18,312.09,318.87,3884800
2025-11-21,324.19,324.19,327.75,311.59,313.57,4825400
2025-11-24,318.73,318.73,325.77,318.34,325.0,5414400
2025-11-25,319.55,319.55,321.52,315.57,317.77,3765000
2025-11-26,317.52,317.52,321.67,316.1,319.2,3025000
2025-11-28,320.13,320.13,322.31,317.52,317.8,1802200
2025-12-01,322.85,322.85,326.14,316.11,316.39,3651300
2025-12-02,322.81,322.81,325.96,318.08,321.62,3959500
2025-12-03,326.78,326.78,326.99,320.63,321.98,3082200
2025-12-04,328.73,328.73,330.89,324.12,328.57,3592300
2025-12-05,346.26,346.26,348.59,329.71,330.6,7650400
2025-12-08,339.12,339.12,348.48,338.06,347.45,4293600
2025-12-09,344.32,344.32,347.78,338.48,341.4,4267700
2025-12-10,343.13,343.13,347.92,340.57,342.13,6789900
2025-12-11,350.43,350.43,357.0,333.79,341.65,10158700
2025-12-12,356.43,356.43,362.71,349.09,351.54,5483900
2025-12-15,351.15,351.15,355.0,343.88,352.6,5480100
2025-12-16,347.89,347.89,355.86,345.43,350.0,4118200
2025-12-17,354.66,354.66,357.8,347.8,347.89,4371600
2025-12-18,355.81,355.81,358.34,351.36,355.87,3352700
2025-12-19,355.86,355.86,357.55,351.59,355.53,8706300
2025-12-22,357.53,357.53,359.57,354.7,355.59,2960800
2025-12-23,352.42,352.42,359.67,350.58,357.47,3052500
2025-12-24,352.98,352.98,354.75,351.11,352.21,1166500
2025-12-26,353.8,353.8,356.23,352.28,352.5,1455100
2025-12-29,353.16,353.16,356.68,351.16,353.37,2794000
2025-12-30,352.51,352.51,355.27,350.01,352.03,2252600
2025-12-31,349.99,349.99,352.88,349.69,351.01,2116200
2026-01-02,333.3,333.3,351.12,331.64,350.68,5643500
2026-01-05,331.56,331.56,334.47,327.44,330.11,5012100
2026-01-06,335.99,335.99,336.4,329.5,330.0,3187400
2026-01-07,338.1,338.1,342.78,334.62,336.24,3183100
2026-01-08,339.04,339.04,343.95,334.68,337.38,3107700
2026-01-09,333.95,333.95,335.88,328.0,335.88,3250100
2026-01-12,327.65,327.65,330.67,323.5,327.77,3541400
2026-01-13,309.93,309.93,323.0,307.91,322.49,7217300
2026-01-14,304.44,304.44,309.73,302.47,308.57,5712600
2026-01-15,304.09,304.09,305.82,301.4,304.97,4774300
2026-01-16,296.12,296.12,304.88,295.42,304.56,8534400
2026-01-20,290.37,290.37,295.0,288.33,294.32,6962000
2026-01-21,294.23,294.23,294.51,288.33,290.77,5645300
2026-01-22,299.73,299.73,301.82,295.2,296.0,4974500
2026-01-23,301.07,301.07,303.84,299.2,301.46,4368700
2026-01-26,304.72,304.72,306.3,301.4,301.4,4115300
2026-01-27,297.42,297.42,304.22,292.93,303.81,4166300
2026-01-28,299.58,299.58,303.85,297.69,299.66,3942800
2026-01-29,291.65,291.65,293.64,284.6,291.68,7410800
2026-01-30,293.25,293.25,295.34,290.51,291.6,5713000
2026-02-02,293.38,293.38,299.38,290.93,297.01,4357000
2026-02-03,271.93,271.93,284.34,271.02,282.74,8324900
2026-02-04,279.71,279.71,282.9,264.04,267.23,8554200
2026-02-05,269.39,269.39,281.95,268.43,277.49,6293600
2026-02-06,268.38,268.38,275.0,265.31,271.68,5448400
2026-02-09,266.9,266.9,269.2,262.95,267.05,6576300
2026-02-10,264.67,264.67,270.79,263.98,266.69,5718600
2026-02-11,257.16,257.16,264.2,255.71,263.08,8759900
2026-02-12,262.5,262.5,262.67,251.1,258.36,8657000
2026-02-13,263.97,263.97,265.29,257.5,262.17,6589700
2026-02-17,260.45,260.45,269.13,255.84,265.24,5208300
2026-02-18,263.17,263.17,263.5,257.14,260.45,5033200
2026-02-19,259.21,259.21,265.55,257.41,263.38,3616200
2026-02-20,258.61,258.61,262.08,254.36,255.0,6590800
2026-02-23,246.68,246.68,254.5,244.8,254.14,7602400
2026-02-24,255.17,255.17,258.25,244.28,245.57,5529100
2026-02-25,257.81,257.81,257.99,250.7,253.33,5108600
2026-02-26,259.04,259.04,263.67,256.6,261.59,6208100
2026-02-27,262.41,262.41,262.75,253.06,254.02,5098200
2026-03-02,260.88,260.88,264.22,257.06,257.6,3486900
2026-03-03,270.99,270.99,272.83,260.05,260.05,6206600
2026-03-04,273.12,273.12,276.67,270.34,271.51,4329200
2026-03-05,281.74,281.74,285.36,275.4,275.4,5822300
2026-03-06,283.62,283.62,283.85,276.05,280.28,4802300
2026-03-09,282.44,282.44,285.2,277.9,281.32,4728400
2026-03-10,275.13,275.13,282.4,268.37,281.82,4591600
2026-03-11,273.71,273.71,280.38,269.25,277.93,4862400
2026-03-12,269.78,269.78,276.28,269.2,273.35,10895000
2026-03-13,249.32,249.32,256.7,247.16,249.0,17406400
2026-03-16,251.86,251.86,256.37,244.55,248.25,11679200
2026-03-17,254.2,254.2,258.91,252.14,252.99,6456200
2026-03-18,246.0,246.0,254.49,245.18,252.46,7305600
2026-03-19,245.99,245.99,250.4,244.27,246.96,4459800
2026-03-20,248.15,248.15,249.09,241.0,242.8,10467300
2026-03-23,247.64,247.64,251.02,246.22,248.95,4080500
2026-03-24,238.87,238.87,246.2,237.38,245.91,6268300
2026-03-25,237.25,237.25,243.58,233.79,241.2,5441600
2026-03-26,240.88,240.88,243.95,234.28,234.92,4715300
2026-03-27,234.84,234.84,239.79,233.16,239.79,4429400
2026-03-30,241.13,241.13,243.28,236.73,236.78,4410200
2026-03-31,243.08,243.08,244.03,239.51,241.67,4575900
2026-04-01,241.37,241.37,243.48,235.0,241.96,3746700
2026-04-02,242.92,242.92,245.01,237.72,242.46,3588800
2026-04-06,244.36,244.36,246.7,240.23,242.84,2757700
2026-04-07,240.14,240.14,244.77,238.72,244.17,3331000
2026-04-08,239.31,239.31,247.44,237.99,244.3,4040100
2026-04-09,229.94,229.94,236.3,227.7,235.6,6802400
2026-04-10,225.35,225.35,231.04,224.13,229.9,5889200
2026-04-13,240.11,240.11,240.19,226.5,227.14,6115800
2026-04-14,235.72,235.72,244.01,233.0,241.99,6307500
2026-04-15,244.66,244.66,245.93,239.2,241.17,4749600
2026-04-16,248.16,248.16,254.51,245.78,253.05,5229500
2026-04-17,244.45,244.45,254.08,243.5,254.08,6194200
2026-04-20,248.63,248.63,251.63,245.34,249.49,5250000
2026-04-21,247.18,247.18,254.75,245.1,247.0,5779700
2026-04-22,255.94,255.94,258.75,251.9,254.8,7111000
2026-04-23,238.98,238.98,246.54,233.52,244.88,9617000
2026-04-24,245.44,245.44,245.66,238.42,239.77,6492900
2026-04-27,239.31,239.31,245.88,239.11,240.77,5067700
2026-04-28,243.2,243.2,245.26,241.16,242.13,4641700
2026-04-29,243.57,243.57,243.62,238.67,240.97,2664500
2026-04-30,246.1,246.1,246.68,236.28,240.1,5129100
2026-05-01,250.71,250.71,253.56,244.1,252.0,5068500
2026-05-04,253.96,253.96,255.88,247.34,249.99,5536900
2026-05-05,255.62,255.62,256.62,248.49,254.0,3952500
2026-05-06,250.17,250.17,254.4,248.28,252.02,4452100
2026-05-07,256.51,256.51,259.44,252.88,254.77,4479900
2026-05-08,253.04,253.04,253.37,246.1,252.9,3667500
2026-05-11,246.15,246.15,255.41,244.69,250.53,3225800
2026-05-12,240.83,240.83,247.58,240.4,247.0,3234000
2026-05-13,236.07,236.07,239.08,232.84,238.54,3870200
2026-05-14,237.01,237.01,238.24,231.74,236.24,4991700
2026-05-15,247.6,247.6,248.57,240.26,241.76,6421200
2026-05-18,255.64,255.64,256.19,245.24,247.31,5591800
2026-05-19,254.99,254.99,265.09,251.81,263.33,5854400
2026-05-20,253.37,253.37,253.69,246.21,250.28,4789600
2026-05-21,244.1,244.1,247.95,242.11,246.45,4131000
2026-05-22,244.76,244.76,249.77,242.71,245.89,3779300
2026-05-26,240.49,240.49,243.57,238.57,242.57,3211800
2026-05-27,238.24,238.24,244.24,237.28,237.76,3402000
2026-05-28,241.44,241.44,244.76,236.66,239.57,3386500
2026-05-29,259.21,259.21,260.63,244.66,245.23,10808900
2026-06-01,274.03,274.03,275.44,262.3,270.0,8535300
2026-06-02,262.11,262.11,272.03,260.05,267.98,5821800
2026-06-03,256.24,256.24,260.0,252.34,259.39,4871300
2026-06-04,258.42,258.42,265.94,258.33,263.02,5161900
2026-06-05,251.44,251.44,262.53,249.05,259.28,4909200
2026-06-08,244.99,244.99,250.74,244.25,249.06,4728000
2026-06-09,237.88,237.88,245.25,233.33,242.98,6747400
2026-06-10,233.38,233.38,238.51,231.74,233.02,5176900
2026-06-11,218.8,218.8,232.5,218.09,229.92,17786900
2026-06-12,204.02,204.02,205.65,196.9,202.4,25030700
2026-06-15,206.36,206.36,211.99,205.72,206.88,9676900
2026-06-16,207.32,207.32,210.8,203.84,205.38,7214600
2026-06-17,196.28,196.28,206.5,195.02,204.02,10731500
2026-06-18,195.16,195.16,196.78,190.12,193.6,15852500
2026-06-22,194.9,194.9,199.25,191.2,193.39,8282600
2026-06-23,197.43,197.43,200.55,195.35,197.96,6910500
2026-06-24,196.57,196.57,202.41,195.1,195.89,6947400
2026-06-25,193.41,193.41,199.3,191.8,193.0,6957500
2026-06-26,202.73,202.73,203.48,195.29,195.48,9172100
2026-06-29,206.43,206.43,209.54,204.34,206.67,7527300
2026-06-30,205.02,205.02,205.6,201.31,204.1,6269500
2026-07-01,210.98,210.98,213.66,207.06,209.43,5863800
2026-07-02,219.72,219.72,222.15,213.74,215.55,7903100
2026-07-06,218.07,218.07,219.76,212.9,216.1,4800200
2026-07-07,221.54,221.54,230.74,220.29,221.16,8615000
2026-07-08,220.94,220.94,222.5,216.93,221.39,4508400
2026-07-09,222.65,222.65,222.71,213.09,214.12,4552900
2026-07-10,223.64,223.64,228.4,222.82,226.5,3206800
2026-07-13,230.61,230.61,232.08,225.0,226.75,4624000
2026-07-14,220.78,220.78,224.2,218.0,221.16,5823400
2026-07-15,224.56,224.56,231.53,222.91,223.16,4771400
2026-07-16,235.31,235.31,235.48,222.04,228.71,5787300
2026-07-17,237.25,237.25,240.15,232.36,235.26,7269900
2026-07-20,234.74,234.74,236.66,227.5,235.67,5123700
2026-07-21,227.16,227.16,231.5,222.3,222.85,5060600
2026-07-22,218.36,218.36,229.66,218.0,229.66,4361300
2026-07-23,212.17,212.17,222.75,210.88,222.18,4363200
2026-07-24,225.11,225.11,226.93,216.15,216.5,4719900
2026-07-27,237.75,237.75,242.05,229.79,230.39,5541200
2026-07-28,249.18,249.18,254.06,241.69,242.85,8098700
2026-07-29,263.43,263.43,266.28,248.54,249.99,9881800
2026-07-30,247.9,247.9,255.3,242.42,251.5,6869000
2026-07-31,250.41,250.41,250.71,241.23,244.73,5587100
